,continent,country,renewables_cons,fossil_cons
117,Asia,Afghanistan,29.976,4.629
477,Africa,Algeria,15.353,1712.05
637,Africa,Angola,261.395,96.658
677,North America,Antigua and Barbuda,64.653,3400.0
797,South America,Argentina,761.914,2253.587
826,Asia,Armenia,764.346,916.699
1035,Oceania,Australia,1635.387,8318.493
1156,Europe,Austria,5788.568,1856.596
1197,Europe,Azerbaijan,198.883,2133.404
1238,North America,Bahamas,5.411,4890.052
1358,Asia,Bahrain,6.191,18387.885
1478,Asia,Bangladesh,8.19,423.446
1519,North America,Barbados,103.238,3419.58
1559,Europe,Belarus,82.751,3355.054
1680,Europe,Belgium,1388.529,2364.475
1721,North America,Belize,1033.601,42.553
1761,Africa,Benin,0.546,27.338
1841,Asia,Bhutan,10256.92,0.362
1961,Africa,Bolivia,216.296,603.32
1990,Europe,Bosnia and Herzegovina,1127.715,3484.057
2111,Africa,Botswana,2.268,1287.438
2231,South America,Brazil,2227.441,481.967
2512,Europe,Bulgaria,863.294,3271.942
2553,Africa,Burkina Faso,8.248,46.892
2673,Africa,Burundi,18.472,7.297
2768,Asia,Cambodia,172.609,247.081
2888,Africa,Cameroon,207.323,113.071
3008,North America,Canada,11899.597,3076.24
3126,Africa,Central African Republic,32.724,0.218
3462,Asia,China,1192.241,3171.239
3583,South America,Colombia,1273.025,315.21
3744,Africa,Congo,233.222,417.308
3824,North America,Costa Rica,2259.394,7.026
3972,Europe,Croatia,1701.1,1115.826
4093,North America,Cuba,69.23,1639.093
4148,Europe,Cyprus,368.823,3872.164
4562,Europe,Denmark,3805.479,1610.034
4603,Africa,Djibouti,0.53,58.263
4643,North America,Dominica,399.394,774.648
4683,North America,Dominican Republic,271.664,1444.826
4858,South America,Ecuador,1218.714,413.186
4978,Africa,Egypt,164.246,1650.894
5018,North America,El Salvador,563.992,199.75
5084,Africa,Eritrea,3.809,103.832
5119,Europe,Estonia,1365.575,8427.823
5277,Africa,Ethiopia,123.471,0.035
5566,Oceania,Fiji,637.867,551.881
5621,Europe,Finland,5711.615,2389.758
5742,Europe,France,1428.319,1003.982
5943,Africa,Gabon,451.676,607.7
5983,Africa,Gambia,1.4,136.856
6011,Europe,Georgia,2296.333,523.577
6131,Europe,Germany,2619.226,4296.015
6252,Africa,Ghana,192.473,181.312
6412,Europe,Greece,1305.804,3915.961
6573,North America,Grenada,29.595,1864.865
6773,North America,Guatemala,531.147,215.064
6813,Africa,Guinea,102.175,103.248
6893,South America,Guyana,24.964,1363.871
6933,North America,Haiti,11.54,79.432
6973,South America,Honduras,589.365,365.173
7148,Europe,Hungary,357.862,1358.993
7324,Asia,India,167.223,764.519
7445,Asia,Indonesia,121.194,790.67
7565,Asia,Iran,189.838,3320.633
7686,Asia,Iraq,58.883,2132.39
7806,Europe,Ireland,1868.155,4584.467
7927,Asia,Israel,209.738,7495.941
8047,Europe,Italy,1712.208,3122.349
8088,North America,Jamaica,174.598,1244.43
8208,Asia,Japan,1634.079,6060.469
8249,Asia,Jordan,142.857,1857.139
8289,Asia,Kazakhstan,641.593,4756.41
8330,Africa,Kenya,162.781,47.43
8510,Asia,Kuwait,16.519,16853.718
8538,Asia,Kyrgyzstan,2271.567,199.086
8613,Europe,Latvia,2799.436,1060.732
8654,Asia,Lebanon,67.143,2863.009
8734,Africa,Liberia,0.638,79.328
8894,Europe,Lithuania,892.062,288.278
8950,Europe,Luxembourg,1014.169,504.113
9111,Africa,Madagascar,32.481,54.222
9151,Africa,Malawi,108.374,9.734
9271,Asia,Malaysia,887.896,4132.887
9311,Asia,Maldives,5.04,1213.71
9351,Africa,Mali,84.757,93.177
9391,Europe,Malta,392.749,3378.358
9472,Africa,Mauritania,78.286,150.128
9512,Africa,Mauritius,492.88,1856.946
9632,North America,Mexico,405.067,1955.395
9956,Asia,Mongolia,133.638,1693.449
9977,Europe,Montenegro,1769.108,2038.662
10137,Africa,Morocco,130.302,710.0
10257,Africa,Mozambique,487.975,96.136
10407,Africa,Namibia,669.164,25.818
10687,Europe,Netherlands,1024.411,5657.605
10823,Oceania,New Zealand,7481.072,1658.094
10864,North America,Nicaragua,396.07,293.262
10984,Africa,Niger,0.278,23.802
11104,Africa,Nigeria,40.475,131.338
11385,Asia,North Korea,463.866,110.93
11572,Europe,Norway,27371.224,485.442
11810,Asia,Oman,0.857,7277.848
12315,Asia,Pakistan,163.311,405.174
12379,North America,Panama,1913.562,714.098
12459,South America,Paraguay,8703.779,0.274
12579,South America,Peru,973.159,652.446
12700,Asia,Philippines,219.562,636.191
12821,Europe,Poland,635.579,3841.781
12942,Europe,Portugal,2193.92,3413.727
13103,Asia,Qatar,45.271,15714.385
13263,Europe,Romania,1235.474,1432.093
13425,Africa,Rwanda,35.139,27.711
13545,North America,Saint Lucia,7.171,2077.348
13800,Africa,Senegal,34.529,255.56
13828,Europe,Serbia,1042.016,2890.58
13909,Africa,Sierra Leone,18.697,10.55
13964,Asia,Singapore,285.389,8359.874
14020,Europe,Slovakia,1198.972,1040.932
14051,Europe,Slovenia,2140.11,2562.876
14092,Oceania,Solomon Islands,11.355,154.088
14132,Africa,Somalia,1.179,22.62
14307,Africa,South Africa,176.792,3732.547
14428,Asia,South Korea,409.151,7234.538
14570,Europe,Spain,1884.88,2720.947
14626,Asia,Sri Lanka,215.543,480.989
14666,Africa,Sudan,230.098,142.682
14786,South America,Suriname,1632.559,1651.173
14906,Europe,Sweden,9596.971,350.429
14962,Europe,Switzerland,4573.794,84.484
15135,Asia,Taiwan,523.295,9215.839
15164,Asia,Tajikistan,1910.135,103.845
15405,Asia,Thailand,371.956,2117.737
15460,Africa,Togo,13.636,72.655
15555,South America,Trinidad and Tobago,3.613,6742.327
15675,Africa,Tunisia,52.392,1624.466
15796,Europe,Turkey,1066.017,2423.876
15837,Asia,Turkmenistan,0.521,3678.701
15949,Africa,Uganda,96.475,6.279
16069,Europe,Ukraine,242.515,1224.738
16125,Asia,United Arab Emirates,78.107,13258.986
16245,Europe,United Kingdom,1454.259,2485.602
16366,North America,United States,2165.914,7841.657
16484,South America,Uruguay,4089.031,62.083
16525,Asia,Uzbekistan,261.242,1555.588
16685,South America,Venezuela,2039.995,1380.907
17072,Asia,Yemen,6.574,139.337
17309,Africa,Zambia,738.356,110.821
17429,Africa,Zimbabwe,287.35,226.07
