,continent,country,renewables_cons,fossil_cons
118,Asia,Afghanistan,25.96,4.035
478,Africa,Algeria,17.283,1689.097
638,Africa,Angola,287.72,91.559
678,North America,Antigua and Barbuda,136.177,3385.417
798,South America,Argentina,785.446,2213.294
827,Asia,Armenia,784.492,1075.014
1036,Oceania,Australia,1785.003,8168.69
1157,Europe,Austria,5627.715,1683.725
1198,Europe,Azerbaijan,204.322,2189.586
1239,North America,Bahamas,9.049,4922.28
1359,Asia,Bahrain,5.895,17701.236
1479,Asia,Bangladesh,8.521,449.855
1520,North America,Barbados,129.951,3390.244
1560,Europe,Belarus,84.921,3796.594
1681,Europe,Belgium,1492.71,2425.048
1722,North America,Belize,1006.749,44.386
1762,Africa,Benin,0.453,16.124
1842,Asia,Bhutan,9138.809,0.053
1962,Africa,Bolivia,261.429,570.309
1991,Europe,Bosnia and Herzegovina,1951.209,3537.443
2112,Africa,Botswana,2.218,1315.333
2232,South America,Brazil,2343.679,405.826
2513,Europe,Bulgaria,1318.747,2994.067
2554,Africa,Burkina Faso,9.23,50.63
2674,Africa,Burundi,14.657,8.322
2769,Asia,Cambodia,293.534,194.132
2889,Africa,Cameroon,199.547,132.113
3009,North America,Canada,11587.728,3036.244
3127,Africa,Central African Republic,32.147,0.214
3463,Asia,China,1310.197,3384.097
3584,South America,Colombia,1225.402,350.326
3745,Africa,Congo,234.098,406.724
3825,North America,Costa Rica,2251.964,29.898
3973,Europe,Croatia,2353.537,906.256
4094,North America,Cuba,66.767,1664.69
4149,Europe,Cyprus,401.538,3854.616
4563,Europe,Denmark,3610.172,1670.876
4604,Africa,Djibouti,1.043,41.71
4644,North America,Dominica,349.694,541.667
4684,North America,Dominican Republic,253.882,1497.879
4859,South America,Ecuador,1230.228,440.618
4979,Africa,Egypt,172.162,1702.542
5019,North America,El Salvador,560.634,182.526
5085,Africa,Eritrea,13.032,122.774
5120,Europe,Estonia,1503.252,7839.002
5278,Africa,Ethiopia,123.328,0.046
5567,Oceania,Fiji,720.177,493.771
5622,Europe,Finland,5819.341,2724.77
5743,Europe,France,1744.818,763.661
5944,Africa,Gabon,427.084,596.649
5984,Africa,Gambia,1.36,135.965
6012,Europe,Georgia,2481.639,496.653
6132,Europe,Germany,2705.596,4048.169
6253,Africa,Ghana,201.804,196.166
6413,Europe,Greece,1534.73,3525.746
6574,North America,Grenada,31.486,1927.928
6774,North America,Guatemala,502.023,292.388
6814,Africa,Guinea,61.384,110.359
6894,South America,Guyana,24.294,1369.705
6934,North America,Haiti,17.624,71.664
6974,South America,Honduras,663.89,306.667
7149,Europe,Hungary,386.588,1275.134
7325,Asia,India,188.176,794.872
7446,Asia,Indonesia,183.56,822.882
7566,Asia,Iran,198.303,3285.622
7687,Asia,Iraq,48.312,1972.034
7807,Europe,Ireland,2115.495,4295.839
7928,Asia,Israel,215.806,7511.253
8048,Europe,Italy,1886.989,2853.122
8089,North America,Jamaica,185.349,1234.971
8209,Asia,Japan,1700.783,5679.247
8250,Asia,Jordan,219.545,1725.676
8290,Asia,Kazakhstan,607.918,4944.39
8331,Africa,Kenya,187.799,28.272
8511,Asia,Kuwait,20.305,16818.661
8539,Asia,Kyrgyzstan,2248.544,179.978
8614,Europe,Latvia,1814.577,1673.382
8655,Asia,Lebanon,61.018,2852.48
8735,Africa,Liberia,0.83,76.779
8895,Europe,Lithuania,787.076,195.002
8951,Europe,Luxembourg,1133.245,451.081
9112,Africa,Madagascar,38.376,48.285
9152,Africa,Malawi,80.324,9.48
9272,Asia,Malaysia,886.736,4186.406
9312,Asia,Maldives,4.845,1172.481
9352,Africa,Mali,75.859,109.185
9392,Europe,Malta,452.36,4017.05
9473,Africa,Mauritania,99.546,115.83
9513,Africa,Mauritius,511.247,1842.163
9633,North America,Mexico,427.978,1986.856
9957,Asia,Mongolia,144.211,1801.716
9978,Europe,Montenegro,3558.71,2327.548
10138,Africa,Morocco,179.892,723.948
10258,Africa,Mozambique,469.394,87.193
10408,Africa,Namibia,475.31,8.064
10688,Europe,Netherlands,1106.935,5390.724
10824,Oceania,New Zealand,7657.39,1451.718
10865,North America,Nicaragua,422.363,275.923
10985,Africa,Niger,1.069,24.376
11105,Africa,Nigeria,32.929,142.966
11386,Asia,North Korea,496.599,96.244
11573,Europe,Norway,26686.961,492.012
11811,Asia,Oman,0.828,7332.156
12316,Asia,Pakistan,208.302,426.372
12380,North America,Panama,2066.076,565.98
12460,South America,Paraguay,8527.932,0.27
12580,South America,Peru,1034.286,633.602
12701,Asia,Philippines,212.469,673.726
12822,Europe,Poland,570.043,3899.583
12943,Europe,Portugal,2866.816,2827.526
13104,Asia,Qatar,44.288,16189.152
13264,Europe,Romania,1342.899,1377.594
13426,Africa,Rwanda,31.459,27.475
13546,North America,Saint Lucia,17.374,2060.44
13801,Africa,Senegal,33.14,251.572
13829,Europe,Serbia,1227.151,2751.019
13910,Africa,Sierra Leone,23.522,10.458
13965,Asia,Singapore,289.684,8403.515
14021,Europe,Slovakia,1064.735,1085.091
14052,Europe,Slovenia,2516.977,2468.266
14093,Oceania,Solomon Islands,8.654,153.139
14133,Africa,Somalia,1.146,21.988
14308,Africa,South Africa,211.859,3702.536
14429,Asia,South Korea,501.759,7841.061
14571,Europe,Spain,2224.852,2403.744
14627,Asia,Sri Lanka,323.425,375.841
14667,Africa,Sudan,232.01,148.369
14787,South America,Suriname,1747.311,1532.396
14907,Europe,Sweden,9140.895,366.727
14963,Europe,Switzerland,4666.315,71.112
15136,Asia,Taiwan,533.405,9185.535
15165,Asia,Tajikistan,2000.886,139.229
15406,Asia,Thailand,432.05,2061.006
15461,Africa,Togo,0.882,46.231
15556,South America,Trinidad and Tobago,3.597,6235.108
15676,Africa,Tunisia,55.671,1632.503
15797,Europe,Turkey,1174.277,2352.397
15838,Asia,Turkmenistan,0.513,3620.236
15950,Africa,Uganda,97.794,6.424
16070,Europe,Ukraine,292.02,1292.006
16126,Asia,United Arab Emirates,136.019,13146.141
16246,Europe,United Kingdom,1610.475,2309.282
16367,North America,United States,2233.296,8151.584
16485,South America,Uruguay,4115.106,99.206
16526,Asia,Uzbekistan,179.975,1649.805
16686,South America,Venezuela,1995.552,1350.76
17073,Asia,Yemen,16.071,103.931
17310,Africa,Zambia,785.775,135.214
17430,Africa,Zimbabwe,360.205,272.319
