date,result,name,distance,profile,vert,startlist,points,top3
08.10,10,Il Lombardia (1.UWT) ,253.0,278.0,4852.0,1019,50.0,0
04.10,6,Tre Valli Varesine (1.Pro) ,196.3,152.0,3464.0,922,40.0,0
01.10,DNF,Giro dell'Emilia (1.Pro) ,198.7,266.0,3021.0,728,,0
11.09,4,Grand Prix Cycliste de Montréal (1.UWT) ,221.4,182.0,4124.0,864,90.0,0
09.09,7,Grand Prix Cycliste de Québec (1.UWT) ,201.6,60.0,2508.0,866,60.0,0
24.08 » 28.08,,Deutschland Tour (2.Pro) ,,,,458,,0
,7,Mountains classification ,,,,458,,0
,2,Points classification ,,,,458,,1
,1,General classification ,,,,458,150.0,1
28.08,5,Stage 4 - Schiltach › Stuttgart ,186.6,93.0,2586.0,458,4.0,0
27.08,1,Stage 3 - Freiburg  › Schauinsland ,148.9,203.0,2065.0,458,30.0,1
26.08,19,Stage 2 - Meiningen › Marburg ,200.7,87.0,2467.0,458,,0
25.08,50,Stage 1 - Weimar › Meiningen ,171.7,62.0,2103.0,458,,0
24.08,7,Prologue - Weimar › Weimar ,2.6,1.0,17.0,458,2.0,0
01.07 » 24.07,,Tour de France (2.UWT) ,,,,1550,,0
,33,Mountains classification ,,,,1550,,0
,43,Points classification ,,,,1550,,0
,9,General classification ,,,,1550,210.0,0
24.07,33,Stage 21 - Paris La Défense › Paris (Champs-Élysées) ,115.6,13.0,748.0,1550,,0
23.07,64,Stage 20 (ITT) - Lacapelle-Marival › Rocamadour ,40.7,39.0,434.0,1550,,0
22.07,30,Stage 19 - Castelnau-Magnoac › Cahors ,188.3,35.0,1316.0,1550,,0
21.07,13,Stage 18 - Lourdes › Hautacam ,143.2,408.0,4036.0,1550,4.0,0
20.07,20,Stage 17 - Saint-Gaudens › Peyragudes ,129.7,324.0,3364.0,1550,,0
19.07,22,Stage 16 - Carcassonne › Foix ,178.5,204.0,3418.0,1550,,0
17.07,33,Stage 15 - Rodez › Carcassonne ,202.5,64.0,2416.0,1550,,0
16.07,27,Stage 14 - Saint-Etienne › Mende ,192.5,170.0,3441.0,1550,,0
15.07,27,Stage 13 - Bourg d'Oisans › Saint-Etienne ,192.6,78.0,2109.0,1550,,0
14.07,12,Stage 12 - Briançon › L'Alpe d'Huez ,165.1,389.0,4660.0,1550,6.0,0
13.07,5,Stage 11 - Albertville › Col du Granon ,151.7,400.0,4070.0,1550,32.0,0
12.07,24,Stage 10 - Morzine › Megève ,148.1,143.0,2733.0,1550,,0
10.07,8,Stage 9 - Aigle › Châtel les portes du Soleil ,192.9,223.0,3743.0,1550,18.0,0
09.07,17,Stage 8 - Dole › Lausanne ,186.3,87.0,2556.0,1550,,0
08.07,9,Stage 7 - Tomblaine › La Super Planche des Belles Filles ,176.3,192.0,2526.0,1550,14.0,0
07.07,11,Stage 6 - Binche › Longwy ,219.9,85.0,2477.0,1550,8.0,0
06.07,31,Stage 5 - Lille › Wallers-Arenberg ,157.0,1.0,601.0,1550,,0
05.07,79,Stage 4 - Dunkerque › Calais ,171.5,63.0,1785.0,1550,,0
03.07,47,Stage 3 - Vejle › Sønderborg ,182.0,16.0,1280.0,1550,,0
02.07,20,Stage 2 - Roskilde › Nyborg ,202.2,11.0,1149.0,1550,,0
01.07,13,Stage 1 (ITT) - Copenhagen › Copenhagen ,13.2,0.0,21.0,1550,4.0,0
12.06 » 19.06,,Tour de Suisse (2.UWT) ,,195.0,2610.0,767,,0
16.06,DNS,Stage 5 - Ambri › Novazzano ,190.1,195.0,2610.0,767,,0
15.06,38,Stage 4 - Grenchen › Brunnen ,190.8,82.0,2062.0,767,,0
14.06,33,Stage 3 - Aesch › Grenchen ,176.9,119.0,3125.0,767,,0
13.06,52,Stage 2 - Küsnacht › Aesch ,198.0,123.0,2746.0,767,,0
12.06,11,Stage 1 - Küsnacht › Küsnacht  ,177.6,135.0,2746.0,767,,0
04.04 » 09.04,,Itzulia Basque Country (2.UWT) ,,275.0,3636.0,742,,0
09.04,DNF,Stage 6 - Eibar › Arrate ,135.7,275.0,3636.0,742,,0
08.04,12,Stage 5 - Zamudio › Mallabia ,163.76,184.0,3485.0,742,,0
07.04,20,Stage 4 - Vitoria-Gasteiz › Zamudio ,185.6,154.0,2703.0,742,,0
06.04,16,Stage 3 - Llodio › Amurrio ,181.7,186.0,3278.0,742,,0
05.04,7,Stage 2 - Leitza › Viana ,207.92,77.0,2625.0,742,4.0,0
04.04,5,Stage 1 (ITT) - Hondarribia › Hondarribia ,7.51,7.0,100.0,742,10.0,0
06.03 » 13.03,,Paris - Nice (2.UWT) ,,,,1183,,0
,15,Points classification ,,,,1183,,0
,4,General classification ,,,,1183,140.0,0
13.03,8,Stage 8 - Nice › Nice ,115.6,184.0,2436.0,1183,3.0,0
12.03,8,Stage 7 - Nice › Col de Turini ,155.2,303.0,3582.0,1183,3.0,0
11.03,30,Stage 6 - Courthézon › Aubagne ,213.6,97.0,2878.0,1183,,0
10.03,16,Stage 5 - Saint-Just-Saint-Rambert › Saint-Sauveur-de-Montagut ,188.8,188.0,3408.0,1183,,0
09.03,19,Stage 4 (ITT) - Domérat › Montluçon ,13.4,18.0,188.0,1183,,0
08.03,38,Stage 3 - Vierzon › Dun-le-Palestel ,190.8,63.0,1929.0,1183,,0
07.03,23,Stage 2 - Auffargis › Orléans ,159.2,8.0,707.0,1183,,0
06.03,43,Stage 1 - Mantes-la-Ville › Mantes-la-Ville ,159.8,56.0,1723.0,1183,,0
20.02 » 26.02,,UAE Tour (2.UWT) ,,,,607,,0
,4,Points classification ,,,,607,,0
,2,General classification ,,,,607,190.0,1
26.02,2,Stage 7 - Al Ain › Jebel Hafeet ,148.0,133.0,1364.0,607,30.0,1
25.02,39,Stage 6 - Expo 2020 Dubai › Expo 2020 Dubai  ,180.0,0.0,388.0,607,,0
24.02,27,Stage 5 - Ras al Khaimah Corniche › Al Marjan Island  ,182.0,2.0,544.0,607,,0
23.02,2,Stage 4 - Fujairah Fort › Jebel Jais ,181.0,188.0,2646.0,607,30.0,1
22.02,12,Stage 3 (ITT) - Ajman › Ajman ,9.0,0.0,9.0,607,,0
21.02,45,Stage 2 - Hudayriyat Island › Abu Dhabi Breakwater ,176.0,1.0,337.0,607,,0
20.02,44,Stage 1 - Madinat Zayed › Madinat Zayed ,184.0,20.0,1303.0,607,,0
