date,result,name,distance,profile,vert,startlist,points,top3
16.10,14,Chrono des Nations (1.1) ,45.43,6.0,333.0,98,7.0,0
08.10,DNF,Il Lombardia (1.UWT) ,253.0,278.0,4852.0,1019,,0
06.10,5,Gran Piemonte (1.Pro) ,198.0,44.0,1426.0,424,45.0,0
04.10,DNF,Tre Valli Varesine (1.Pro) ,196.3,152.0,3464.0,922,,0
29.09,65,Coppa Agostoni - Giro delle Brianze (1.1) ,193.0,121.0,3189.0,358,,0
25.09,8,World Championships ME - Road Race (WC) ,266.9,160.0,4167.0,1053,90.0,0
11.09,47,Grand Prix Cycliste de Montréal (1.UWT) ,221.4,182.0,4124.0,864,5.0,0
09.09,8,Grand Prix Cycliste de Québec (1.UWT) ,201.6,60.0,2508.0,866,50.0,0
24.08 » 28.08,,Deutschland Tour (2.Pro) ,,,,458,,0
,9,Points classification ,,,,458,,0
,11,General classification ,,,,458,36.0,0
28.08,7,Stage 4 - Schiltach › Stuttgart ,186.6,93.0,2586.0,458,2.0,0
27.08,16,Stage 3 - Freiburg  › Schauinsland ,148.9,203.0,2065.0,458,,0
26.08,3,Stage 2 - Meiningen › Marburg ,200.7,87.0,2467.0,458,12.0,1
25.08,20,Stage 1 - Weimar › Meiningen ,171.7,62.0,2103.0,458,,0
24.08,8,Prologue - Weimar › Weimar ,2.6,1.0,17.0,458,1.0,0
21.08,17,BEMER Cyclassics (1.UWT) ,204.7,30.0,892.0,651,18.0,0
31.07,DNF,Circuito de Getxo - Memorial Hermanos Otxoa (1.1) ,196.5,121.0,2378.0,276,,0
30.07,DNF,Donostia San Sebastian Klasikoa (1.UWT) ,224.8,231.0,4147.0,724,,0
01.07 » 24.07,,Tour de France (2.UWT) ,,,,1550,,0
,40,Mountains classification ,,,,1550,,0
,17,Points classification ,,,,1550,,0
,40,General classification ,,,,1550,25.0,0
24.07,30,Stage 21 - Paris La Défense › Paris (Champs-Élysées) ,115.6,13.0,748.0,1550,,0
23.07,14,Stage 20 (ITT) - Lacapelle-Marival › Rocamadour ,40.7,39.0,434.0,1550,2.0,0
22.07,11,Stage 19 - Castelnau-Magnoac › Cahors ,188.3,35.0,1316.0,1550,8.0,0
21.07,75,Stage 18 - Lourdes › Hautacam ,143.2,408.0,4036.0,1550,,0
20.07,91,Stage 17 - Saint-Gaudens › Peyragudes ,129.7,324.0,3364.0,1550,,0
19.07,67,Stage 16 - Carcassonne › Foix ,178.5,204.0,3418.0,1550,,0
17.07,62,Stage 15 - Rodez › Carcassonne ,202.5,64.0,2416.0,1550,,0
16.07,2,Stage 14 - Saint-Etienne › Mende  154k,192.5,170.0,3441.0,1550,70.0,1
15.07,87,Stage 13 - Bourg d'Oisans › Saint-Etienne ,192.6,78.0,2109.0,1550,,0
14.07,93,Stage 12 - Briançon › L'Alpe d'Huez ,165.1,389.0,4660.0,1550,,0
13.07,83,Stage 11 - Albertville › Col du Granon ,151.7,400.0,4070.0,1550,,0
12.07,18,Stage 10 - Morzine › Megève  86k,148.1,143.0,2733.0,1550,,0
10.07,73,Stage 9 - Aigle › Châtel les portes du Soleil ,192.9,223.0,3743.0,1550,,0
09.07,5,Stage 8 - Dole › Lausanne ,186.3,87.0,2556.0,1550,32.0,0
08.07,57,Stage 7 - Tomblaine › La Super Planche des Belles Filles ,176.3,192.0,2526.0,1550,,0
07.07,59,Stage 6 - Binche › Longwy ,219.9,85.0,2477.0,1550,,0
06.07,103,Stage 5 - Lille › Wallers-Arenberg ,157.0,1.0,601.0,1550,,0
05.07,123,Stage 4 - Dunkerque › Calais ,171.5,63.0,1785.0,1550,,0
03.07,91,Stage 3 - Vejle › Sønderborg ,182.0,16.0,1280.0,1550,,0
02.07,97,Stage 2 - Roskilde › Nyborg ,202.2,11.0,1149.0,1550,,0
01.07,46,Stage 1 (ITT) - Copenhagen › Copenhagen ,13.2,0.0,21.0,1550,,0
12.06 » 19.06,,Tour de Suisse (2.UWT) ,,304.0,4155.0,767,,0
17.06,DNS,Stage 6 - Locarno › Moosalp ,177.5,304.0,4155.0,767,,0
16.06,74,Stage 5 - Ambri › Novazzano ,190.1,195.0,2610.0,767,,0
15.06,4,Stage 4 - Grenchen › Brunnen ,190.8,82.0,2062.0,767,13.0,0
14.06,10,Stage 3 - Aesch › Grenchen ,176.9,119.0,3125.0,767,1.0,0
13.06,2,Stage 2 - Küsnacht › Aesch ,198.0,123.0,2746.0,767,30.0,1
12.06,56,Stage 1 - Küsnacht › Küsnacht  ,177.6,135.0,2746.0,767,,0
24.04,69,Liège-Bastogne-Liège (1.UWT) ,257.2,182.0,4342.0,1101,5.0,0
20.04,127,La Flèche Wallonne (1.UWT) ,202.1,173.0,3160.0,974,5.0,0
13.04,DNF,De Brabantse Pijl - La Flèche Brabançonne (1.Pro) ,205.1,71.0,2034.0,534,,0
10.04,95,Amstel Gold Race (1.UWT) ,254.1,112.0,3460.0,702,5.0,0
03.04,DNF,Ronde van Vlaanderen - Tour des Flandres ME (1.UWT) ,272.5,79.0,2289.0,759,,0
30.03,DNF,Dwars door Vlaanderen - A travers la Flandre ME (1.UWT) ,183.7,50.0,1649.0,647,,0
22.03 » 26.03,,Settimana Internazionale Coppi e Bartali (2.1) ,,,,253,,0
,63,General classification ,,,,253,,0
26.03,46,Stage 5 - Casalguidi › Cantagrillo ,160.0,143.0,2051.0,253,,0
25.03,58,Stage 4 - Montecatini › Montecatini ,158.7,97.0,2446.0,253,,0
24.03,84,Stage 3 - San Marino › San Marino ,147.0,326.0,3963.0,253,,0
23.03,52,Stage 2 - Riccione › Longiano ,165.9,162.0,2686.0,253,,0
22.03,103,Stage 1 - Riccione › Riccione ,164.6,155.0,2969.0,253,,0
19.03,131,Milano-Sanremo (1.UWT) ,293.0,63.0,2096.0,936,5.0,0
16.03,39,Milano - Torino (1.Pro) ,199.0,21.0,1166.0,405,,0
02.02 » 06.02,,Etoile de Bessèges - Tour du Gard (2.1) ,,,,366,,0
,23,Mountains classification ,,,,366,,0
,3,Points classification ,,,,366,,1
,2,General classification ,,,,366,70.0,1
06.02,6,Stage 5 (ITT) - Alès › Alès l'Ermitage ,10.64,20.0,171.0,366,3.0,0
05.02,10,Stage 4 - Saint-Hilaire-de-Brethmas › Le Mont Bouquet ,146.71,108.0,1817.0,366,,0
04.02,2,Stage 3 - Bessèges › Bessèges ,155.65,76.0,2051.0,366,12.0,1
03.02,5,Stage 2 - Saint-Christol-lèz-Alès › Rousson ,156.21,67.0,1702.0,366,4.0,0
02.02,4,Stage 1 - Bellegarde › Bellegarde ,160.86,18.0,538.0,366,5.0,0
30.01,10,Grand Prix Cycliste de Marseille La Marseillaise (1.1) ,174.3,120.0,2921.0,325,14.0,0
