date,result,name,distance,profile,vert,startlist,points,top3
08.10,6,Il Lombardia (1.UWT) ,253.0,278.0,4852.0,1019,90.0,0
04.10,3,Tre Valli Varesine (1.Pro) ,196.3,152.0,3464.0,922,60.0,1
01.10,4,Giro dell'Emilia (1.Pro) ,198.7,266.0,3021.0,728,50.0,0
29.09,2,Coppa Agostoni - Giro delle Brianze (1.1) ,193.0,121.0,3189.0,358,55.0,1
19.08 » 11.09,,La Vuelta ciclista a España (2.UWT) ,,,,970,,0
,47,Mountains classification ,,,,970,,0
,89,Points classification ,,,,970,,0
,13,General classification ,,,,970,120.0,0
11.09,33,Stage 21 - Las Rozas › Madrid ,96.7,10.0,773.0,970,,0
10.09,12,Stage 20 - Moralzarzal › Puerto de Navacerrada  126k,181.0,216.0,3977.0,970,4.0,0
09.09,35,Stage 19 - Talavera de la Reina › Talavera de la Reina ,138.3,101.0,2278.0,970,,0
08.09,30,Stage 18 - Trujillo › Alto del Piornal ,192.0,214.0,3680.0,970,,0
07.09,25,Stage 17 - Aracena › Monasterio de Tentudía ,162.3,161.0,2755.0,970,,0
06.09,84,Stage 16 - Sanlúcar de Barrameda › Tomares ,189.4,28.0,1076.0,970,,0
04.09,18,Stage 15 - Martos › Sierra Nevada ,152.6,407.0,4033.0,970,,0
03.09,15,Stage 14 - Montoro › Sierra de La Pandera ,160.3,278.0,3312.0,970,1.0,0
02.09,44,Stage 13 - Ronda › Montilla ,168.4,54.0,1766.0,970,,0
01.09,31,Stage 12 - Salobreña › Peñas Blancas. Estepona ,192.7,273.0,3238.0,970,,0
31.08,47,Stage 11 - ElPozo Alimentación › Cabo de Gata ,191.2,38.0,1592.0,970,,0
30.08,51,Stage 10 (ITT) - Elche › Alicante ,30.9,4.0,179.0,970,,0
28.08,14,Stage 9 - Villaviciosa › Les Praeres. Nava ,171.4,242.0,3675.0,970,2.0,0
27.08,18,Stage 8 - La Pola Llaviana/Pola de Laviana › Colláu Fancuaya ,153.4,335.0,3741.0,970,,0
26.08,71,Stage 7 - Camargo › Cistierna ,190.0,112.0,3359.0,970,,0
25.08,22,Stage 6 - Bilbao › Ascensión al Pico Jano. San Miguel de Aguayo ,181.2,294.0,4120.0,970,,0
24.08,59,Stage 5 - Irún › Bilbao ,187.2,162.0,2978.0,970,,0
23.08,40,Stage 4 - Vitoria-Gasteiz › Laguardia ,152.5,133.0,2319.0,970,,0
21.08,101,Stage 3 - Breda › Breda ,193.2,0.0,255.0,970,,0
20.08,150,Stage 2 - 's-Hertogenbosch › Utrecht ,175.1,10.0,518.0,970,,0
19.08,10,Stage 1 (TTT) - Utrecht › Utrecht ,23.3,0.0,31.0,970,,0
02.08 » 06.08,,Vuelta a Burgos (2.Pro) ,,,,356,,0
,16,Points classification ,,,,356,,0
,17,General classification ,,,,356,14.0,0
06.08,16,Stage 5 - Lermas › Lagunas de Neila ,170.0,196.0,2792.0,356,,0
05.08,31,Stage 4 - Torresandino › Ciudad Romana de Clunia ,169.0,29.0,1361.0,356,,0
04.08,3,Stage 3 - Quintana Martín Galíndez › Villarcayo ,156.0,155.0,2324.0,356,12.0,1
03.08,69,Stage 2 - Vivar del Cid › Villadiego ,158.0,39.0,1659.0,356,,0
02.08,67,Stage 1 - Burgos › Burgos ,157.0,45.0,1521.0,356,,0
31.07,9,Circuito de Getxo - Memorial Hermanos Otxoa (1.1) ,196.5,121.0,2378.0,276,16.0,0
30.07,DNF,Donostia San Sebastian Klasikoa (1.UWT) ,224.8,231.0,4147.0,724,,0
16.06 » 19.06,,La Route d'Occitanie - La Dépêche du Midi (2.1) ,,,,298,,0
,16,Mountains classification ,,,,298,,0
,11,Points classification ,,,,298,,0
,4,General classification ,,,,298,36.0,0
19.06,7,Stage 4 - Les Angles › Auterive ,188.3,63.0,1939.0,298,2.0,0
18.06,4,Stage 3 - Sigean › Les Angles ,188.7,268.0,4503.0,298,5.0,0
17.06,41,Stage 2 - Belmont-sur-Rance › Roquefort-sur-Soulzon ,33.6,97.0,2557.0,298,,0
16.06,80,Stage 1 - Séméac › L'Isle Jourdain ,174.4,51.0,1708.0,298,,0
14.06,21,Mont Ventoux Dénivelé Challenge (1.1) ,154.0,394.0,4521.0,260,,0
06.05 » 29.05,,Giro d'Italia (2.UWT) ,,,,816,,0
,31,Mountains classification ,,,,816,,0
,44,Points classification ,,,,816,,0
,11,General classification ,,,,816,140.0,0
29.05,92,Stage 21 (ITT) - Verona › Verona ,17.4,30.0,317.0,816,,0
28.05,24,Stage 20 - Belluno › Marmolada (Passo Fedaia) ,168.0,392.0,4718.0,816,,0
27.05,15,Stage 19 - Marano Lagunare › Santuario di Castelmonte ,178.0,262.0,3489.0,816,1.0,0
26.05,27,Stage 18 - Borgo Valsugana › Treviso ,156.0,34.0,1219.0,816,,0
25.05,31,Stage 17 - Ponte di Legno › Lavarone ,168.0,347.0,3950.0,816,,0
24.05,5,Stage 16 - Salò › Aprica  158k,202.0,376.0,5268.0,816,18.0,0
22.05,24,Stage 15 - Rivarolo Canavese › Cogne ,177.0,301.0,4019.0,816,,0
21.05,12,Stage 14 - Santena › Torino ,147.0,247.0,3167.0,816,4.0,0
20.05,37,Stage 13 - Sanremo › Cuneo ,150.0,51.0,1817.0,816,,0
19.05,61,Stage 12 - Parma › Genova ,204.0,112.0,2867.0,816,,0
18.05,60,Stage 11 - Santarcangelo di Romagna › Reggio Emilia ,203.0,0.0,369.0,816,,0
17.05,17,Stage 10 - Pescara › Jesi ,196.0,86.0,1764.0,816,,0
15.05,9,Stage 9 - Isernia › Blockhaus ,191.0,458.0,5080.0,816,8.0,0
14.05,25,Stage 8 - Napoli › Napoli ,153.0,123.0,2243.0,816,,0
13.05,9,Stage 7 - Diamante › Potenza ,196.0,246.0,4730.0,816,8.0,0
12.05,114,Stage 6 - Palmi › Scalea ,192.0,49.0,1498.0,816,,0
11.05,57,Stage 5 - Catania › Messina ,174.0,31.0,1968.0,816,,0
10.05,12,Stage 4 - Avola › Etna ,172.0,251.0,3626.0,816,4.0,0
08.05,131,Stage 3 - Kaposvár › Balatonfüred ,201.0,7.0,1150.0,816,,0
07.05,55,Stage 2 (ITT) - Budapest › Budapest ,9.2,8.0,81.0,816,,0
06.05,26,Stage 1 - Budapest › Visegrád ,195.0,51.0,1390.0,816,,0
24.04,7,Liège-Bastogne-Liège (1.UWT) ,257.2,182.0,4342.0,1101,80.0,0
20.04,2,La Flèche Wallonne (1.UWT) ,202.1,173.0,3160.0,974,150.0,1
21.03 » 27.03,,Volta Ciclista a Catalunya (2.UWT) ,,90.0,2706.0,722,,0
26.03,DNS,Stage 6 - Salou › Cambrils ,168.6,90.0,2706.0,722,,0
25.03,67,Stage 5 - La Pobla de Segur › Vilanova i la Geltrú ,206.3,57.0,2478.0,722,,0
24.03,54,Stage 4 - La Seu d'Urgell › Boí Taüll ,166.7,221.0,3538.0,722,,0
23.03,18,Stage 3 - Perpignan › La Molina ,161.1,175.0,3394.0,722,,0
22.03,31,Stage 2 - L'Escala › Perpignan ,202.4,57.0,2166.0,722,,0
21.03,35,Stage 1 - Sant Feliu de Guíxols › Sant Feliu de Guíxols ,171.2,58.0,1688.0,722,,0
05.03,2,Strade Bianche (1.UWT) ,184.0,167.0,3107.0,662,150.0,1
24.02 » 27.02,,Gran Camiño (2.1) ,,,,215,,0
,3,Mountains classification ,,,,215,,1
,1,Points classification ,,,,215,,1
,1,General classification ,,,,215,100.0,1
27.02,3,Stage 4 (ITT) - Sarria  › Sarria  ,15.8,20.0,208.0,215,7.0,1
26.02,1,Stage 3 - Maceda  › Luintra ,148.4,251.0,2669.0,215,20.0,1
25.02,2,Stage 2 - Bertamiráns  › Mirador do Ézaro ,177.6,146.0,3006.0,215,12.0,1
24.02,3,Stage 1 - O Porriño › Vigo ,165.0,60.0,1993.0,215,7.0,1
02.02 » 06.02,,Volta a la Comunitat Valenciana (2.Pro) ,,,,610,,0
,21,Mountains classification ,,,,610,,0
,14,Points classification ,,,,610,,0
,5,General classification ,,,,610,70.0,0
06.02,47,Stage 5 - Paterna › Valencia ,92.0,12.0,706.0,610,,0
05.02,42,Stage 4 - Orihuela › Torrevieja  ,193.1,19.0,1237.0,610,,0
04.02,5,Stage 3 - Alicante › Antenas del Maigmó ,155.1,286.0,3628.0,610,4.0,0
03.02,20,Stage 2 - Bétera › Torrent ,171.5,83.0,2429.0,610,,0
02.02,7,Stage 1 - Les Alqueries › Torralba del Pinar ,166.7,162.0,3164.0,610,2.0,0
29.01,1,Trofeo Pollença - Port d'Andratx (1.1) ,170.1,207.0,3429.0,366,75.0,1
28.01,2,Trofeo Serra de Tramuntana (1.1) ,158.9,170.0,3217.0,352,55.0,1
26.01,6,Trofeo Calvia (1.1) ,154.7,154.0,3211.0,305,24.0,0
