date,result,name,distance,profile,vert,startlist,points,top3
08.10,18,Il Lombardia (1.UWT) ,253.0,278.0,4852.0,1019,24.0,0
04.10,19,Tre Valli Varesine (1.Pro) ,196.3,152.0,3464.0,922,7.0,0
01.10,24,Giro dell'Emilia (1.Pro) ,198.7,266.0,3021.0,728,2.0,0
15.09,5,Coppa Sabatini - Gran Premio città di Peccioli (1.Pro) ,198.9,113.0,2519.0,319,45.0,0
01.07 » 24.07,,Tour de France (2.UWT) ,,,,1550,,0
,26,Points classification ,,,,1550,,0
,5,General classification ,,,,1550,280.0,0
24.07,24,Stage 21 - Paris La Défense › Paris (Champs-Élysées) ,115.6,13.0,748.0,1550,,0
23.07,18,Stage 20 (ITT) - Lacapelle-Marival › Rocamadour ,40.7,39.0,434.0,1550,,0
22.07,12,Stage 19 - Castelnau-Magnoac › Cahors ,188.3,35.0,1316.0,1550,6.0,0
21.07,9,Stage 18 - Lourdes › Hautacam ,143.2,408.0,4036.0,1550,14.0,0
20.07,8,Stage 17 - Saint-Gaudens › Peyragudes ,129.7,324.0,3364.0,1550,18.0,0
19.07,6,Stage 16 - Carcassonne › Foix  145k,178.5,204.0,3418.0,1550,26.0,0
17.07,16,Stage 15 - Rodez › Carcassonne ,202.5,64.0,2416.0,1550,,0
16.07,28,Stage 14 - Saint-Etienne › Mende ,192.5,170.0,3441.0,1550,,0
15.07,21,Stage 13 - Bourg d'Oisans › Saint-Etienne ,192.6,78.0,2109.0,1550,,0
14.07,17,Stage 12 - Briançon › L'Alpe d'Huez ,165.1,389.0,4660.0,1550,,0
13.07,11,Stage 11 - Albertville › Col du Granon ,151.7,400.0,4070.0,1550,8.0,0
12.07,31,Stage 10 - Morzine › Megève ,148.1,143.0,2733.0,1550,,0
10.07,26,Stage 9 - Aigle › Châtel les portes du Soleil ,192.9,223.0,3743.0,1550,,0
09.07,6,Stage 8 - Dole › Lausanne ,186.3,87.0,2556.0,1550,26.0,0
08.07,25,Stage 7 - Tomblaine › La Super Planche des Belles Filles ,176.3,192.0,2526.0,1550,,0
07.07,15,Stage 6 - Binche › Longwy ,219.9,85.0,2477.0,1550,1.0,0
06.07,17,Stage 5 - Lille › Wallers-Arenberg ,157.0,1.0,601.0,1550,,0
05.07,20,Stage 4 - Dunkerque › Calais ,171.5,63.0,1785.0,1550,,0
03.07,18,Stage 3 - Vejle › Sønderborg ,182.0,16.0,1280.0,1550,,0
02.07,57,Stage 2 - Roskilde › Nyborg ,202.2,11.0,1149.0,1550,,0
01.07,21,Stage 1 (ITT) - Copenhagen › Copenhagen ,13.2,0.0,21.0,1550,,0
12.06 » 19.06,,Tour de Suisse (2.UWT) ,,304.0,4155.0,767,,0
17.06,DNS,Stage 6 - Locarno › Moosalp ,177.5,304.0,4155.0,767,,0
16.06,1,Stage 5 - Ambri › Novazzano ,190.1,195.0,2610.0,767,50.0,1
15.06,19,Stage 4 - Grenchen › Brunnen ,190.8,82.0,2062.0,767,,0
14.06,31,Stage 3 - Aesch › Grenchen ,176.9,119.0,3125.0,767,,0
13.06,36,Stage 2 - Küsnacht › Aesch ,198.0,123.0,2746.0,767,,0
12.06,12,Stage 1 - Küsnacht › Küsnacht  ,177.6,135.0,2746.0,767,,0
26.04 » 01.05,,Tour de Romandie (2.UWT) ,,,,506,,0
,2,Points classification ,,,,506,,1
,1,General classification ,,,,506,250.0,1
01.05,1,Stage 5 (ITT) - Aigle › Villars ,15.84,172.0,884.0,506,50.0,1
30.04,2,Stage 4 - Aigle › Zinal (Val d'Anniviers) ,180.1,276.0,4158.0,506,30.0,1
29.04,12,Stage 3 - Valbroye › Valbroye ,165.1,107.0,2441.0,506,,0
28.04,4,Stage 2 - Échallens › Échallens ,168.2,83.0,2327.0,506,13.0,0
27.04,4,Stage 1 - La Grande Beroche › Romont ,178.0,115.0,2729.0,506,13.0,0
26.04,18,Prologue - Lausanne › Lausanne ,5.12,0.0,39.0,506,,0
24.04,14,Liège-Bastogne-Liège (1.UWT) ,257.2,182.0,4342.0,1101,34.0,0
20.04,3,La Flèche Wallonne (1.UWT) ,202.1,173.0,3160.0,974,110.0,1
04.04 » 09.04,,Itzulia Basque Country (2.UWT) ,,,,742,,0
,11,Mountains classification ,,,,742,,0
,4,Points classification ,,,,742,,0
,3,General classification ,,,,742,160.0,1
09.04,2,Stage 6 - Eibar › Arrate ,135.7,275.0,3636.0,742,30.0,1
08.04,7,Stage 5 - Zamudio › Mallabia ,163.76,184.0,3485.0,742,4.0,0
07.04,9,Stage 4 - Vitoria-Gasteiz › Zamudio ,185.6,154.0,2703.0,742,2.0,0
06.04,3,Stage 3 - Llodio › Amurrio ,181.7,186.0,3278.0,742,18.0,1
05.04,22,Stage 2 - Leitza › Viana ,207.92,77.0,2625.0,742,,0
04.04,6,Stage 1 (ITT) - Hondarribia › Hondarribia ,7.51,7.0,100.0,742,7.0,0
02.04,2,Gran Premio Miguel Indurain (1.Pro) ,190.0,114.0,2878.0,372,85.0,1
06.03 » 13.03,,Paris - Nice (2.UWT) ,,184.0,2436.0,1183,,0
13.03,DNF,Stage 8 - Nice › Nice ,115.6,184.0,2436.0,1183,,0
12.03,12,Stage 7 - Nice › Col de Turini ,155.2,303.0,3582.0,1183,,0
11.03,31,Stage 6 - Courthézon › Aubagne ,213.6,97.0,2878.0,1183,,0
10.03,11,Stage 5 - Saint-Just-Saint-Rambert › Saint-Sauveur-de-Montagut ,188.8,188.0,3408.0,1183,,0
09.03,12,Stage 4 (ITT) - Domérat › Montluçon ,13.4,18.0,188.0,1183,,0
08.03,15,Stage 3 - Vierzon › Dun-le-Palestel ,190.8,63.0,1929.0,1183,,0
07.03,22,Stage 2 - Auffargis › Orléans ,159.2,8.0,707.0,1183,,0
06.03,16,Stage 1 - Mantes-la-Ville › Mantes-la-Ville ,159.8,56.0,1723.0,1183,,0
20.02 » 26.02,,UAE Tour (2.UWT) ,,,,607,,0
,11,Points classification ,,,,607,,0
,4,General classification ,,,,607,140.0,0
26.02,8,Stage 7 - Al Ain › Jebel Hafeet ,148.0,133.0,1364.0,607,3.0,0
25.02,53,Stage 6 - Expo 2020 Dubai › Expo 2020 Dubai  ,180.0,0.0,388.0,607,,0
24.02,34,Stage 5 - Ras al Khaimah Corniche › Al Marjan Island  ,182.0,2.0,544.0,607,,0
23.02,3,Stage 4 - Fujairah Fort › Jebel Jais ,181.0,188.0,2646.0,607,18.0,1
22.02,8,Stage 3 (ITT) - Ajman › Ajman ,9.0,0.0,9.0,607,3.0,0
21.02,36,Stage 2 - Hudayriyat Island › Abu Dhabi Breakwater ,176.0,1.0,337.0,607,,0
20.02,64,Stage 1 - Madinat Zayed › Madinat Zayed ,184.0,20.0,1303.0,607,,0
02.02 » 06.02,,Volta a la Comunitat Valenciana (2.Pro) ,,,,610,,0
,2,Mountains classification ,,,,610,,1
,2,Points classification ,,,,610,,1
,1,General classification ,,,,610,150.0,1
06.02,27,Stage 5 - Paterna › Valencia ,92.0,12.0,706.0,610,,0
05.02,29,Stage 4 - Orihuela › Torrevieja  ,193.1,19.0,1237.0,610,,0
04.02,1,Stage 3 - Alicante › Antenas del Maigmó ,155.1,286.0,3628.0,610,30.0,1
03.02,12,Stage 2 - Bétera › Torrent ,171.5,83.0,2429.0,610,,0
02.02,2,Stage 1 - Les Alqueries › Torralba del Pinar ,166.7,162.0,3164.0,610,18.0,1
30.01,82,Trofeo Playa de Palma - Palma (1.1) ,169.1,35.0,1552.0,303,,0
29.01,3,Trofeo Pollença - Port d'Andratx (1.1) ,170.1,207.0,3429.0,366,40.0,1
