date,result,name,distance,profile,vert,startlist,points,top3
16.10,15,Veneto Classic (1.1) ,190.0,130.0,2533.0,159,6.0,0
08.10,29,Il Lombardia (1.UWT) ,253.0,278.0,4852.0,1019,11.0,0
06.10,3,Gran Piemonte (1.Pro) ,198.0,44.0,1426.0,424,60.0,1
04.10,DNF,Tre Valli Varesine (1.Pro) ,196.3,152.0,3464.0,922,,0
03.10,13,Coppa Bernocchi - GP BPM (1.Pro) ,190.7,84.0,2087.0,405,16.0,0
01.10,23,Giro dell'Emilia (1.Pro) ,198.7,266.0,3021.0,728,3.0,0
29.09,21,Coppa Agostoni - Giro delle Brianze (1.1) ,193.0,121.0,3189.0,358,,0
15.09,14,Coppa Sabatini - Gran Premio città di Peccioli (1.Pro) ,198.9,113.0,2519.0,319,14.0,0
14.09,37,Giro della Toscana - Memorial Alfredo Martini (1.1) ,199.2,129.0,2298.0,227,,0
04.09,48,Tour du Doubs (1.1) ,204.0,104.0,2974.0,314,,0
01.07 » 24.07,,Tour de France (2.UWT) ,,143.0,2733.0,1550,,0
12.07,DNS,Stage 10 - Morzine › Megève ,148.1,143.0,2733.0,1550,,0
10.07,158,Stage 9 - Aigle › Châtel les portes du Soleil ,192.9,223.0,3743.0,1550,,0
09.07,38,Stage 8 - Dole › Lausanne ,186.3,87.0,2556.0,1550,,0
08.07,66,Stage 7 - Tomblaine › La Super Planche des Belles Filles ,176.3,192.0,2526.0,1550,,0
07.07,48,Stage 6 - Binche › Longwy ,219.9,85.0,2477.0,1550,,0
06.07,98,Stage 5 - Lille › Wallers-Arenberg ,157.0,1.0,601.0,1550,,0
05.07,97,Stage 4 - Dunkerque › Calais ,171.5,63.0,1785.0,1550,,0
03.07,107,Stage 3 - Vejle › Sønderborg ,182.0,16.0,1280.0,1550,,0
02.07,122,Stage 2 - Roskilde › Nyborg ,202.2,11.0,1149.0,1550,,0
01.07,151,Stage 1 (ITT) - Copenhagen › Copenhagen ,13.2,0.0,21.0,1550,,0
26.06,38,National Championships France - Road Race (NC) ,240.0,,,400,,0
05.06 » 12.06,,Critérium du Dauphiné (2.UWT) ,,,,788,,0
,14,Mountains classification ,,,,788,,0
,14,Points classification ,,,,788,,0
,35,General classification ,,,,788,5.0,0
12.06,24,Stage 8 - Saint-Alban-Leysse › Plateau de Salaison  87k,138.8,375.0,3782.0,788,,0
11.06,56,Stage 7 - Saint-Chaffrey › Vaujany ,134.8,311.0,3828.0,788,,0
10.06,83,Stage 6 - Rives › Gap ,196.5,74.0,2958.0,788,,0
09.06,72,Stage 5 - Thizy-les-Bourgs › Chaintré ,162.3,60.0,1991.0,788,,0
08.06,106,Stage 4 (ITT) - Montbrison › La Bâtie d’Urfé ,31.9,1.0,96.0,788,,0
07.06,43,Stage 3 - Saint-Paulien › Chastreix-Sancy ,169.0,140.0,2707.0,788,,0
06.06,1,Stage 2 - Saint-Péray › Brives-Charensac  146k,169.8,91.0,2956.0,788,50.0,1
05.06,95,Stage 1 - La Voulte-sur-Rhône › Beauchastel ,191.8,74.0,2473.0,788,,0
31.05,18,Mercan'Tour Classic Alpes-Maritimes (1.1) ,167.9,350.0,4739.0,247,3.0,0
29.04 » 01.05,,Vuelta Asturias Julio Alvarez Mendo (2.1) ,,,,109,,0
,14,Mountains classification ,,,,109,,0
,5,Points classification ,,,,109,,0
,10,General classification ,,,,109,14.0,0
01.05,4,Stage 3 - Cangas del Narcea › Oviedo ,120.5,128.0,1688.0,109,5.0,0
30.04,15,Stage 2 - Candás › Cangas del Narcea ,202.0,252.0,4265.0,109,,0
29.04,3,Stage 1 - Oviedo › Pola de Lena ,168.9,197.0,2916.0,109,7.0,1
24.04,21,Liège-Bastogne-Liège (1.UWT) ,257.2,182.0,4342.0,1101,19.0,0
20.04,10,La Flèche Wallonne (1.UWT) ,202.1,173.0,3160.0,974,42.0,0
15.04,3,Classic Grand Besançon Doubs (1.1) ,177.5,187.0,2786.0,145,40.0,1
04.04 » 09.04,,Itzulia Basque Country (2.UWT) ,,,,742,,0
,25,General classification ,,,,742,10.0,0
09.04,29,Stage 6 - Eibar › Arrate ,135.7,275.0,3636.0,742,,0
08.04,14,Stage 5 - Zamudio › Mallabia ,163.76,184.0,3485.0,742,,0
07.04,50,Stage 4 - Vitoria-Gasteiz › Zamudio ,185.6,154.0,2703.0,742,,0
06.04,33,Stage 3 - Llodio › Amurrio ,181.7,186.0,3278.0,742,,0
05.04,27,Stage 2 - Leitza › Viana ,207.92,77.0,2625.0,742,,0
04.04,54,Stage 1 (ITT) - Hondarribia › Hondarribia ,7.51,7.0,100.0,742,,0
02.04,4,Gran Premio Miguel Indurain (1.Pro) ,190.0,114.0,2878.0,372,50.0,0
06.03 » 13.03,,Paris - Nice (2.UWT) ,,303.0,3582.0,1183,,0
12.03,DNF,Stage 7 - Nice › Col de Turini ,155.2,303.0,3582.0,1183,,0
11.03,42,Stage 6 - Courthézon › Aubagne ,213.6,97.0,2878.0,1183,,0
10.03,31,Stage 5 - Saint-Just-Saint-Rambert › Saint-Sauveur-de-Montagut ,188.8,188.0,3408.0,1183,,0
09.03,56,Stage 4 (ITT) - Domérat › Montluçon ,13.4,18.0,188.0,1183,,0
08.03,41,Stage 3 - Vierzon › Dun-le-Palestel ,190.8,63.0,1929.0,1183,,0
07.03,95,Stage 2 - Auffargis › Orléans ,159.2,8.0,707.0,1183,,0
06.03,48,Stage 1 - Mantes-la-Ville › Mantes-la-Ville ,159.8,56.0,1723.0,1183,,0
27.02,6,Drôme Classic (1.Pro) ,191.5,127.0,2371.0,464,40.0,0
26.02,10,Faun-Ardèche Classic (1.Pro) ,168.5,216.0,3161.0,453,22.0,0
18.02 » 20.02,,Tour des Alpes Maritimes et du Var (2.1) ,,,,292,,0
,16,Mountains classification ,,,,292,,0
,5,Points classification ,,,,292,,0
,7,General classification ,,,,292,20.0,0
20.02,4,Stage 3 - Villefranche-sur-Mer › Blausasc ,112.6,178.0,2650.0,292,5.0,0
19.02,8,Stage 2 - Puget-Théniers › La Turbie ,149.1,175.0,2663.0,292,1.0,0
18.02,28,Stage 1 - Saint-Raphaël  › La Seyne-sur-Mer ,176.3,47.0,1955.0,292,,0
