date,result,name,distance,profile,vert,startlist,points,top3
15.09,13,Coppa Sabatini - Gran Premio città di Peccioli (1.Pro) ,198.9,113.0,2519.0,319,16.0,0
14.09,6,Giro della Toscana - Memorial Alfredo Martini (1.1) ,199.2,129.0,2298.0,227,24.0,0
11.09,22,Grand Prix Cycliste de Montréal (1.UWT) ,221.4,182.0,4124.0,864,13.0,0
09.09,55,Grand Prix Cycliste de Québec (1.UWT) ,201.6,60.0,2508.0,866,5.0,0
28.08,12,Bretagne Classic - Ouest-France (1.UWT) ,254.8,95.0,3116.0,812,34.0,0
16.08 » 19.08,,Tour du Limousin - Nouvelle Aquitaine (2.1) ,,,,335,,0
,18,Mountains classification ,,,,335,,0
,1,General classification ,,,,335,100.0,1
19.08,2,Stage 4 - Saint-Laurent-sur-Gorre › Limoges ,174.8,84.0,2488.0,335,12.0,1
18.08,3,Stage 3 - Donzenac › Malemort  ,181.7,145.0,3016.0,335,7.0,1
17.08,1,Stage 2 - Le Grand Périgueux Champcevinel › Ribérac  ,184.7,33.0,1931.0,335,20.0,1
16.08,3,Stage 1 - Verneuil-sur-Vienne › La Souterraine  ,176.4,41.0,1984.0,335,7.0,1
31.07,6,Circuito de Getxo - Memorial Hermanos Otxoa (1.1) ,196.5,121.0,2378.0,276,24.0,0
30.07,DNF,Donostia San Sebastian Klasikoa (1.UWT) ,224.8,231.0,4147.0,724,,0
23.07 » 27.07,,Ethias-Tour de Wallonie (2.Pro) ,,,,378,,0
,4,Points classification ,,,,378,,0
,63,General classification ,,,,378,,0
27.07,101,Stage 5 - Le Roeulx › Chapelle-lez-Herlaimont ,214.8,29.0,1703.0,378,,0
26.07,33,Stage 4 - Durbuy › Couvin ,200.8,136.0,3289.0,378,,0
25.07,6,Stage 3 - Visé › Rochefort ,195.6,95.0,2850.0,378,3.0,0
24.07,43,Stage 2 - Verviers › Herve ,176.8,121.0,2748.0,378,,0
23.07,2,Stage 1 - Temploux › Huy ,174.4,98.0,2257.0,378,18.0,1
26.06,3,National Championships Spain - Road Race (NC) ,186.1,,,95,7.0,1
24.06,6,National Championships Spain - ITT (NC) ,38.5,,,48,,0
12.06 » 19.06,,Tour de Suisse (2.UWT) ,,304.0,4155.0,767,,0
17.06,DNS,Stage 6 - Locarno › Moosalp ,177.5,304.0,4155.0,767,,0
16.06,31,Stage 5 - Ambri › Novazzano ,190.1,195.0,2610.0,767,,0
15.06,6,Stage 4 - Grenchen › Brunnen ,190.8,82.0,2062.0,767,7.0,0
14.06,5,Stage 3 - Aesch › Grenchen ,176.9,119.0,3125.0,767,10.0,0
13.06,13,Stage 2 - Küsnacht › Aesch ,198.0,123.0,2746.0,767,,0
12.06,26,Stage 1 - Küsnacht › Küsnacht  ,177.6,135.0,2746.0,767,,0
26.05 » 29.05,,Boucles de la Mayenne - Crédit Mutuel (2.Pro) ,,,,177,,0
,7,Points classification ,,,,177,,0
,3,General classification ,,,,177,90.0,1
29.05,17,Stage 4 - Martigné-sur-Mayenne › Laval ,180.0,41.0,1918.0,177,,0
28.05,11,Stage 3 - Saint-Berthevin › Château-Gontier-sur-Mayenne ,188.0,42.0,1758.0,177,,0
27.05,3,Stage 2 - Jublains › Pré-en-Pail-Saint-Samson ,171.0,105.0,2392.0,177,12.0,1
26.05,7,Stage 1 - Saint-Pierre-des-Landes › Andouillé ,180.0,49.0,1921.0,177,2.0,0
10.04,19,Amstel Gold Race (1.UWT) ,254.1,112.0,3460.0,702,16.0,0
03.04,20,Ronde van Vlaanderen - Tour des Flandres ME (1.UWT) ,272.5,79.0,2289.0,759,20.0,0
30.03,85,Dwars door Vlaanderen - A travers la Flandre ME (1.UWT) ,183.7,50.0,1649.0,647,5.0,0
27.03,25,Gent-Wevelgem in Flanders Fields ME (1.UWT) ,248.8,35.0,1377.0,838,10.0,0
25.03,30,E3 Saxo Bank Classic (1.UWT) ,203.9,59.0,2010.0,636,5.0,0
19.03,13,Milano-Sanremo (1.UWT) ,293.0,63.0,2096.0,936,38.0,0
16.03,102,Milano - Torino (1.Pro) ,199.0,21.0,1166.0,405,,0
07.03 » 13.03,,Tirreno-Adriatico (2.UWT) ,,,,1061,,0
,29,General classification ,,,,1061,6.0,0
13.03,17,Stage 7 - San Benedetto del Tronto › San Benedetto del Tronto ,159.0,19.0,1296.0,1061,,0
12.03,41,Stage 6 - Apecchio › Carpegna  145k,215.0,266.0,3817.0,1061,,0
11.03,35,Stage 5 - Sefro › Fermo ,155.0,191.0,2402.0,1061,,0
10.03,11,Stage 4 - Cascata delle Marmore › Bellante ,202.0,131.0,3092.0,1061,,0
09.03,18,Stage 3 - Murlo › Terni ,170.0,53.0,2063.0,1061,,0
08.03,60,Stage 2 - Camaiore › Sovicille ,219.0,70.0,2144.0,1061,,0
07.03,81,Stage 1 (ITT) - Lido di Camaiore › Lido di Camaiore ,13.9,0.0,4.0,1061,,0
27.02,22,Kuurne - Bruxelles - Kuurne (1.Pro) ,195.1,45.0,1829.0,718,4.0,0
26.02,13,Omloop Het Nieuwsblad ME (1.UWT) ,204.2,49.0,1666.0,749,30.0,0
