date,result,name,distance,profile,vert,startlist,points,top3
06.10,4,Paris - Bourges (1.1) ,198.0,55.0,1988.0,469,32.0,0
04.10,15,Binche -  Chimay - Binche / Mémorial Frank Vandenbroucke (1.1) ,198.6,30.0,1977.0,484,6.0,0
25.09,6,World Championships ME - Road Race (WC) ,266.9,160.0,4167.0,1053,110.0,0
18.09,7,Gooikse Pijl (1.1) ,199.0,21.0,1893.0,301,20.0,0
17.09,58,Primus Classic (1.Pro) ,199.3,51.0,1937.0,442,,0
11.09,48,GP de Fourmies / La Voix du Nord (1.Pro) ,197.6,47.0,2111.0,371,,0
24.08 » 28.08,,Deutschland Tour (2.Pro) ,,,,458,,0
,3,Points classification ,,,,458,,1
,60,General classification ,,,,458,,0
28.08,76,Stage 4 - Schiltach › Stuttgart ,186.6,93.0,2586.0,458,,0
27.08,96,Stage 3 - Freiburg  › Schauinsland ,148.9,203.0,2065.0,458,,0
26.08,1,Stage 2 - Meiningen › Marburg ,200.7,87.0,2467.0,458,30.0,1
25.08,6,Stage 1 - Weimar › Meiningen ,171.7,62.0,2103.0,458,3.0,0
24.08,24,Prologue - Weimar › Weimar ,2.6,1.0,17.0,458,,0
21.08,10,BEMER Cyclassics (1.UWT) ,204.7,30.0,892.0,651,42.0,0
14.08,8,European Continental Championships - Road Race (CC) ,207.9,23.0,1331.0,455,18.0,0
10.08,1,Circuit Franco-Belge (1.Pro) ,175.2,78.0,2007.0,344,125.0,1
07.08,3,Tour of Leuven - Memorial Jef Scherens (1.1) ,199.3,41.0,1911.0,265,40.0,1
01.07 » 24.07,,Tour de France (2.UWT) ,,,,1550,,0
,24,Points classification ,,,,1550,,0
,101,General classification ,,,,1550,25.0,0
24.07,3,Stage 21 - Paris La Défense › Paris (Champs-Élysées) ,115.6,13.0,748.0,1550,50.0,1
23.07,115,Stage 20 (ITT) - Lacapelle-Marival › Rocamadour ,40.7,39.0,434.0,1550,,0
22.07,15,Stage 19 - Castelnau-Magnoac › Cahors ,188.3,35.0,1316.0,1550,1.0,0
21.07,86,Stage 18 - Lourdes › Hautacam ,143.2,408.0,4036.0,1550,,0
20.07,129,Stage 17 - Saint-Gaudens › Peyragudes ,129.7,324.0,3364.0,1550,,0
19.07,121,Stage 16 - Carcassonne › Foix ,178.5,204.0,3418.0,1550,,0
17.07,13,Stage 15 - Rodez › Carcassonne ,202.5,64.0,2416.0,1550,4.0,0
16.07,133,Stage 14 - Saint-Etienne › Mende ,192.5,170.0,3441.0,1550,,0
15.07,14,Stage 13 - Bourg d'Oisans › Saint-Etienne ,192.6,78.0,2109.0,1550,2.0,0
14.07,137,Stage 12 - Briançon › L'Alpe d'Huez ,165.1,389.0,4660.0,1550,,0
13.07,117,Stage 11 - Albertville › Col du Granon ,151.7,400.0,4070.0,1550,,0
12.07,143,Stage 10 - Morzine › Megève ,148.1,143.0,2733.0,1550,,0
10.07,131,Stage 9 - Aigle › Châtel les portes du Soleil ,192.9,223.0,3743.0,1550,,0
09.07,78,Stage 8 - Dole › Lausanne ,186.3,87.0,2556.0,1550,,0
08.07,119,Stage 7 - Tomblaine › La Super Planche des Belles Filles ,176.3,192.0,2526.0,1550,,0
07.07,77,Stage 6 - Binche › Longwy ,219.9,85.0,2477.0,1550,,0
06.07,158,Stage 5 - Lille › Wallers-Arenberg ,157.0,1.0,601.0,1550,,0
05.07,4,Stage 4 - Dunkerque › Calais ,171.5,63.0,1785.0,1550,40.0,0
03.07,11,Stage 3 - Vejle › Sønderborg ,182.0,16.0,1280.0,1550,8.0,0
02.07,11,Stage 2 - Roskilde › Nyborg ,202.2,11.0,1149.0,1550,8.0,0
01.07,69,Stage 1 (ITT) - Copenhagen › Copenhagen ,13.2,0.0,21.0,1550,,0
26.06,2,National Championships Norway - Road Race (NC) ,193.2,,,79,10.0,1
12.06 » 19.06,,Tour de Suisse (2.UWT) ,,,,767,,0
,19,Points classification ,,,,767,,0
,71,General classification ,,,,767,5.0,0
19.06,64,Stage 8 (ITT) - Vaduz › Vaduz ,25.6,3.0,131.0,767,,0
18.06,78,Stage 7 - Ambri › Malbun ,194.6,347.0,3881.0,767,,0
17.06,86,Stage 6 - Locarno › Moosalp ,177.5,304.0,4155.0,767,,0
16.06,83,Stage 5 - Ambri › Novazzano ,190.1,195.0,2610.0,767,,0
15.06,115,Stage 4 - Grenchen › Brunnen ,190.8,82.0,2062.0,767,,0
14.06,3,Stage 3 - Aesch › Grenchen ,176.9,119.0,3125.0,767,18.0,1
13.06,98,Stage 2 - Küsnacht › Aesch ,198.0,123.0,2746.0,767,,0
12.06,110,Stage 1 - Küsnacht › Küsnacht  ,177.6,135.0,2746.0,767,,0
10.06,33,Grosser Preis des Kantons Aargau (1.1) ,173.8,136.0,2902.0,338,,0
05.06,9,Brussels Cycling Classic (1.Pro) ,203.9,33.0,1850.0,362,26.0,0
24.05 » 29.05,,Tour of Norway (2.Pro) ,,,,282,,0
,7,Points classification ,,,,282,,0
,42,General classification ,,,,282,,0
29.05,1,Stage 6 - Stavanger › Stavanger ,149.3,38.0,1231.0,282,30.0,1
28.05,14,Stage 5 - Flekkefjord › Sandnes ,181.7,134.0,2781.0,282,,0
27.05,3,Stage 4 - Hovden › Kristiansand ,232.1,41.0,1655.0,282,12.0,1
26.05,65,Stage 3 - Gol › Stavsro/Gaustatoppen ,175.8,261.0,3371.0,282,,0
25.05,71,Stage 2 - Ulvik › Geilo ,123.8,87.0,2421.0,282,,0
24.05,61,Stage 1 - Bergen › Voss ,173.6,99.0,2225.0,282,,0
15.05,54,Tro-Bro Léon (1.Pro) ,207.8,38.0,1674.0,247,,0
14.05,2,Grand Prix du Morbihan (1.Pro) ,185.4,80.0,2471.0,193,85.0,1
01.05,3,Eschborn-Frankfurt (1.UWT) ,185.0,89.0,2654.0,309,110.0,1
17.04,12,Paris-Roubaix (1.UWT) ,257.2,5.0,1362.0,752,42.0,0
06.04,1,Scheldeprijs (1.Pro) ,198.7,1.0,385.0,331,125.0,1
03.04,10,Ronde van Vlaanderen - Tour des Flandres ME (1.UWT) ,272.5,79.0,2289.0,759,50.0,0
30.03,31,Dwars door Vlaanderen - A travers la Flandre ME (1.UWT) ,183.7,50.0,1649.0,647,5.0,0
27.03,11,Gent-Wevelgem in Flanders Fields ME (1.UWT) ,248.8,35.0,1377.0,838,38.0,0
19.03,26,Milano-Sanremo (1.UWT) ,293.0,63.0,2096.0,936,14.0,0
16.03,3,Milano - Torino (1.Pro) ,199.0,21.0,1166.0,405,60.0,1
07.03 » 13.03,,Tirreno-Adriatico (2.UWT) ,,,,1061,,0
,30,Points classification ,,,,1061,,0
,85,General classification ,,,,1061,5.0,0
13.03,6,Stage 7 - San Benedetto del Tronto › San Benedetto del Tronto ,159.0,19.0,1296.0,1061,7.0,0
12.03,110,Stage 6 - Apecchio › Carpegna ,215.0,266.0,3817.0,1061,,0
11.03,63,Stage 5 - Sefro › Fermo ,155.0,191.0,2402.0,1061,,0
10.03,111,Stage 4 - Cascata delle Marmore › Bellante ,202.0,131.0,3092.0,1061,,0
09.03,14,Stage 3 - Murlo › Terni ,170.0,53.0,2063.0,1061,,0
08.03,20,Stage 2 - Camaiore › Sovicille ,219.0,70.0,2144.0,1061,,0
07.03,72,Stage 1 (ITT) - Lido di Camaiore › Lido di Camaiore ,13.9,0.0,4.0,1061,,0
27.02,11,Kuurne - Bruxelles - Kuurne (1.Pro) ,195.1,45.0,1829.0,718,20.0,0
26.02,60,Omloop Het Nieuwsblad ME (1.UWT) ,204.2,49.0,1666.0,749,5.0,0
16.02 » 20.02,,Volta ao Algarve em Bicicleta (2.Pro) ,,,,502,,0
,3,Points classification ,,,,502,,1
,98,General classification ,,,,502,,0
20.02,96,Stage 5 - Lagoa › Malhão (Loulé) ,173.0,199.0,3056.0,502,,0
19.02,78,Stage 4 (ITT) - Vila Real de Santo António › Tavira ,32.2,26.0,407.0,502,,0
18.02,4,Stage 3 - Almodôvar › Faro ,211.4,48.0,2000.0,502,7.0,0
17.02,145,Stage 2 - Albufeira › Fóia (Monchique) ,182.4,197.0,3183.0,502,,0
16.02,3,Stage 1 - Portimão  › Lagos ,199.1,42.0,2124.0,502,12.0,1
13.02,1,Clasica de Almeria (1.Pro) ,188.2,30.0,1751.0,224,125.0,1
02.02 » 06.02,,Volta a la Comunitat Valenciana (2.Pro) ,,,,610,,0
,4,Points classification ,,,,610,,0
,82,General classification ,,,,610,,0
06.02,3,Stage 5 - Paterna › Valencia ,92.0,12.0,706.0,610,12.0,1
05.02,3,Stage 4 - Orihuela › Torrevieja  ,193.1,19.0,1237.0,610,12.0,1
04.02,121,Stage 3 - Alicante › Antenas del Maigmó ,155.1,286.0,3628.0,610,,0
03.02,5,Stage 2 - Bétera › Torrent ,171.5,83.0,2429.0,610,4.0,0
02.02,104,Stage 1 - Les Alqueries › Torralba del Pinar ,166.7,162.0,3164.0,610,,0
30.01,14,Trofeo Playa de Palma - Palma (1.1) ,169.1,35.0,1552.0,303,7.0,0
28.01,DNF,Trofeo Serra de Tramuntana (1.1) ,158.9,170.0,3217.0,352,,0
27.01,111,Trofeo Alcúdia - Port d'Alcúdia (1.1) ,173.2,62.0,1653.0,272,,0
