date,result,name,distance,profile,vert,startlist,points,top3
09.10,9,Paris - Tours Elite (1.Pro) ,213.5,33.0,1242.0,579,26.0,0
04.10,16,Binche -  Chimay - Binche / Mémorial Frank Vandenbroucke (1.1) ,198.6,30.0,1977.0,484,5.0,0
02.10,2,Famenne Ardenne Classic (1.1) ,188.0,100.0,2873.0,297,55.0,1
21.09,15,Omloop van het Houtland Middelkerke-Lichtervelde (1.1) ,196.4,0.0,399.0,289,6.0,0
18.09,6,Grand Prix d'Isbergues - Pas de Calais (1.1) ,197.6,12.0,1150.0,237,24.0,0
16.09,10,Kampioenschap van Vlaanderen (1.1) ,195.3,0.0,697.0,226,14.0,0
14.09,18,Grand Prix de Wallonie (1.Pro) ,199.7,93.0,2754.0,362,8.0,0
11.09,3,GP de Fourmies / La Voix du Nord (1.Pro) ,197.6,47.0,2111.0,371,60.0,1
21.08,42,BEMER Cyclassics (1.UWT) ,204.7,30.0,892.0,651,5.0,0
11.08 » 14.08,,Arctic Race of Norway (2.Pro) ,,,,158,,0
,3,Points classification ,,,,158,,1
,35,General classification ,,,,158,,0
14.08,47,Stage 4 - Trondheim › Trondheim ,159.1,132.0,2378.0,158,,0
13.08,35,Stage 3 - Namsos › Skallstuggu ,177.7,129.0,2637.0,158,,0
12.08,2,Stage 2 - Mosjøen › Brønnøysund ,154.3,147.0,2675.0,158,18.0,1
11.08,4,Stage 1 - Mo i Rana › Mo i Rana ,186.8,112.0,3329.0,158,7.0,0
01.07 » 24.07,,Tour de France (2.UWT) ,,,,1550,,0
,56,Points classification ,,,,1550,,0
,84,General classification ,,,,1550,25.0,0
24.07,48,Stage 21 - Paris La Défense › Paris (Champs-Élysées) ,115.6,13.0,748.0,1550,,0
23.07,91,Stage 20 (ITT) - Lacapelle-Marival › Rocamadour ,40.7,39.0,434.0,1550,,0
22.07,6,Stage 19 - Castelnau-Magnoac › Cahors ,188.3,35.0,1316.0,1550,26.0,0
21.07,71,Stage 18 - Lourdes › Hautacam ,143.2,408.0,4036.0,1550,,0
20.07,46,Stage 17 - Saint-Gaudens › Peyragudes ,129.7,324.0,3364.0,1550,,0
19.07,101,Stage 16 - Carcassonne › Foix ,178.5,204.0,3418.0,1550,,0
17.07,87,Stage 15 - Rodez › Carcassonne ,202.5,64.0,2416.0,1550,,0
16.07,65,Stage 14 - Saint-Etienne › Mende ,192.5,170.0,3441.0,1550,,0
15.07,15,Stage 13 - Bourg d'Oisans › Saint-Etienne ,192.6,78.0,2109.0,1550,1.0,0
14.07,123,Stage 12 - Briançon › L'Alpe d'Huez ,165.1,389.0,4660.0,1550,,0
13.07,119,Stage 11 - Albertville › Col du Granon ,151.7,400.0,4070.0,1550,,0
12.07,106,Stage 10 - Morzine › Megève ,148.1,143.0,2733.0,1550,,0
10.07,113,Stage 9 - Aigle › Châtel les portes du Soleil ,192.9,223.0,3743.0,1550,,0
09.07,85,Stage 8 - Dole › Lausanne ,186.3,87.0,2556.0,1550,,0
08.07,104,Stage 7 - Tomblaine › La Super Planche des Belles Filles ,176.3,192.0,2526.0,1550,,0
07.07,142,Stage 6 - Binche › Longwy ,219.9,85.0,2477.0,1550,,0
06.07,81,Stage 5 - Lille › Wallers-Arenberg ,157.0,1.0,601.0,1550,,0
05.07,39,Stage 4 - Dunkerque › Calais ,171.5,63.0,1785.0,1550,,0
03.07,19,Stage 3 - Vejle › Sønderborg ,182.0,16.0,1280.0,1550,,0
02.07,37,Stage 2 - Roskilde › Nyborg ,202.2,11.0,1149.0,1550,,0
01.07,92,Stage 1 (ITT) - Copenhagen › Copenhagen ,13.2,0.0,21.0,1550,,0
26.06,55,National Championships Belgium - Road Race (NC) ,208.7,,,409,,0
15.06 » 19.06,,Baloise Belgium Tour (2.Pro) ,,,,384,,0
,19,Points classification ,,,,384,,0
,46,General classification ,,,,384,,0
19.06,6,Stage 5 - Gingelom › Beringen ,179.9,1.0,685.0,384,3.0,0
18.06,30,Stage 4 - Durbuy › Durbuy ,172.2,182.0,3326.0,384,,0
17.06,56,Stage 3 (ITT) - Scherpenheuvel-Zichem › Scherpenheuvel-Zichem ,11.8,0.0,49.0,384,,0
16.06,38,Stage 2 - Beveren › Knokke-Heist ,175.6,0.0,181.0,384,,0
15.06,77,Stage 1 - Merelbeke › Maarkedal ,165.0,59.0,1798.0,384,,0
11.06,50,Dwars door het Hageland (1.Pro) ,177.0,24.0,1065.0,234,,0
06.06,15,Ronde van Limburg (1.1) ,202.6,32.0,1651.0,312,6.0,0
05.06,65,Brussels Cycling Classic (1.Pro) ,203.9,33.0,1850.0,362,,0
26.05 » 29.05,,Boucles de la Mayenne - Crédit Mutuel (2.Pro) ,,,,177,,0
,2,Points classification ,,,,177,,1
,21,General classification ,,,,177,6.0,0
29.05,6,Stage 4 - Martigné-sur-Mayenne › Laval ,180.0,41.0,1918.0,177,3.0,0
28.05,1,Stage 3 - Saint-Berthevin › Château-Gontier-sur-Mayenne ,188.0,42.0,1758.0,177,30.0,1
27.05,24,Stage 2 - Jublains › Pré-en-Pail-Saint-Samson ,171.0,105.0,2392.0,177,,0
26.05,10,Stage 1 - Saint-Pierre-des-Landes › Andouillé ,180.0,49.0,1921.0,177,,0
21.05,10,Tour du Finistère (1.1) ,193.3,115.0,2860.0,137,14.0,0
15.05,22,Tro-Bro Léon (1.Pro) ,207.8,38.0,1674.0,247,4.0,0
14.05,4,Grand Prix du Morbihan (1.Pro) ,185.4,80.0,2471.0,193,50.0,0
17.04,DNF,Paris-Roubaix (1.UWT) ,257.2,5.0,1362.0,752,,0
10.04,124,Amstel Gold Race (1.UWT) ,254.1,112.0,3460.0,702,5.0,0
03.04,24,Ronde van Vlaanderen - Tour des Flandres ME (1.UWT) ,272.5,79.0,2289.0,759,16.0,0
30.03,13,Dwars door Vlaanderen - A travers la Flandre ME (1.UWT) ,183.7,50.0,1649.0,647,30.0,0
23.03,59,Minerva Classic Brugge-De Panne (1.UWT) ,207.9,0.0,246.0,459,5.0,0
17.03,7,Grand Prix de Denain - Porte du Hainaut (1.Pro) ,200.3,8.0,1208.0,252,35.0,0
06.03 » 13.03,,Paris - Nice (2.UWT) ,,188.0,3408.0,1183,,0
10.03,DNS,Stage 5 - Saint-Just-Saint-Rambert › Saint-Sauveur-de-Montagut ,188.8,188.0,3408.0,1183,,0
09.03,137,Stage 4 (ITT) - Domérat › Montluçon ,13.4,18.0,188.0,1183,,0
08.03,11,Stage 3 - Vierzon › Dun-le-Palestel ,190.8,63.0,1929.0,1183,,0
07.03,45,Stage 2 - Auffargis › Orléans ,159.2,8.0,707.0,1183,,0
06.03,15,Stage 1 - Mantes-la-Ville › Mantes-la-Ville ,159.8,56.0,1723.0,1183,,0
01.03,13,Le Samyn (1.1) ,209.0,10.0,1541.0,298,8.0,0
27.02,7,Kuurne - Bruxelles - Kuurne (1.Pro) ,195.1,45.0,1829.0,718,35.0,0
26.02,23,Omloop Het Nieuwsblad ME (1.UWT) ,204.2,49.0,1666.0,749,12.0,0
10.02 » 15.02,,Tour of Oman (2.Pro) ,,,,140,,0
,5,Points classification ,,,,140,,0
,47,General classification ,,,,140,,0
15.02,3,Stage 6 - Al Mouj Muscat › Matrah Corniche ,132.5,65.0,1097.0,140,12.0,1
14.02,41,Stage 5 - Samail › Jabal Al Akhdhar ,150.5,169.0,1967.0,140,,0
13.02,73,Stage 4 - Al Sifah › Muscat ,119.5,145.0,2174.0,140,,0
12.02,39,Stage 3 - Sultan Qaboos University › Qurayyat  ,180.0,92.0,1918.0,140,,0
11.02,3,Stage 2 - Naseem Park › Suhar Corniche ,167.5,0.0,179.0,140,12.0,1
10.02,4,Stage 1 - Al Rustaq Fort › Muscat ,138.0,17.0,684.0,140,7.0,0
30.01,1,Grand Prix Cycliste de Marseille La Marseillaise (1.1) ,174.3,120.0,2921.0,325,75.0,1
23.01,2,Clàssica Comunitat Valenciana 1969 - Gran Premi València (1.2) ,175.0,35.0,1605.0,59,10.0,1
