date,result,name,distance,profile,vert,startlist,points,top3
16.10,2,Japan Cup Cycle Road Race (1.Pro)  73k,144.2,127.0,2530.0,109,85.0,1
08.10,11,Il Lombardia (1.UWT) ,253.0,278.0,4852.0,1019,46.0,0
04.10,46,Tre Valli Varesine (1.Pro) ,196.3,152.0,3464.0,922,,0
03.10,22,Coppa Bernocchi - GP BPM (1.Pro) ,190.7,84.0,2087.0,405,4.0,0
01.10,13,Giro dell'Emilia (1.Pro) ,198.7,266.0,3021.0,728,16.0,0
29.09,3,Coppa Agostoni - Giro delle Brianze (1.1) ,193.0,121.0,3189.0,358,40.0,1
15.09,10,Coppa Sabatini - Gran Premio città di Peccioli (1.Pro) ,198.9,113.0,2519.0,319,22.0,0
11.09,DNF,Grand Prix Cycliste de Montréal (1.UWT) ,221.4,182.0,4124.0,864,,0
09.09,33,Grand Prix Cycliste de Québec (1.UWT) ,201.6,60.0,2508.0,866,5.0,0
04.09,5,"Maryland Cycling Classic, presented by UnitedHealthcare (1.Pro)  176k",196.9,38.0,2286.0,118,45.0,0
28.08,10,Bretagne Classic - Ouest-France (1.UWT)  56k,254.8,95.0,3116.0,812,42.0,0
09.08 » 11.08,,Tour de l'Ain (2.1) ,,,,198,,0
,13,Youth classification ,,,,198,,0
,22,Mountains classification ,,,,198,,0
,21,Points classification ,,,,198,,0
,51,General classification ,,,,198,,0
11.08,61,Stage 3 - Plateau d'Hauteville › Lélex ,131.0,261.0,3522.0,198,,0
10.08,46,Stage 2 - Saint-Vulbas › Lagnieu ,144.0,183.0,2853.0,198,,0
09.08,9,Stage 1 - Châtillon-Sur-Chalaronne › Val-Revermont ,152.0,51.0,1269.0,198,,0
31.07,2,Circuito de Getxo - Memorial Hermanos Otxoa (1.1) ,196.5,121.0,2378.0,276,55.0,1
27.07 » 28.07,,Vuelta a Castilla y Leon (2.1) ,,,,141,,0
,20,General classification ,,,,141,1.0,0
28.07,17,Stage 2 - Guijuelo › Guijuelo ,189.3,115.0,3105.0,141,,0
27.07,18,Stage 1 - Benavente › Morales del Vino ,156.7,50.0,1879.0,141,,0
25.07,7,Prueba Villafranca - Ordiziako Klasika (1.1) ,165.7,126.0,2391.0,151,20.0,0
02.07 » 05.07,,Sibiu Cycling Tour (2.1) ,,,,77,,0
,2,Youth classification ,,,,77,,1
,10,Mountains classification ,,,,77,,0
,10,Points classification ,,,,77,,0
,6,General classification ,,,,77,24.0,0
05.07,13,Stage 3b - Sibiu › Sibiu ,98.4,51.0,1335.0,77,,0
05.07,15,Stage 3a (ITT) - Curmătura Stezii › Arena Platoş Păltiniş ,12.5,106.0,664.0,77,,0
04.07,6,Stage 2 - Sibiu › Bâlea Lac ,179.4,251.0,2799.0,77,3.0,0
03.07,3,Stage 1 - Brezoi › Sibiu ,206.9,127.0,3801.0,77,7.0,1
02.07,17,Prologue - Sibiu › Sibiu ,2.3,3.0,41.0,77,,0
26.06,4,National Championships Italy - Road Race (NC) ,237.1,,,202,4.0,0
02.02 » 06.02,,Volta a la Comunitat Valenciana (2.Pro) ,,,,610,,0
,25,Youth classification ,,,,610,,0
,94,General classification ,,,,610,,0
06.02,26,Stage 5 - Paterna › Valencia ,92.0,12.0,706.0,610,,0
05.02,90,Stage 4 - Orihuela › Torrevieja  ,193.1,19.0,1237.0,610,,0
04.02,75,Stage 3 - Alicante › Antenas del Maigmó ,155.1,286.0,3628.0,610,,0
03.02,134,Stage 2 - Bétera › Torrent ,171.5,83.0,2429.0,610,,0
02.02,148,Stage 1 - Les Alqueries › Torralba del Pinar ,166.7,162.0,3164.0,610,,0
