date,result,name,distance,profile,vert,startlist,points,top3
07.10 » 09.10,,Tour de Romandie Féminin (2.WWT) ,,,,910,,0
,4.0,Mountains classification ,,,,910,,0
,10.0,Points classification ,,,,910,,0
,2.0,General classification ,,,,910,190.0,1
09.10,34.0,Stage 3 - Fribourg › Genève ,147.6,50.0,1686.0,910,,0
08.10,2.0,Stage 2 - Sion › Thyon 2000 ,104.5,312.0,2489.0,910,30.0,1
07.10,19.0,Stage 1 - Lausanne › Lausanne ,134.4,60.0,2051.0,910,,0
24.09,1.0,World Championships WE - Road Race (WC) ,164.3,125.0,2655.0,1596,350.0,1
21.09,5.0,World Championships - Mixed Relay TTT (WC) ,28.2,11.0,226.0,91,0.5,0
18.09,7.0,World Championships WE - ITT (WC) ,34.2,17.0,324.0,515,80.0,0
07.09 » 11.09,,Ceratizit Challenge by La Vuelta (2.WWT) ,,,,1461,,0
,2.0,Mountains classification ,,,,1461,,1
,5.0,Points classification ,,,,1461,,0
,1.0,General classification ,,,,1461,250.0,1
11.09,52.0,Stage 5 - Madrid › Madrid ,95.7,69.0,1666.0,1461,,0
10.09,6.0,Stage 4 - Palencia › Segovia ,160.4,47.0,1627.0,1461,7.0,0
09.09,10.0,Stage 3 - Camargo › Aguilar de Campoo ,96.4,81.0,1800.0,1461,1.0,0
08.09,1.0,Stage 2 - Colindres › Colindres ,105.9,143.0,2169.0,1461,50.0,1
07.09,5.0,Stage 1 (TTT) - Marina de Cudeyo › Marina de Cudeyo ,19.9,3.0,176.0,1461,1.0,0
24.07 » 31.07,,Tour de France Femmes (2.WWT) ,,,,1808,,0
,2.0,Mountains classification ,,,,1808,,1
,10.0,Points classification ,,,,1808,,0
,1.0,General classification ,,,,1808,250.0,1
31.07,1.0,Stage 8 - Lure › La Super Planche des Belles Filles ,123.3,226.0,2466.0,1808,50.0,1
30.07,1.0,Stage 7 - Sélestat › Le Markstein  85k,127.1,229.0,2883.0,1808,50.0,1
29.07,18.0,Stage 6 - Saint-Dié-des-Vosges › Rosheim ,128.6,64.0,1673.0,1808,,0
28.07,22.0,Stage 5 - Bar-le-Duc › Saint-Dié-des-Vosges ,175.6,26.0,1572.0,1808,,0
27.07,13.0,Stage 4 - Troyes › Bar-Sur-Aube ,126.8,69.0,1415.0,1808,,0
26.07,10.0,Stage 3 - Reims › Épernay ,133.6,70.0,1418.0,1808,1.0,0
25.07,29.0,Stage 2 - Meaux › Provins ,136.4,15.0,894.0,1808,,0
24.07,21.0,Stage 1 - Paris (Tour Eiffel) › Paris (Champs-Élysées) ,81.7,3.0,357.0,1808,,0
30.06 » 10.07,,Giro d'Italia Donne (2.WWT) ,,,,1271,,0
,3.0,Mountains classification ,,,,1271,,1
,1.0,Points classification ,,,,1271,,1
,1.0,General classification ,,,,1271,250.0,1
10.07,64.0,Stage 10 - Abano Terme › Padova ,90.5,15.0,440.0,1271,,0
09.07,4.0,Stage 9 - San Michele All’Adige › San Lorenzo Dorsino ,112.8,249.0,3170.0,1271,13.0,0
08.07,1.0,Stage 8 - Rovereto › Aldeno ,104.7,208.0,2333.0,1271,50.0,1
07.07,2.0,Stage 7 - Prevalle › Passo del Maniva ,112.9,199.0,2002.0,1271,30.0,1
06.07,6.0,Stage 6 - Sarnico › Bergamo ,114.7,47.0,1008.0,1271,7.0,0
05.07,24.0,Stage 5 - Carpi › Reggio Emilia ,126.1,3.0,332.0,1271,,0
04.07,1.0,Stage 4 - Cesena  › Cesena  ,120.9,135.0,1813.0,1271,50.0,1
02.07,21.0,Stage 3 - Cala Gonone › Olbia ,113.4,9.0,702.0,1271,,0
01.07,48.0,Stage 2 - Villasimius › Tortolì ,106.5,37.0,1181.0,1271,,0
30.06,6.0,Prologue - Cagliari  › Cagliari  ,4.7,0.0,25.0,1271,7.0,0
24.04,1.0,Liège-Bastogne-Liège Femmes (1.WWT) ,142.1,136.0,2257.0,1162,225.0,1
20.04,2.0,La Flèche Wallonne Féminine (1.WWT) ,133.4,155.0,2099.0,1110,150.0,1
10.04,4.0,Amstel Gold Race Ladies Edition (1.WWT) ,128.5,86.0,1593.0,1247,90.0,0
03.04,2.0,Ronde van Vlaanderen - Tour des Flandres WE (1.WWT) ,158.6,54.0,1454.0,1553,150.0,1
30.03,21.0,Dwars door Vlaanderen - A travers la Flandre WE (1.Pro) ,120.0,40.0,1149.0,936,5.0,0
05.03,2.0,Strade Bianche Donne (1.WWT) ,136.0,111.0,1944.0,1222,150.0,1
26.02,1.0,Omloop Het Nieuwsblad WE (1.Pro) ,128.4,43.0,1028.0,1186,125.0,1
17.02 » 20.02,,Setmana Valenciana-Volta Comunitat Valenciana Fémines (2.1) ,,,,1138,,0
,2.0,Mountains classification ,,,,1138,,1
,1.0,General classification ,,,,1138,100.0,1
20.02,56.0,Stage 4 - Sagunt › Valencia ,118.0,27.0,1076.0,1138,,0
19.02,1.0,Stage 3 - Vila-Real › Vistabella del Maestrat ,135.0,160.0,2872.0,1138,20.0,1
18.02,4.0,Stage 2 - Altea › Cocentaina ,117.0,81.0,2260.0,1138,5.0,0
17.02,14.0,Stage 1 - Tavernes de la Valldigna › Gandia ,114.0,63.0,1328.0,1138,,0
