date,result,name,distance,profile,vert,startlist,points,top3
09.10,DNF,Paris - Tours Elite (1.Pro) ,213.5,33.0,1242.0,579,,0
04.10,11,Binche -  Chimay - Binche / Mémorial Frank Vandenbroucke (1.1) ,198.6,30.0,1977.0,484,12.0,0
02.10,41,Famenne Ardenne Classic (1.1) ,188.0,100.0,2873.0,297,,0
25.09,41,Classique Paris-Chauny (1.1) ,203.5,67.0,2225.0,364,,0
17.09,6,Primus Classic (1.Pro) ,199.3,51.0,1937.0,442,40.0,0
11.09,DNF,Grand Prix Cycliste de Montréal (1.UWT) ,221.4,182.0,4124.0,864,,0
09.09,36,Grand Prix Cycliste de Québec (1.UWT) ,201.6,60.0,2508.0,866,5.0,0
28.08,118,Bretagne Classic - Ouest-France (1.UWT) ,254.8,95.0,3116.0,812,5.0,0
16.08 » 19.08,,Tour du Limousin - Nouvelle Aquitaine (2.1) ,,,,335,,0
,67,General classification ,,,,335,,0
19.08,61,Stage 4 - Saint-Laurent-sur-Gorre › Limoges ,174.8,84.0,2488.0,335,,0
18.08,86,Stage 3 - Donzenac › Malemort  ,181.7,145.0,3016.0,335,,0
17.08,82,Stage 2 - Le Grand Périgueux Champcevinel › Ribérac  ,184.7,33.0,1931.0,335,,0
16.08,12,Stage 1 - Verneuil-sur-Vienne › La Souterraine  ,176.4,41.0,1984.0,335,,0
14.08,3,La Polynormande (1.1) ,168.9,59.0,2156.0,229,40.0,1
01.07 » 24.07,,Tour de France (2.UWT) ,,,,1550,,0
,112,Points classification ,,,,1550,,0
,128,General classification ,,,,1550,25.0,0
24.07,91,Stage 21 - Paris La Défense › Paris (Champs-Élysées) ,115.6,13.0,748.0,1550,,0
23.07,95,Stage 20 (ITT) - Lacapelle-Marival › Rocamadour ,40.7,39.0,434.0,1550,,0
22.07,113,Stage 19 - Castelnau-Magnoac › Cahors ,188.3,35.0,1316.0,1550,,0
21.07,90,Stage 18 - Lourdes › Hautacam ,143.2,408.0,4036.0,1550,,0
20.07,133,Stage 17 - Saint-Gaudens › Peyragudes ,129.7,324.0,3364.0,1550,,0
19.07,108,Stage 16 - Carcassonne › Foix ,178.5,204.0,3418.0,1550,,0
17.07,79,Stage 15 - Rodez › Carcassonne ,202.5,64.0,2416.0,1550,,0
16.07,137,Stage 14 - Saint-Etienne › Mende ,192.5,170.0,3441.0,1550,,0
15.07,137,Stage 13 - Bourg d'Oisans › Saint-Etienne ,192.6,78.0,2109.0,1550,,0
14.07,119,Stage 12 - Briançon › L'Alpe d'Huez ,165.1,389.0,4660.0,1550,,0
13.07,93,Stage 11 - Albertville › Col du Granon ,151.7,400.0,4070.0,1550,,0
12.07,122,Stage 10 - Morzine › Megève ,148.1,143.0,2733.0,1550,,0
10.07,145,Stage 9 - Aigle › Châtel les portes du Soleil ,192.9,223.0,3743.0,1550,,0
09.07,155,Stage 8 - Dole › Lausanne ,186.3,87.0,2556.0,1550,,0
08.07,162,Stage 7 - Tomblaine › La Super Planche des Belles Filles ,176.3,192.0,2526.0,1550,,0
07.07,170,Stage 6 - Binche › Longwy ,219.9,85.0,2477.0,1550,,0
06.07,171,Stage 5 - Lille › Wallers-Arenberg ,157.0,1.0,601.0,1550,,0
05.07,174,Stage 4 - Dunkerque › Calais ,171.5,63.0,1785.0,1550,,0
03.07,172,Stage 3 - Vejle › Sønderborg ,182.0,16.0,1280.0,1550,,0
02.07,175,Stage 2 - Roskilde › Nyborg ,202.2,11.0,1149.0,1550,,0
01.07,80,Stage 1 (ITT) - Copenhagen › Copenhagen ,13.2,0.0,21.0,1550,,0
26.06,2,National Championships France - Road Race (NC) ,240.0,,,400,10.0,1
12.06 » 19.06,,Tour de Suisse (2.UWT) ,,,,767,,0
,24,Mountains classification ,,,,767,,0
,67,General classification ,,,,767,5.0,0
19.06,63,Stage 8 (ITT) - Vaduz › Vaduz ,25.6,3.0,131.0,767,,0
18.06,76,Stage 7 - Ambri › Malbun ,194.6,347.0,3881.0,767,,0
17.06,83,Stage 6 - Locarno › Moosalp ,177.5,304.0,4155.0,767,,0
16.06,103,Stage 5 - Ambri › Novazzano  126k,190.1,195.0,2610.0,767,,0
15.06,114,Stage 4 - Grenchen › Brunnen ,190.8,82.0,2062.0,767,,0
14.06,56,Stage 3 - Aesch › Grenchen ,176.9,119.0,3125.0,767,,0
13.06,93,Stage 2 - Küsnacht › Aesch ,198.0,123.0,2746.0,767,,0
12.06,69,Stage 1 - Küsnacht › Küsnacht  ,177.6,135.0,2746.0,767,,0
10.06,8,Grosser Preis des Kantons Aargau (1.1) ,173.8,136.0,2902.0,338,18.0,0
26.05 » 29.05,,Boucles de la Mayenne - Crédit Mutuel (2.Pro) ,,,,177,,0
,16,Mountains classification ,,,,177,,0
,15,Points classification ,,,,177,,0
,10,General classification ,,,,177,40.0,0
29.05,33,Stage 4 - Martigné-sur-Mayenne › Laval ,180.0,41.0,1918.0,177,,0
28.05,41,Stage 3 - Saint-Berthevin › Château-Gontier-sur-Mayenne  83k,188.0,42.0,1758.0,177,,0
27.05,21,Stage 2 - Jublains › Pré-en-Pail-Saint-Samson ,171.0,105.0,2392.0,177,,0
26.05,5,Stage 1 - Saint-Pierre-des-Landes › Andouillé ,180.0,49.0,1921.0,177,4.0,0
15.05,46,Tro-Bro Léon (1.Pro) ,207.8,38.0,1674.0,247,,0
17.04,DNF,Paris-Roubaix (1.UWT) ,257.2,5.0,1362.0,752,,0
10.04,DNF,Amstel Gold Race (1.UWT) ,254.1,112.0,3460.0,702,,0
03.04,DNF,Ronde van Vlaanderen - Tour des Flandres ME (1.UWT) ,272.5,79.0,2289.0,759,,0
30.03,72,Dwars door Vlaanderen - A travers la Flandre ME (1.UWT) ,183.7,50.0,1649.0,647,5.0,0
27.03,26,Gent-Wevelgem in Flanders Fields ME (1.UWT) ,248.8,35.0,1377.0,838,9.0,0
25.03,13,E3 Saxo Bank Classic (1.UWT) ,203.9,59.0,2010.0,636,30.0,0
19.03,2,Milano-Sanremo (1.UWT) ,293.0,63.0,2096.0,936,200.0,1
06.03 » 13.03,,Paris - Nice (2.UWT) ,,303.0,3582.0,1183,,0
12.03,DNS,Stage 7 - Nice › Col de Turini ,155.2,303.0,3582.0,1183,,0
11.03,93,Stage 6 - Courthézon › Aubagne ,213.6,97.0,2878.0,1183,,0
10.03,6,Stage 5 - Saint-Just-Saint-Rambert › Saint-Sauveur-de-Montagut  145k,188.8,188.0,3408.0,1183,7.0,0
09.03,97,Stage 4 (ITT) - Domérat › Montluçon ,13.4,18.0,188.0,1183,,0
08.03,5,Stage 3 - Vierzon › Dun-le-Palestel ,190.8,63.0,1929.0,1183,10.0,0
07.03,141,Stage 2 - Auffargis › Orléans ,159.2,8.0,707.0,1183,,0
06.03,21,Stage 1 - Mantes-la-Ville › Mantes-la-Ville ,159.8,56.0,1723.0,1183,,0
27.02,32,Kuurne - Bruxelles - Kuurne (1.Pro) ,195.1,45.0,1829.0,718,,0
26.02,DNF,Omloop Het Nieuwsblad ME (1.UWT) ,204.2,49.0,1666.0,749,,0
18.02 » 20.02,,Tour des Alpes Maritimes et du Var (2.1) ,,,,292,,0
,6,Points classification ,,,,292,,0
,62,General classification ,,,,292,,0
20.02,60,Stage 3 - Villefranche-sur-Mer › Blausasc ,112.6,178.0,2650.0,292,,0
19.02,75,Stage 2 - Puget-Théniers › La Turbie ,149.1,175.0,2663.0,292,,0
18.02,2,Stage 1 - Saint-Raphaël  › La Seyne-sur-Mer ,176.3,47.0,1955.0,292,12.0,1
01.02 » 05.02,,Saudi Tour (2.1) ,,,,195,,0
,33,General classification ,,,,195,,0
05.02,59,Stage 5 - AlUla Old Town › AlUla Old Town ,138.9,5.0,753.0,195,,0
04.02,43,Stage 4 - Winter Park › Skyviews of Harrat Uwayrid ,149.3,84.0,1300.0,195,,0
03.02,30,Stage 3 - Tayma Hadaj Well › AlUla Old Town ,181.2,3.0,854.0,195,,0
02.02,42,Stage 2 - Taibah University › Abu Rakah ,163.9,42.0,1669.0,195,,0
01.02,24,Stage 1 - Winter Park › Winter Park ,198.0,9.0,1117.0,195,,0
