date,result,name,distance,profile,vert,startlist,points,top3
09.10,DNF,Paris - Tours Elite (1.Pro) ,213.5,33.0,1242.0,579.0,,0
06.10,8,Paris - Bourges (1.1) ,198.0,55.0,1988.0,469.0,18.0,0
04.10,20,Binche -  Chimay - Binche / Mémorial Frank Vandenbroucke (1.1) ,198.6,30.0,1977.0,484.0,1.0,0
02.10,15,Famenne Ardenne Classic (1.1) ,188.0,100.0,2873.0,297.0,6.0,0
25.09,5,Classique Paris-Chauny (1.1) ,203.5,67.0,2225.0,364.0,28.0,0
21.09,2,Omloop van het Houtland Middelkerke-Lichtervelde (1.1) ,196.4,0.0,399.0,289.0,55.0,1
18.09,6,Gooikse Pijl (1.1) ,199.0,21.0,1893.0,301.0,24.0,0
17.09,14,Primus Classic (1.Pro) ,199.3,51.0,1937.0,442.0,14.0,0
11.09,109,GP de Fourmies / La Voix du Nord (1.Pro) ,197.6,47.0,2111.0,371.0,,0
28.08,4,Bretagne Classic - Ouest-France (1.UWT) ,254.8,95.0,3116.0,812.0,90.0,0
23.08,1,Egmont Cycling Race (1.1) ,198.0,13.0,1431.0,293.0,75.0,1
21.08,1,Schaal Sels Merksem/ Johan Museeuw Classic (1.1) ,114.7,0.0,101.0,93.0,75.0,1
14.08,6,La Polynormande (1.1) ,168.9,59.0,2156.0,229.0,24.0,0
10.08,6,Circuit Franco-Belge (1.Pro) ,175.2,78.0,2007.0,344.0,40.0,0
07.08,64,Tour of Leuven - Memorial Jef Scherens (1.1) ,199.3,41.0,1911.0,265.0,,0
23.07 » 27.07,,Ethias-Tour de Wallonie (2.Pro) ,,29.0,1703.0,378.0,,0
27.07,DNF,Stage 5 - Le Roeulx › Chapelle-lez-Herlaimont ,214.8,29.0,1703.0,378.0,,0
26.07,113,Stage 4 - Durbuy › Couvin ,200.8,136.0,3289.0,378.0,,0
25.07,1,Stage 3 - Visé › Rochefort ,195.6,95.0,2850.0,378.0,30.0,1
24.07,25,Stage 2 - Verviers › Herve ,176.8,121.0,2748.0,378.0,,0
23.07,91,Stage 1 - Temploux › Huy ,174.4,98.0,2257.0,378.0,,0
17.07,99,Kemmel Koerse (NAT) ,160.0,,,,,0
26.06,6,National Championships Belgium - Road Race (NC) ,208.7,,,409.0,1.0,0
15.06 » 19.06,,Baloise Belgium Tour (2.Pro) ,,,,384.0,,0
,9,Youth classification ,,,,384.0,,0
,12,Points classification ,,,,384.0,,0
,72,General classification ,,,,384.0,,0
19.06,17,Stage 5 - Gingelom › Beringen ,179.9,1.0,685.0,384.0,,0
18.06,82,Stage 4 - Durbuy › Durbuy ,172.2,182.0,3326.0,384.0,,0
17.06,95,Stage 3 (ITT) - Scherpenheuvel-Zichem › Scherpenheuvel-Zichem ,11.8,0.0,49.0,384.0,,0
16.06,4,Stage 2 - Beveren › Knokke-Heist ,175.6,0.0,181.0,384.0,7.0,0
15.06,71,Stage 1 - Merelbeke › Maarkedal ,165.0,59.0,1798.0,384.0,,0
11.06,6,Dwars door het Hageland (1.Pro) ,177.0,24.0,1065.0,234.0,40.0,0
06.06,1,Ronde van Limburg (1.1) ,202.6,32.0,1651.0,312.0,75.0,1
04.06,1,Heylen Vastgoed Heistse Pijl (1.1) ,192.8,5.0,572.0,210.0,75.0,1
29.05,1,Marcel Kint Classic (1.1) ,199.0,40.0,1599.0,143.0,75.0,1
26.05,12,Circuit de Wallonie (1.1) ,192.2,58.0,2030.0,130.0,10.0,0
22.05,8,Antwerp Port Epic / Sels Trophy (1.1) ,181.4,0.0,186.0,61.0,18.0,0
21.05,3,Veenendaal-Veenendaal Classic (1.1) ,197.9,18.0,1020.0,117.0,40.0,1
15.05,4,Tro-Bro Léon (1.Pro) ,207.8,38.0,1674.0,247.0,50.0,0
14.05,DNF,Grand Prix du Morbihan (1.Pro) ,185.4,80.0,2471.0,193.0,,0
03.05 » 08.05,,4 Jours de Dunkerque / Grand Prix des Hauts de France (2.Pro) ,,18.0,1089.0,159.0,,0
04.05,DNS,Stage 2 - Béthune › Maubeuge ,181.5,18.0,1089.0,159.0,,0
03.05,6,Stage 1 - Dunkerque › Aniche ,161.1,7.0,713.0,159.0,3.0,0
01.05,7,Eschborn-Frankfurt (1.UWT) ,185.0,89.0,2654.0,309.0,60.0,0
06.04,14,Scheldeprijs (1.Pro) ,198.7,1.0,385.0,331.0,14.0,0
02.04,1,Volta Limburg Classic (1.1) ,195.0,90.0,2878.0,94.0,75.0,1
30.03,DNF,Dwars door Vlaanderen - A travers la Flandre ME (1.UWT) ,183.7,50.0,1649.0,647.0,,0
27.03,48,Gent-Wevelgem in Flanders Fields ME (1.UWT) ,248.8,35.0,1377.0,838.0,5.0,0
23.03,8,Minerva Classic Brugge-De Panne (1.UWT) ,207.9,0.0,246.0,459.0,50.0,0
18.03,9,Bredene Koksijde Classic (1.Pro) ,200.9,10.0,696.0,230.0,26.0,0
16.03,3,Danilith Nokere Koerse (1.Pro) ,189.8,14.0,1127.0,229.0,60.0,1
06.03,1,Grote Prijs Jean-Pierre Monseré (1.1) ,203.2,1.0,650.0,112.0,75.0,1
01.03,10,Le Samyn (1.1) ,209.0,10.0,1541.0,298.0,14.0,0
27.02,92,Kuurne - Bruxelles - Kuurne (1.Pro) ,195.1,45.0,1829.0,718.0,,0
18.02 » 20.02,,Tour des Alpes Maritimes et du Var (2.1) ,,,,292.0,,0
,23,Youth classification ,,,,292.0,,0
,86,General classification ,,,,292.0,,0
20.02,80,Stage 3 - Villefranche-sur-Mer › Blausasc ,112.6,178.0,2650.0,292.0,,0
19.02,90,Stage 2 - Puget-Théniers › La Turbie ,149.1,175.0,2663.0,292.0,,0
18.02,71,Stage 1 - Saint-Raphaël  › La Seyne-sur-Mer ,176.3,47.0,1955.0,292.0,,0
30.01,1,Trofeo Playa de Palma - Palma (1.1) ,169.1,35.0,1552.0,303.0,75.0,1
28.01,117,Trofeo Serra de Tramuntana (1.1) ,158.9,170.0,3217.0,352.0,,0
27.01,71,Trofeo Alcúdia - Port d'Alcúdia (1.1) ,173.2,62.0,1653.0,272.0,,0
