date,result,name,distance,profile,vert,startlist,points,top3
09.10,1,Paris - Tours Elite (1.Pro) ,213.5,33.0,1242.0,579,125.0,1
06.10,2,Paris - Bourges (1.1) ,198.0,55.0,1988.0,469,55.0,1
02.10,2,Tour de Vendée (1.1) ,206.9,40.0,1917.0,162,55.0,1
25.09,7,Classique Paris-Chauny (1.1) ,203.5,67.0,2225.0,364,20.0,0
18.09,1,Grand Prix d'Isbergues - Pas de Calais (1.1) ,197.6,12.0,1150.0,237,75.0,1
17.09,2,Primus Classic (1.Pro) ,199.3,51.0,1937.0,442,85.0,1
28.08,122,Bretagne Classic - Ouest-France (1.UWT) ,254.8,95.0,3116.0,812,5.0,0
24.08,2,Druivenkoers - Overijse (1.1) ,192.0,51.0,1629.0,389,55.0,1
23.08,2,Egmont Cycling Race (1.1) ,198.0,13.0,1431.0,293,55.0,1
21.08,DNF,BEMER Cyclassics (1.UWT) ,204.7,30.0,892.0,651,,0
14.08,2,European Continental Championships - Road Race (CC) ,207.9,23.0,1331.0,455,55.0,1
30.07 » 05.08,,Tour de Pologne (2.UWT) ,,,,467,,0
,1,Points classification ,,,,467,,1
,58,General classification ,,,,467,5.0,0
05.08,1,Stage 7 - Valsir › Kraków ,177.8,36.0,1875.0,467,50.0,1
04.08,126,Stage 6 (ITT) - Nowy Targ (Gronków) › Stacja Narciarska Rusiński ,11.8,28.0,337.0,467,,0
03.08,2,Stage 5 - Łańcut › Rzeszów ,178.1,78.0,2179.0,467,30.0,1
02.08,13,Stage 4 - Lesko › Sanok ,179.4,103.0,2621.0,467,,0
01.08,71,Stage 3 - Kraśnik › Przemyśl ,237.9,93.0,1545.0,467,,0
31.07,6,Stage 2 - Chełm › Zamość ,205.6,4.0,966.0,467,7.0,0
30.07,9,Stage 1 - Kielce › Lublin ,218.8,10.0,1231.0,467,2.0,0
26.06,6,National Championships France - Road Race (NC) ,240.0,,,400,1.0,0
16.06 » 19.06,,La Route d'Occitanie - La Dépêche du Midi (2.1) ,,,,298,,0
,7,Points classification ,,,,298,,0
,69,General classification ,,,,298,,0
19.06,28,Stage 4 - Les Angles › Auterive ,188.3,63.0,1939.0,298,,0
18.06,107,Stage 3 - Sigean › Les Angles ,188.7,268.0,4503.0,298,,0
17.06,32,Stage 2 - Belmont-sur-Rance › Roquefort-sur-Soulzon ,33.6,97.0,2557.0,298,,0
16.06,1,Stage 1 - Séméac › L'Isle Jourdain ,174.4,51.0,1708.0,298,20.0,1
06.05 » 29.05,,Giro d'Italia (2.UWT) ,,,,816,,0
,1,Points classification ,,,,816,80.0,1
,130,General classification ,,,,816,20.0,0
29.05,72,Stage 21 (ITT) - Verona › Verona ,17.4,30.0,317.0,816,,0
28.05,123,Stage 20 - Belluno › Marmolada (Passo Fedaia) ,168.0,392.0,4718.0,816,,0
27.05,149,Stage 19 - Marano Lagunare › Santuario di Castelmonte ,178.0,262.0,3489.0,816,,0
26.05,6,Stage 18 - Borgo Valsugana › Treviso ,156.0,34.0,1219.0,816,15.0,0
25.05,132,Stage 17 - Ponte di Legno › Lavarone ,168.0,347.0,3950.0,816,,0
24.05,140,Stage 16 - Salò › Aprica ,202.0,376.0,5268.0,816,,0
22.05,126,Stage 15 - Rivarolo Canavese › Cogne ,177.0,301.0,4019.0,816,,0
21.05,146,Stage 14 - Santena › Torino ,147.0,247.0,3167.0,816,,0
20.05,1,Stage 13 - Sanremo › Cuneo ,150.0,51.0,1817.0,816,80.0,1
19.05,134,Stage 12 - Parma › Genova ,204.0,112.0,2867.0,816,,0
18.05,4,Stage 11 - Santarcangelo di Romagna › Reggio Emilia ,203.0,0.0,369.0,816,25.0,0
17.05,50,Stage 10 - Pescara › Jesi ,196.0,86.0,1764.0,816,,0
15.05,156,Stage 9 - Isernia › Blockhaus ,191.0,458.0,5080.0,816,,0
14.05,130,Stage 8 - Napoli › Napoli ,153.0,123.0,2243.0,816,,0
13.05,150,Stage 7 - Diamante › Potenza ,196.0,246.0,4730.0,816,,0
12.05,1,Stage 6 - Palmi › Scalea ,192.0,49.0,1498.0,816,80.0,1
11.05,1,Stage 5 - Catania › Messina ,174.0,31.0,1968.0,816,80.0,1
10.05,152,Stage 4 - Avola › Etna ,172.0,251.0,3626.0,816,,0
08.05,2,Stage 3 - Kaposvár › Balatonfüred ,201.0,7.0,1150.0,816,50.0,1
07.05,71,Stage 2 (ITT) - Budapest › Budapest ,9.2,8.0,81.0,816,,0
06.05,81,Stage 1 - Budapest › Visegrád ,195.0,51.0,1390.0,816,,0
01.04,30,La Route Adélie de Vitré (1.1) ,176.7,68.0,2578.0,130,,0
27.03,10,Gent-Wevelgem in Flanders Fields ME (1.UWT) ,248.8,35.0,1377.0,838,42.0,0
23.03,6,Minerva Classic Brugge-De Panne (1.UWT) ,207.9,0.0,246.0,459,70.0,0
19.03,10,Milano-Sanremo (1.UWT) ,293.0,63.0,2096.0,936,50.0,0
07.03 » 13.03,,Tirreno-Adriatico (2.UWT) ,,,,1061,,0
,12,Points classification ,,,,1061,,0
,77,General classification ,,,,1061,5.0,0
13.03,9,Stage 7 - San Benedetto del Tronto › San Benedetto del Tronto ,159.0,19.0,1296.0,1061,2.0,0
12.03,120,Stage 6 - Apecchio › Carpegna ,215.0,266.0,3817.0,1061,,0
11.03,93,Stage 5 - Sefro › Fermo ,155.0,191.0,2402.0,1061,,0
10.03,69,Stage 4 - Cascata delle Marmore › Bellante ,202.0,131.0,3092.0,1061,,0
09.03,2,Stage 3 - Murlo › Terni ,170.0,53.0,2063.0,1061,30.0,1
08.03,17,Stage 2 - Camaiore › Sovicille ,219.0,70.0,2144.0,1061,,0
07.03,31,Stage 1 (ITT) - Lido di Camaiore › Lido di Camaiore ,13.9,0.0,4.0,1061,,0
20.02 » 26.02,,UAE Tour (2.UWT) ,,,,607,,0
,17,Points classification ,,,,607,,0
,68,General classification ,,,,607,5.0,0
26.02,45,Stage 7 - Al Ain › Jebel Hafeet ,148.0,133.0,1364.0,607,,0
25.02,24,Stage 6 - Expo 2020 Dubai › Expo 2020 Dubai  ,180.0,0.0,388.0,607,,0
24.02,7,Stage 5 - Ras al Khaimah Corniche › Al Marjan Island  ,182.0,2.0,544.0,607,4.0,0
23.02,103,Stage 4 - Fujairah Fort › Jebel Jais ,181.0,188.0,2646.0,607,,0
22.02,16,Stage 3 (ITT) - Ajman › Ajman ,9.0,0.0,9.0,607,,0
21.02,5,Stage 2 - Hudayriyat Island › Abu Dhabi Breakwater ,176.0,1.0,337.0,607,10.0,0
20.02,6,Stage 1 - Madinat Zayed › Madinat Zayed ,184.0,20.0,1303.0,607,7.0,0
10.02 » 13.02,,Tour de la Provence (2.Pro) ,,,,318,,0
,10,Points classification ,,,,318,,0
,69,General classification ,,,,318,,0
13.02,84,Stage 3 - Manosque › Montagne de Lure ,166.1,206.0,3223.0,318,,0
12.02,5,Stage 2 - Arles › Manosque ,180.6,69.0,2202.0,318,4.0,0
11.02,61,Stage 1 - Istres › Les Saintes-Maries-de-la-Mer ,151.8,2.0,360.0,318,,0
10.02,20,Prologue - Berre-l'Étang › Berre-l'Étang ,7.1,0.0,14.0,318,,0
