date,result,name,distance,profile,vert,startlist,points,top3
16.10,16,Japan Cup Cycle Road Race (1.Pro) ,144.2,127.0,2530.0,109,10.0,0
09.10,61,Paris - Tours Elite (1.Pro) ,213.5,33.0,1242.0,579,,0
06.10,9,Paris - Bourges (1.1) ,198.0,55.0,1988.0,469,16.0,0
04.10,21,Binche -  Chimay - Binche / Mémorial Frank Vandenbroucke (1.1) ,198.6,30.0,1977.0,484,,0
02.10,1,Famenne Ardenne Classic (1.1) ,188.0,100.0,2873.0,297,75.0,1
18.09,27,Grand Prix d'Isbergues - Pas de Calais (1.1) ,197.6,12.0,1150.0,237,,0
17.09,29,Primus Classic (1.Pro) ,199.3,51.0,1937.0,442,,0
14.09,8,Grand Prix de Wallonie (1.Pro) ,199.7,93.0,2754.0,362,30.0,0
04.09,76,Tour du Doubs (1.1) ,204.0,104.0,2974.0,314,,0
28.08,132,Bretagne Classic - Ouest-France (1.UWT) ,254.8,95.0,3116.0,812,5.0,0
24.08,7,Druivenkoers - Overijse (1.1) ,192.0,51.0,1629.0,389,20.0,0
21.08,15,BEMER Cyclassics (1.UWT) ,204.7,30.0,892.0,651,22.0,0
11.08 » 14.08,,Arctic Race of Norway (2.Pro) ,,,,158,,0
,3,Youth classification ,,,,158,,1
,17,Mountains classification ,,,,158,,0
,1,Points classification ,,,,158,,1
,4,General classification ,,,,158,80.0,0
14.08,3,Stage 4 - Trondheim › Trondheim ,159.1,132.0,2378.0,158,12.0,1
13.08,23,Stage 3 - Namsos › Skallstuggu ,177.7,129.0,2637.0,158,,0
12.08,37,Stage 2 - Mosjøen › Brønnøysund ,154.3,147.0,2675.0,158,,0
11.08,1,Stage 1 - Mo i Rana › Mo i Rana ,186.8,112.0,3329.0,158,30.0,1
23.07 » 27.07,,Ethias-Tour de Wallonie (2.Pro) ,,,,378,,0
,14,Youth classification ,,,,378,,0
,52,General classification ,,,,378,,0
27.07,50,Stage 5 - Le Roeulx › Chapelle-lez-Herlaimont ,214.8,29.0,1703.0,378,,0
26.07,47,Stage 4 - Durbuy › Couvin ,200.8,136.0,3289.0,378,,0
25.07,13,Stage 3 - Visé › Rochefort ,195.6,95.0,2850.0,378,,0
24.07,64,Stage 2 - Verviers › Herve ,176.8,121.0,2748.0,378,,0
23.07,104,Stage 1 - Temploux › Huy ,174.4,98.0,2257.0,378,,0
26.06,3,National Championships France - Road Race (NC) ,240.0,,,400,7.0,1
15.06 » 19.06,,Baloise Belgium Tour (2.Pro) ,,,,384,,0
,23,Points classification ,,,,384,,0
,27,General classification ,,,,384,,0
19.06,69,Stage 5 - Gingelom › Beringen ,179.9,1.0,685.0,384,,0
18.06,40,Stage 4 - Durbuy › Durbuy ,172.2,182.0,3326.0,384,,0
17.06,14,Stage 3 (ITT) - Scherpenheuvel-Zichem › Scherpenheuvel-Zichem ,11.8,0.0,49.0,384,,0
16.06,49,Stage 2 - Beveren › Knokke-Heist ,175.6,0.0,181.0,384,,0
15.06,8,Stage 1 - Merelbeke › Maarkedal ,165.0,59.0,1798.0,384,1.0,0
10.06,31,Grosser Preis des Kantons Aargau (1.1) ,173.8,136.0,2902.0,338,,0
06.06,14,Ronde van Limburg (1.1) ,202.6,32.0,1651.0,312,7.0,0
05.06,15,Brussels Cycling Classic (1.Pro) ,203.9,33.0,1850.0,362,12.0,0
29.05,10,Marcel Kint Classic (1.1) ,199.0,40.0,1599.0,143,14.0,0
26.05,2,Circuit de Wallonie (1.1) ,192.2,58.0,2030.0,130,55.0,1
22.05,9,Boucles de l'Aulne - Châteaulin (1.1) ,175.2,86.0,2848.0,133,16.0,0
21.05,58,Tour du Finistère (1.1) ,193.3,115.0,2860.0,137,,0
03.05 » 08.05,,4 Jours de Dunkerque / Grand Prix des Hauts de France (2.Pro) ,,18.0,1089.0,159,,0
04.05,DNS,Stage 2 - Béthune › Maubeuge ,181.5,18.0,1089.0,159,,0
03.05,22,Stage 1 - Dunkerque › Aniche ,161.1,7.0,713.0,159,,0
20.04,88,La Flèche Wallonne (1.UWT) ,202.1,173.0,3160.0,974,5.0,0
16.04,3,Tour du Jura Cycliste (1.1) ,169.8,129.0,2617.0,142,40.0,1
15.04,DNF,Classic Grand Besançon Doubs (1.1) ,177.5,187.0,2786.0,145,,0
12.04,10,Paris - Camembert (1.1) ,213.8,105.0,2779.0,108,14.0,0
05.04 » 08.04,,Circuit Cycliste Sarthe - Pays de la Loire (2.1) ,,,,239,,0
,16,Mountains classification ,,,,239,,0
,12,Points classification ,,,,239,,0
,5,General classification ,,,,239,28.0,0
08.04,16,Stage 4 - La Chapelle-Saint-Aubin › La Chapelle-Saint-Aubin ,136.4,27.0,1876.0,239,,0
07.04,16,Stage 3 - Sablé-sur-Sarthe › Sablé-sur-Sarthe ,176.5,5.0,1077.0,239,,0
06.04,16,Stage 2 - Le Lude › Le Lude ,174.7,32.0,1346.0,239,,0
05.04,3,Stage 1 - Mamers › Mamers ,192.3,67.0,2651.0,239,7.0,1
01.04,1,La Route Adélie de Vitré (1.1) ,176.7,68.0,2578.0,130,75.0,1
27.03,36,La Roue Tourangelle Centre Val de Loire - Trophée Groupama Paris Val de Loire (1.1) ,202.0,30.0,1525.0,122,,0
20.03,7,Cholet - Pays de la Loire (1.1) ,202.0,41.0,1714.0,83,20.0,0
19.03,16,Classic Loire Atlantique (1.1) ,182.8,83.0,2452.0,98,5.0,0
06.03,14,Grote Prijs Jean-Pierre Monseré (1.1) ,203.2,1.0,650.0,112,7.0,0
02.03,DNF,Trofeo Laigueglia (1.Pro) ,202.0,151.0,2973.0,320,,0
27.02,35,Drôme Classic (1.Pro) ,191.5,127.0,2371.0,464,,0
10.02 » 13.02,,Tour de la Provence (2.Pro) ,,206.0,3223.0,318,,0
13.02,DNS,Stage 3 - Manosque › Montagne de Lure ,166.1,206.0,3223.0,318,,0
12.02,80,Stage 2 - Arles › Manosque ,180.6,69.0,2202.0,318,,0
11.02,100,Stage 1 - Istres › Les Saintes-Maries-de-la-Mer ,151.8,2.0,360.0,318,,0
10.02,41,Prologue - Berre-l'Étang › Berre-l'Étang ,7.1,0.0,14.0,318,,0
01.02 » 05.02,,Saudi Tour (2.1) ,,,,195,,0
,15,Youth classification ,,,,195,,0
,23,Points classification ,,,,195,,0
,57,General classification ,,,,195,,0
05.02,46,Stage 5 - AlUla Old Town › AlUla Old Town ,138.9,5.0,753.0,195,,0
04.02,73,Stage 4 - Winter Park › Skyviews of Harrat Uwayrid ,149.3,84.0,1300.0,195,,0
03.02,86,Stage 3 - Tayma Hadaj Well › AlUla Old Town ,181.2,3.0,854.0,195,,0
02.02,7,Stage 2 - Taibah University › Abu Rakah ,163.9,42.0,1669.0,195,2.0,0
01.02,64,Stage 1 - Winter Park › Winter Park ,198.0,9.0,1117.0,195,,0
