date,result,name,distance,profile,vert,startlist,points,top3
08.10,7,Il Lombardia (1.UWT) ,253.0,278.0,4852.0,1019,80.0,0
06.10,26,Gran Piemonte (1.Pro) ,198.0,44.0,1426.0,424,,0
04.10,7,Tre Valli Varesine (1.Pro) ,196.3,152.0,3464.0,922,35.0,0
25.09,25,World Championships ME - Road Race (WC) ,266.9,160.0,4167.0,1053,20.0,0
21.09,5,World Championships - Mixed Relay TTT (WC) ,28.2,11.0,226.0,91,0.5,0
18.09,25,World Championships ME - ITT (WC) ,34.2,17.0,324.0,324,10.0,0
24.08 » 28.08,,Deutschland Tour (2.Pro) ,,,,458,,0
,21,Mountains classification ,,,,458,,0
,6,Points classification ,,,,458,,0
,26,General classification ,,,,458,,0
28.08,31,Stage 4 - Schiltach › Stuttgart ,186.6,93.0,2586.0,458,,0
27.08,56,Stage 3 - Freiburg  › Schauinsland ,148.9,203.0,2065.0,458,,0
26.08,24,Stage 2 - Meiningen › Marburg ,200.7,87.0,2467.0,458,,0
25.08,83,Stage 1 - Weimar › Meiningen ,171.7,62.0,2103.0,458,,0
24.08,2,Prologue - Weimar › Weimar ,2.6,1.0,17.0,458,18.0,1
30.07,4,Donostia San Sebastian Klasikoa (1.UWT) ,224.8,231.0,4147.0,724,90.0,0
01.07 » 24.07,,Tour de France (2.UWT) ,,,,1550,,0
,84,Points classification ,,,,1550,,0
,24,General classification ,,,,1550,80.0,0
24.07,118,Stage 21 - Paris La Défense › Paris (Champs-Élysées) ,115.6,13.0,748.0,1550,,0
23.07,6,Stage 20 (ITT) - Lacapelle-Marival › Rocamadour ,40.7,39.0,434.0,1550,26.0,0
22.07,109,Stage 19 - Castelnau-Magnoac › Cahors ,188.3,35.0,1316.0,1550,,0
21.07,26,Stage 18 - Lourdes › Hautacam ,143.2,408.0,4036.0,1550,,0
20.07,28,Stage 17 - Saint-Gaudens › Peyragudes ,129.7,324.0,3364.0,1550,,0
19.07,55,Stage 16 - Carcassonne › Foix ,178.5,204.0,3418.0,1550,,0
17.07,52,Stage 15 - Rodez › Carcassonne ,202.5,64.0,2416.0,1550,,0
16.07,19,Stage 14 - Saint-Etienne › Mende  159k,192.5,170.0,3441.0,1550,,0
15.07,73,Stage 13 - Bourg d'Oisans › Saint-Etienne ,192.6,78.0,2109.0,1550,,0
14.07,29,Stage 12 - Briançon › L'Alpe d'Huez ,165.1,389.0,4660.0,1550,,0
13.07,40,Stage 11 - Albertville › Col du Granon ,151.7,400.0,4070.0,1550,,0
12.07,54,Stage 10 - Morzine › Megève ,148.1,143.0,2733.0,1550,,0
10.07,60,Stage 9 - Aigle › Châtel les portes du Soleil ,192.9,223.0,3743.0,1550,,0
09.07,56,Stage 8 - Dole › Lausanne ,186.3,87.0,2556.0,1550,,0
08.07,50,Stage 7 - Tomblaine › La Super Planche des Belles Filles ,176.3,192.0,2526.0,1550,,0
07.07,42,Stage 6 - Binche › Longwy ,219.9,85.0,2477.0,1550,,0
06.07,88,Stage 5 - Lille › Wallers-Arenberg ,157.0,1.0,601.0,1550,,0
05.07,104,Stage 4 - Dunkerque › Calais ,171.5,63.0,1785.0,1550,,0
03.07,118,Stage 3 - Vejle › Sønderborg ,182.0,16.0,1280.0,1550,,0
02.07,115,Stage 2 - Roskilde › Nyborg ,202.2,11.0,1149.0,1550,,0
01.07,9,Stage 1 (ITT) - Copenhagen › Copenhagen ,13.2,0.0,21.0,1550,14.0,0
24.06,DNF,National Championships Netherlands - Road Race (NC) ,193.8,,,134,,0
22.06,1,National Championships Netherlands - ITT (NC) ,29.6,,,41,15.0,1
06.05 » 29.05,,Giro d'Italia (2.UWT) ,,,,816,,0
,14,Mountains classification ,,,,816,,0
,16,Points classification ,,,,816,,0
,26,General classification ,,,,816,40.0,0
29.05,4,Stage 21 (ITT) - Verona › Verona ,17.4,30.0,317.0,816,25.0,0
28.05,60,Stage 20 - Belluno › Marmolada (Passo Fedaia) ,168.0,392.0,4718.0,816,,0
27.05,49,Stage 19 - Marano Lagunare › Santuario di Castelmonte ,178.0,262.0,3489.0,816,,0
26.05,91,Stage 18 - Borgo Valsugana › Treviso ,156.0,34.0,1219.0,816,,0
25.05,32,Stage 17 - Ponte di Legno › Lavarone ,168.0,347.0,3950.0,816,,0
24.05,82,Stage 16 - Salò › Aprica ,202.0,376.0,5268.0,816,,0
22.05,8,Stage 15 - Rivarolo Canavese › Cogne  96k,177.0,301.0,4019.0,816,10.0,0
21.05,30,Stage 14 - Santena › Torino ,147.0,247.0,3167.0,816,,0
20.05,46,Stage 13 - Sanremo › Cuneo ,150.0,51.0,1817.0,816,,0
19.05,4,Stage 12 - Parma › Genova  145k,204.0,112.0,2867.0,816,25.0,0
18.05,91,Stage 11 - Santarcangelo di Romagna › Reggio Emilia ,203.0,0.0,369.0,816,,0
17.05,56,Stage 10 - Pescara › Jesi ,196.0,86.0,1764.0,816,,0
15.05,38,Stage 9 - Isernia › Blockhaus ,191.0,458.0,5080.0,816,,0
14.05,84,Stage 8 - Napoli › Napoli ,153.0,123.0,2243.0,816,,0
13.05,2,Stage 7 - Diamante › Potenza  140k,196.0,246.0,4730.0,816,50.0,1
12.05,130,Stage 6 - Palmi › Scalea ,192.0,49.0,1498.0,816,,0
11.05,133,Stage 5 - Catania › Messina ,174.0,31.0,1968.0,816,,0
10.05,39,Stage 4 - Avola › Etna ,172.0,251.0,3626.0,816,,0
08.05,128,Stage 3 - Kaposvár › Balatonfüred ,201.0,7.0,1150.0,816,,0
07.05,14,Stage 2 (ITT) - Budapest › Budapest ,9.2,8.0,81.0,816,2.0,0
06.05,7,Stage 1 - Budapest › Visegrád ,195.0,51.0,1390.0,816,12.0,0
24.04,29,Liège-Bastogne-Liège (1.UWT) ,257.2,182.0,4342.0,1101,11.0,0
20.04,21,La Flèche Wallonne (1.UWT) ,202.1,173.0,3160.0,974,14.0,0
06.03 » 13.03,,Paris - Nice (2.UWT) ,,,,1183,,0
,21,Mountains classification ,,,,1183,,0
,33,Points classification ,,,,1183,,0
,18,General classification ,,,,1183,28.0,0
13.03,37,Stage 8 - Nice › Nice ,115.6,184.0,2436.0,1183,,0
12.03,20,Stage 7 - Nice › Col de Turini ,155.2,303.0,3582.0,1183,,0
11.03,37,Stage 6 - Courthézon › Aubagne ,213.6,97.0,2878.0,1183,,0
10.03,14,Stage 5 - Saint-Just-Saint-Rambert › Saint-Sauveur-de-Montagut ,188.8,188.0,3408.0,1183,,0
09.03,18,Stage 4 (ITT) - Domérat › Montluçon ,13.4,18.0,188.0,1183,,0
08.03,53,Stage 3 - Vierzon › Dun-le-Palestel ,190.8,63.0,1929.0,1183,,0
07.03,66,Stage 2 - Auffargis › Orléans ,159.2,8.0,707.0,1183,,0
06.03,17,Stage 1 - Mantes-la-Ville › Mantes-la-Ville ,159.8,56.0,1723.0,1183,,0
02.03,22,Trofeo Laigueglia (1.Pro) ,202.0,151.0,2973.0,320,4.0,0
18.02 » 20.02,,Tour des Alpes Maritimes et du Var (2.1) ,,,,292,,0
,14,Mountains classification ,,,,292,,0
,7,Points classification ,,,,292,,0
,5,General classification ,,,,292,28.0,0
20.02,29,Stage 3 - Villefranche-sur-Mer › Blausasc ,112.6,178.0,2650.0,292,,0
19.02,4,Stage 2 - Puget-Théniers › La Turbie ,149.1,175.0,2663.0,292,5.0,0
18.02,13,Stage 1 - Saint-Raphaël  › La Seyne-sur-Mer ,176.3,47.0,1955.0,292,,0
02.02 » 06.02,,Etoile de Bessèges - Tour du Gard (2.1) ,,,,366,,0
,15,Points classification ,,,,366,,0
,50,General classification ,,,,366,,0
06.02,4,Stage 5 (ITT) - Alès › Alès l'Ermitage ,10.64,20.0,171.0,366,5.0,0
05.02,7,Stage 4 - Saint-Hilaire-de-Brethmas › Le Mont Bouquet ,146.71,108.0,1817.0,366,2.0,0
04.02,56,Stage 3 - Bessèges › Bessèges ,155.65,76.0,2051.0,366,,0
03.02,51,Stage 2 - Saint-Christol-lèz-Alès › Rousson ,156.21,67.0,1702.0,366,,0
02.02,109,Stage 1 - Bellegarde › Bellegarde ,160.86,18.0,538.0,366,,0
30.01,23,Grand Prix Cycliste de Marseille La Marseillaise (1.1) ,174.3,120.0,2921.0,325,,0
