date,result,name,distance,profile,vert,startlist,points,top3
06.10,14,Gran Piemonte (1.Pro) ,198.0,44.0,1426.0,424,14.0,0
03.10,DNF,Coppa Bernocchi - GP BPM (1.Pro) ,190.7,84.0,2087.0,405,,0
29.09,35,Coppa Agostoni - Giro delle Brianze (1.1) ,193.0,121.0,3189.0,358,,0
13.09 » 17.09,,Skoda Tour Luxembourg (2.Pro) ,,,,177,,0
,7,Points classification ,,,,177,,0
,8,General classification ,,,,177,50.0,0
17.09,16,Stage 5 - Mersch › Luxembourg ,178.4,146.0,3186.0,177,,0
16.09,13,Stage 4 (ITT) - Remich › Remich ,26.1,38.0,303.0,177,,0
15.09,2,Stage 3 - Rosport › Diekirch ,188.4,99.0,2940.0,177,18.0,1
14.09,8,Stage 2 - Junglinster › Schifflange ,163.4,55.0,2060.0,177,1.0,0
13.09,6,Stage 1 - Luxembourg › Luxembourg ,163.8,132.0,2554.0,177,3.0,0
04.09,5,Tour du Doubs (1.1) ,204.0,104.0,2974.0,314,28.0,0
28.08,8,Bretagne Classic - Ouest-France (1.UWT) ,254.8,95.0,3116.0,812,50.0,0
23.08 » 26.08,,Tour Poitou - Charentes en Nouvelle Aquitaine (2.1) ,,,,182,,0
,9,Mountains classification ,,,,182,,0
,8,Points classification ,,,,182,,0
,4,General classification ,,,,182,36.0,0
26.08,2,Stage 5 - Mansle › Poitiers ,185.1,27.0,1368.0,182,12.0,1
25.08,4,Stage 4 (ITT) - Smarves › Vivonne ,21.4,5.0,167.0,182,5.0,0
25.08,24,Stage 3 - Nieuil-l'Espoir › Vivonne ,90.7,14.0,600.0,182,,0
24.08,18,Stage 2 - Périgny › Vars ,195.5,19.0,1240.0,182,,0
23.08,20,Stage 1 - Chauray › Périgny ,193.1,4.0,1019.0,182,,0
14.08,17,La Polynormande (1.1) ,168.9,59.0,2156.0,229,4.0,0
01.07 » 24.07,,Tour de France (2.UWT) ,,,,1550,,0
,44,Mountains classification ,,,,1550,,0
,31,Points classification ,,,,1550,,0
,53,General classification ,,,,1550,25.0,0
24.07,70,Stage 21 - Paris La Défense › Paris (Champs-Élysées) ,115.6,13.0,748.0,1550,,0
23.07,24,Stage 20 (ITT) - Lacapelle-Marival › Rocamadour ,40.7,39.0,434.0,1550,,0
22.07,47,Stage 19 - Castelnau-Magnoac › Cahors ,188.3,35.0,1316.0,1550,,0
21.07,114,Stage 18 - Lourdes › Hautacam ,143.2,408.0,4036.0,1550,,0
20.07,83,Stage 17 - Saint-Gaudens › Peyragudes ,129.7,324.0,3364.0,1550,,0
19.07,54,Stage 16 - Carcassonne › Foix ,178.5,204.0,3418.0,1550,,0
17.07,63,Stage 15 - Rodez › Carcassonne ,202.5,64.0,2416.0,1550,,0
16.07,129,Stage 14 - Saint-Etienne › Mende ,192.5,170.0,3441.0,1550,,0
15.07,156,Stage 13 - Bourg d'Oisans › Saint-Etienne ,192.6,78.0,2109.0,1550,,0
14.07,133,Stage 12 - Briançon › L'Alpe d'Huez ,165.1,389.0,4660.0,1550,,0
13.07,92,Stage 11 - Albertville › Col du Granon ,151.7,400.0,4070.0,1550,,0
12.07,7,Stage 10 - Morzine › Megève  86k,148.1,143.0,2733.0,1550,22.0,0
10.07,49,Stage 9 - Aigle › Châtel les portes du Soleil ,192.9,223.0,3743.0,1550,,0
09.07,7,Stage 8 - Dole › Lausanne ,186.3,87.0,2556.0,1550,22.0,0
08.07,80,Stage 7 - Tomblaine › La Super Planche des Belles Filles ,176.3,192.0,2526.0,1550,,0
07.07,23,Stage 6 - Binche › Longwy ,219.9,85.0,2477.0,1550,,0
06.07,27,Stage 5 - Lille › Wallers-Arenberg ,157.0,1.0,601.0,1550,,0
05.07,10,Stage 4 - Dunkerque › Calais ,171.5,63.0,1785.0,1550,10.0,0
03.07,145,Stage 3 - Vejle › Sønderborg ,182.0,16.0,1280.0,1550,,0
02.07,81,Stage 2 - Roskilde › Nyborg ,202.2,11.0,1149.0,1550,,0
01.07,23,Stage 1 (ITT) - Copenhagen › Copenhagen ,13.2,0.0,21.0,1550,,0
26.06,5,National Championships France - Road Race (NC) ,240.0,,,400,2.0,0
23.06,3,National Championships France - ITT (NC) ,44.3,,,35,2.0,1
05.06 » 12.06,,Critérium du Dauphiné (2.UWT) ,,,,788,,0
,42,Mountains classification ,,,,788,,0
,34,Points classification ,,,,788,,0
,58,General classification ,,,,788,5.0,0
12.06,102,Stage 8 - Saint-Alban-Leysse › Plateau de Salaison ,138.8,375.0,3782.0,788,,0
11.06,52,Stage 7 - Saint-Chaffrey › Vaujany ,134.8,311.0,3828.0,788,,0
10.06,100,Stage 6 - Rives › Gap ,196.5,74.0,2958.0,788,,0
09.06,15,Stage 5 - Thizy-les-Bourgs › Chaintré  127k,162.3,60.0,1991.0,788,,0
08.06,31,Stage 4 (ITT) - Montbrison › La Bâtie d’Urfé ,31.9,1.0,96.0,788,,0
07.06,84,Stage 3 - Saint-Paulien › Chastreix-Sancy ,169.0,140.0,2707.0,788,,0
06.06,13,Stage 2 - Saint-Péray › Brives-Charensac ,169.8,91.0,2956.0,788,,0
05.06,9,Stage 1 - La Voulte-sur-Rhône › Beauchastel ,191.8,74.0,2473.0,788,2.0,0
26.05 » 29.05,,Boucles de la Mayenne - Crédit Mutuel (2.Pro) ,,,,177,,0
,10,Points classification ,,,,177,,0
,1,General classification ,,,,177,150.0,1
29.05,19,Stage 4 - Martigné-sur-Mayenne › Laval ,180.0,41.0,1918.0,177,,0
28.05,18,Stage 3 - Saint-Berthevin › Château-Gontier-sur-Mayenne ,188.0,42.0,1758.0,177,,0
27.05,1,Stage 2 - Jublains › Pré-en-Pail-Saint-Samson ,171.0,105.0,2392.0,177,30.0,1
26.05,32,Stage 1 - Saint-Pierre-des-Landes › Andouillé ,180.0,49.0,1921.0,177,,0
03.05 » 08.05,,4 Jours de Dunkerque / Grand Prix des Hauts de France (2.Pro) ,,,,159,,0
,22,Mountains classification ,,,,159,,0
,19,Points classification ,,,,159,,0
,4,General classification ,,,,159,80.0,0
08.05,8,Stage 6 - Ardres › Dunkerque ,182.9,8.0,668.0,159,1.0,0
07.05,5,Stage 5 - Roubaix › Cassel ,183.7,95.0,2336.0,159,4.0,0
06.05,49,Stage 4 - Mazingarbe › Aire-sur-la-Lys ,170.8,15.0,1129.0,159,,0
05.05,10,Stage 3 - Péronne › Mont-Saint-Éloi ,170.0,30.0,1573.0,159,,0
04.05,53,Stage 2 - Béthune › Maubeuge ,181.5,18.0,1089.0,159,,0
03.05,58,Stage 1 - Dunkerque › Aniche ,161.1,7.0,713.0,159,,0
10.04,51,Amstel Gold Race (1.UWT) ,254.1,112.0,3460.0,702,5.0,0
05.04 » 08.04,,Circuit Cycliste Sarthe - Pays de la Loire (2.1) ,,27.0,1876.0,239,,0
08.04,DNF,Stage 4 - La Chapelle-Saint-Aubin › La Chapelle-Saint-Aubin ,136.4,27.0,1876.0,239,,0
07.04,50,Stage 3 - Sablé-sur-Sarthe › Sablé-sur-Sarthe ,176.5,5.0,1077.0,239,,0
06.04,12,Stage 2 - Le Lude › Le Lude ,174.7,32.0,1346.0,239,,0
05.04,52,Stage 1 - Mamers › Mamers ,192.3,67.0,2651.0,239,,0
01.04,24,La Route Adélie de Vitré (1.1) ,176.7,68.0,2578.0,130,,0
27.03,78,La Roue Tourangelle Centre Val de Loire - Trophée Groupama Paris Val de Loire (1.1) ,202.0,30.0,1525.0,122,,0
07.03 » 13.03,,Tirreno-Adriatico (2.UWT) ,,,,1061,,0
,28,Mountains classification ,,,,1061,,0
,27,Points classification ,,,,1061,,0
,40,General classification ,,,,1061,5.0,0
13.03,57,Stage 7 - San Benedetto del Tronto › San Benedetto del Tronto ,159.0,19.0,1296.0,1061,,0
12.03,75,Stage 6 - Apecchio › Carpegna ,215.0,266.0,3817.0,1061,,0
11.03,27,Stage 5 - Sefro › Fermo  92k,155.0,191.0,2402.0,1061,,0
10.03,33,Stage 4 - Cascata delle Marmore › Bellante ,202.0,131.0,3092.0,1061,,0
09.03,13,Stage 3 - Murlo › Terni ,170.0,53.0,2063.0,1061,,0
08.03,74,Stage 2 - Camaiore › Sovicille ,219.0,70.0,2144.0,1061,,0
07.03,12,Stage 1 (ITT) - Lido di Camaiore › Lido di Camaiore ,13.9,0.0,4.0,1061,,0
02.03,17,Trofeo Laigueglia (1.Pro) ,202.0,151.0,2973.0,320,9.0,0
27.02,49,Drôme Classic (1.Pro) ,191.5,127.0,2371.0,464,,0
26.02,96,Faun-Ardèche Classic (1.Pro) ,168.5,216.0,3161.0,453,,0
02.02 » 06.02,,Etoile de Bessèges - Tour du Gard (2.1) ,,,,366,,0
,2,Points classification ,,,,366,,1
,1,General classification ,,,,366,100.0,1
06.02,3,Stage 5 (ITT) - Alès › Alès l'Ermitage ,10.64,20.0,171.0,366,7.0,1
05.02,11,Stage 4 - Saint-Hilaire-de-Brethmas › Le Mont Bouquet ,146.71,108.0,1817.0,366,,0
04.02,1,Stage 3 - Bessèges › Bessèges ,155.65,76.0,2051.0,366,20.0,1
03.02,6,Stage 2 - Saint-Christol-lèz-Alès › Rousson ,156.21,67.0,1702.0,366,3.0,0
02.02,8,Stage 1 - Bellegarde › Bellegarde ,160.86,18.0,538.0,366,1.0,0
30.01,12,Grand Prix Cycliste de Marseille La Marseillaise (1.1) ,174.3,120.0,2921.0,325,10.0,0
