date,result,name,distance,profile,vert,startlist,points,top3
09.10,83.0,Paris - Tours Elite (1.Pro) ,213.5,33.0,1242.0,579,,0
04.10,5.0,Tre Valli Varesine (1.Pro) ,196.3,152.0,3464.0,922,45.0,0
25.09,26.0,World Championships ME - Road Race (WC) ,266.9,160.0,4167.0,1053,19.0,0
11.09,20.0,Grand Prix Cycliste de Montréal (1.UWT) ,221.4,182.0,4124.0,864,15.0,0
09.09,1.0,Grand Prix Cycliste de Québec (1.UWT) ,201.6,60.0,2508.0,866,225.0,1
04.09,13.0,Tour du Doubs (1.1) ,204.0,104.0,2974.0,314,8.0,0
28.08,20.0,Bretagne Classic - Ouest-France (1.UWT) ,254.8,95.0,3116.0,812,15.0,0
16.08 » 19.08,,Tour du Limousin - Nouvelle Aquitaine (2.1) ,,,,335,,0
,6.0,General classification ,,,,335,24.0,0
19.08,37.0,Stage 4 - Saint-Laurent-sur-Gorre › Limoges ,174.8,84.0,2488.0,335,,0
18.08,9.0,Stage 3 - Donzenac › Malemort  ,181.7,145.0,3016.0,335,,0
17.08,64.0,Stage 2 - Le Grand Périgueux Champcevinel › Ribérac  ,184.7,33.0,1931.0,335,,0
16.08,112.0,Stage 1 - Verneuil-sur-Vienne › La Souterraine  ,176.4,41.0,1984.0,335,,0
01.07 » 24.07,,Tour de France (2.UWT) ,,,,1550,,0
,90.0,Points classification ,,,,1550,,0
,90.0,General classification ,,,,1550,25.0,0
24.07,124.0,Stage 21 - Paris La Défense › Paris (Champs-Élysées) ,115.6,13.0,748.0,1550,,0
23.07,122.0,Stage 20 (ITT) - Lacapelle-Marival › Rocamadour ,40.7,39.0,434.0,1550,,0
22.07,55.0,Stage 19 - Castelnau-Magnoac › Cahors ,188.3,35.0,1316.0,1550,,0
21.07,65.0,Stage 18 - Lourdes › Hautacam ,143.2,408.0,4036.0,1550,,0
20.07,94.0,Stage 17 - Saint-Gaudens › Peyragudes ,129.7,324.0,3364.0,1550,,0
19.07,77.0,Stage 16 - Carcassonne › Foix ,178.5,204.0,3418.0,1550,,0
17.07,146.0,Stage 15 - Rodez › Carcassonne ,202.5,64.0,2416.0,1550,,0
16.07,21.0,Stage 14 - Saint-Etienne › Mende  158k,192.5,170.0,3441.0,1550,,0
15.07,140.0,Stage 13 - Bourg d'Oisans › Saint-Etienne ,192.6,78.0,2109.0,1550,,0
14.07,89.0,Stage 12 - Briançon › L'Alpe d'Huez ,165.1,389.0,4660.0,1550,,0
13.07,104.0,Stage 11 - Albertville › Col du Granon ,151.7,400.0,4070.0,1550,,0
12.07,107.0,Stage 10 - Morzine › Megève ,148.1,143.0,2733.0,1550,,0
10.07,51.0,Stage 9 - Aigle › Châtel les portes du Soleil  103k,192.9,223.0,3743.0,1550,,0
09.07,116.0,Stage 8 - Dole › Lausanne ,186.3,87.0,2556.0,1550,,0
08.07,118.0,Stage 7 - Tomblaine › La Super Planche des Belles Filles ,176.3,192.0,2526.0,1550,,0
07.07,36.0,Stage 6 - Binche › Longwy ,219.9,85.0,2477.0,1550,,0
06.07,149.0,Stage 5 - Lille › Wallers-Arenberg ,157.0,1.0,601.0,1550,,0
05.07,107.0,Stage 4 - Dunkerque › Calais ,171.5,63.0,1785.0,1550,,0
03.07,109.0,Stage 3 - Vejle › Sønderborg ,182.0,16.0,1280.0,1550,,0
02.07,161.0,Stage 2 - Roskilde › Nyborg ,202.2,11.0,1149.0,1550,,0
01.07,114.0,Stage 1 (ITT) - Copenhagen › Copenhagen ,13.2,0.0,21.0,1550,,0
26.06,66.0,National Championships France - Road Race (NC) ,240.0,,,400,,0
12.06 » 19.06,,Tour de Suisse (2.UWT) ,,,,767,,0
,62.0,General classification ,,,,767,5.0,0
19.06,33.0,Stage 8 (ITT) - Vaduz › Vaduz ,25.6,3.0,131.0,767,,0
18.06,50.0,Stage 7 - Ambri › Malbun ,194.6,347.0,3881.0,767,,0
17.06,63.0,Stage 6 - Locarno › Moosalp ,177.5,304.0,4155.0,767,,0
16.06,114.0,Stage 5 - Ambri › Novazzano ,190.1,195.0,2610.0,767,,0
15.06,108.0,Stage 4 - Grenchen › Brunnen ,190.8,82.0,2062.0,767,,0
14.06,85.0,Stage 3 - Aesch › Grenchen ,176.9,119.0,3125.0,767,,0
13.06,117.0,Stage 2 - Küsnacht › Aesch ,198.0,123.0,2746.0,767,,0
12.06,113.0,Stage 1 - Küsnacht › Küsnacht  ,177.6,135.0,2746.0,767,,0
10.06,11.0,Grosser Preis des Kantons Aargau (1.1) ,173.8,136.0,2902.0,338,12.0,0
26.05 » 29.05,,Boucles de la Mayenne - Crédit Mutuel (2.Pro) ,,,,177,,0
,12.0,Points classification ,,,,177,,0
,2.0,General classification ,,,,177,110.0,1
29.05,30.0,Stage 4 - Martigné-sur-Mayenne › Laval ,180.0,41.0,1918.0,177,,0
28.05,27.0,Stage 3 - Saint-Berthevin › Château-Gontier-sur-Mayenne ,188.0,42.0,1758.0,177,,0
27.05,2.0,Stage 2 - Jublains › Pré-en-Pail-Saint-Samson ,171.0,105.0,2392.0,177,18.0,1
26.05,17.0,Stage 1 - Saint-Pierre-des-Landes › Andouillé ,180.0,49.0,1921.0,177,,0
24.04,24.0,Liège-Bastogne-Liège (1.UWT) ,257.2,182.0,4342.0,1101,16.0,0
20.04,13.0,La Flèche Wallonne (1.UWT) ,202.1,173.0,3160.0,974,30.0,0
13.04,2.0,De Brabantse Pijl - La Flèche Brabançonne (1.Pro)  51k,205.1,71.0,2034.0,534,85.0,1
10.04,2.0,Amstel Gold Race (1.UWT) ,254.1,112.0,3460.0,702,150.0,1
05.04 » 08.04,,Circuit Cycliste Sarthe - Pays de la Loire (2.1) ,,,,239,,0
,20.0,Mountains classification ,,,,239,,0
,3.0,Points classification ,,,,239,,1
,2.0,General classification ,,,,239,70.0,1
08.04,8.0,Stage 4 - La Chapelle-Saint-Aubin › La Chapelle-Saint-Aubin ,136.4,27.0,1876.0,239,1.0,0
07.04,13.0,Stage 3 - Sablé-sur-Sarthe › Sablé-sur-Sarthe ,176.5,5.0,1077.0,239,,0
06.04,13.0,Stage 2 - Le Lude › Le Lude ,174.7,32.0,1346.0,239,,0
05.04,2.0,Stage 1 - Mamers › Mamers ,192.3,67.0,2651.0,239,12.0,1
19.03,78.0,Milano-Sanremo (1.UWT) ,293.0,63.0,2096.0,936,5.0,0
16.03,15.0,Milano - Torino (1.Pro) ,199.0,21.0,1166.0,405,12.0,0
07.03 » 13.03,,Tirreno-Adriatico (2.UWT) ,,,,1061,,0
,46.0,Points classification ,,,,1061,,0
,54.0,General classification ,,,,1061,5.0,0
13.03,113.0,Stage 7 - San Benedetto del Tronto › San Benedetto del Tronto ,159.0,19.0,1296.0,1061,,0
12.03,62.0,Stage 6 - Apecchio › Carpegna  159k,215.0,266.0,3817.0,1061,,0
11.03,83.0,Stage 5 - Sefro › Fermo ,155.0,191.0,2402.0,1061,,0
10.03,49.0,Stage 4 - Cascata delle Marmore › Bellante ,202.0,131.0,3092.0,1061,,0
09.03,124.0,Stage 3 - Murlo › Terni ,170.0,53.0,2063.0,1061,,0
08.03,154.0,Stage 2 - Camaiore › Sovicille ,219.0,70.0,2144.0,1061,,0
07.03,94.0,Stage 1 (ITT) - Lido di Camaiore › Lido di Camaiore ,13.9,0.0,4.0,1061,,0
05.03,29.0,Strade Bianche (1.UWT) ,184.0,167.0,3107.0,662,6.0,0
27.02,3.0,Drôme Classic (1.Pro) ,191.5,127.0,2371.0,464,60.0,1
16.02 » 20.02,,Vuelta a Andalucia Ruta Ciclista Del Sol (2.Pro) ,,,,423,,0
,34.0,Points classification ,,,,423,,0
,46.0,General classification ,,,,423,,0
20.02,48.0,Stage 5 - Huesa › Chiclana de Segura ,146.4,151.0,2899.0,423,,0
19.02,104.0,Stage 4 - Cúllar Vega › Baza ,167.4,118.0,2987.0,423,,0
18.02,50.0,Stage 3 - Lucena › Otura ,153.2,111.0,2873.0,423,,0
17.02,19.0,Stage 2 - Archidona › Alcalá la Real ,150.6,143.0,2986.0,423,,0
16.02,10.0,Stage 1 - Ubrique › Iznájar ,200.7,121.0,3460.0,423,,0
30.01,5.0,Grand Prix Cycliste de Marseille La Marseillaise (1.1) ,174.3,120.0,2921.0,325,28.0,0
