date,result,name,distance,profile,vert,startlist,points,top3
04.10,60,Binche -  Chimay - Binche / Mémorial Frank Vandenbroucke (1.1) ,198.6,30.0,1977.0,484,,0
02.10,DNF,Famenne Ardenne Classic (1.1) ,188.0,100.0,2873.0,297,,0
25.09,54,World Championships ME - Road Race (WC) ,266.9,160.0,4167.0,1053,15.0,0
14.09,2,Grand Prix de Wallonie (1.Pro) ,199.7,93.0,2754.0,362,85.0,1
11.09,DNF,Grand Prix Cycliste de Montréal (1.UWT) ,221.4,182.0,4124.0,864,,0
09.09,3,Grand Prix Cycliste de Québec (1.UWT) ,201.6,60.0,2508.0,866,110.0,1
04.09,4,Tour du Doubs (1.1) ,204.0,104.0,2974.0,314,32.0,0
28.08,6,Bretagne Classic - Ouest-France (1.UWT) ,254.8,95.0,3116.0,812,70.0,0
24.08,15,Druivenkoers - Overijse (1.1) ,192.0,51.0,1629.0,389,6.0,0
16.08 » 19.08,,Tour du Limousin - Nouvelle Aquitaine (2.1) ,,,,335,,0
,36,Youth classification ,,,,335,,0
,103,General classification ,,,,335,,0
19.08,93,Stage 4 - Saint-Laurent-sur-Gorre › Limoges ,174.8,84.0,2488.0,335,,0
18.08,105,Stage 3 - Donzenac › Malemort  ,181.7,145.0,3016.0,335,,0
17.08,8,Stage 2 - Le Grand Périgueux Champcevinel › Ribérac  ,184.7,33.0,1931.0,335,1.0,0
16.08,70,Stage 1 - Verneuil-sur-Vienne › La Souterraine  ,176.4,41.0,1984.0,335,,0
10.08,DNF,Circuit Franco-Belge (1.Pro) ,175.2,78.0,2007.0,344,,0
23.07 » 27.07,,Ethias-Tour de Wallonie (2.Pro) ,,29.0,1703.0,378,,0
27.07,DNF,Stage 5 - Le Roeulx › Chapelle-lez-Herlaimont ,214.8,29.0,1703.0,378,,0
26.07,5,Stage 4 - Durbuy › Couvin ,200.8,136.0,3289.0,378,4.0,0
25.07,2,Stage 3 - Visé › Rochefort ,195.6,95.0,2850.0,378,18.0,1
24.07,62,Stage 2 - Verviers › Herve ,176.8,121.0,2748.0,378,,0
23.07,12,Stage 1 - Temploux › Huy ,174.4,98.0,2257.0,378,,0
26.06,DNF,National Championships Eritrea - Road Race (NC) ,171.7,,,35,,0
24.06,1,National Championships Eritrea - ITT (NC) ,36.0,,,26,15.0,1
06.05 » 29.05,,Giro d'Italia (2.UWT) ,,0.0,369.0,816,,0
18.05,DNS,Stage 11 - Santarcangelo di Romagna › Reggio Emilia ,203.0,0.0,369.0,816,,0
17.05,1,Stage 10 - Pescara › Jesi ,196.0,86.0,1764.0,816,80.0,1
15.05,128,Stage 9 - Isernia › Blockhaus ,191.0,458.0,5080.0,816,,0
14.05,5,Stage 8 - Napoli › Napoli  141k,153.0,123.0,2243.0,816,18.0,0
13.05,155,Stage 7 - Diamante › Potenza ,196.0,246.0,4730.0,816,,0
12.05,4,Stage 6 - Palmi › Scalea ,192.0,49.0,1498.0,816,25.0,0
11.05,5,Stage 5 - Catania › Messina ,174.0,31.0,1968.0,816,18.0,0
10.05,131,Stage 4 - Avola › Etna ,172.0,251.0,3626.0,816,,0
08.05,4,Stage 3 - Kaposvár › Balatonfüred ,201.0,7.0,1150.0,816,25.0,0
07.05,57,Stage 2 (ITT) - Budapest › Budapest ,9.2,8.0,81.0,816,,0
06.05,2,Stage 1 - Budapest › Visegrád ,195.0,51.0,1390.0,816,50.0,1
01.05,38,Eschborn-Frankfurt (1.UWT) ,185.0,89.0,2654.0,309,5.0,0
27.03,1,Gent-Wevelgem in Flanders Fields ME (1.UWT) ,248.8,35.0,1377.0,838,225.0,1
25.03,5,E3 Saxo Bank Classic (1.UWT)  60k,203.9,59.0,2010.0,636,80.0,0
23.03,21,Minerva Classic Brugge-De Panne (1.UWT) ,207.9,0.0,246.0,459,14.0,0
19.03,12,Milano-Sanremo (1.UWT) ,293.0,63.0,2096.0,936,42.0,0
16.03,10,Milano - Torino (1.Pro) ,199.0,21.0,1166.0,405,22.0,0
06.03 » 13.03,,Paris - Nice (2.UWT) ,,303.0,3582.0,1183,,0
12.03,DNF,Stage 7 - Nice › Col de Turini ,155.2,303.0,3582.0,1183,,0
11.03,4,Stage 6 - Courthézon › Aubagne ,213.6,97.0,2878.0,1183,13.0,0
10.03,71,Stage 5 - Saint-Just-Saint-Rambert › Saint-Sauveur-de-Montagut ,188.8,188.0,3408.0,1183,,0
09.03,82,Stage 4 (ITT) - Domérat › Montluçon ,13.4,18.0,188.0,1183,,0
08.03,6,Stage 3 - Vierzon › Dun-le-Palestel ,190.8,63.0,1929.0,1183,7.0,0
07.03,73,Stage 2 - Auffargis › Orléans ,159.2,8.0,707.0,1183,,0
06.03,6,Stage 1 - Mantes-la-Ville › Mantes-la-Ville ,159.8,56.0,1723.0,1183,7.0,0
27.02,7,Drôme Classic (1.Pro) ,191.5,127.0,2371.0,464,35.0,0
16.02 » 20.02,,Vuelta a Andalucia Ruta Ciclista Del Sol (2.Pro) ,,,,423,,0
,68,General classification ,,,,423,,0
20.02,94,Stage 5 - Huesa › Chiclana de Segura ,146.4,151.0,2899.0,423,,0
19.02,73,Stage 4 - Cúllar Vega › Baza ,167.4,118.0,2987.0,423,,0
18.02,38,Stage 3 - Lucena › Otura ,153.2,111.0,2873.0,423,,0
17.02,31,Stage 2 - Archidona › Alcalá la Real ,150.6,143.0,2986.0,423,,0
16.02,53,Stage 1 - Ubrique › Iznájar ,200.7,121.0,3460.0,423,,0
14.02,DNF,Clásica Jaén Paraiso Interior (1.1) ,187.8,180.0,3064.0,166,,0
12.02,41,Vuelta Ciclista a la Region de Murcia Costa Calida (1.1) ,183.2,94.0,2331.0,197,,0
30.01,17,Trofeo Playa de Palma - Palma (1.1) ,169.1,35.0,1552.0,303,4.0,0
29.01,19,Trofeo Pollença - Port d'Andratx (1.1) ,170.1,207.0,3429.0,366,2.0,0
27.01,1,Trofeo Alcúdia - Port d'Alcúdia (1.1) ,173.2,62.0,1653.0,272,75.0,1
26.01,44,Trofeo Calvia (1.1) ,154.7,154.0,3211.0,305,,0
