date,result,name,distance,profile,vert,startlist,points,top3
19.08 » 11.09,,La Vuelta ciclista a España (2.UWT) ,,,,970,,0
,18,Youth classification ,,,,970,,0
,22,Mountains classification ,,,,970,,0
,73,Points classification ,,,,970,,0
,70,General classification ,,,,970,20.0,0
11.09,88,Stage 21 - Las Rozas › Madrid ,96.7,10.0,773.0,970,,0
10.09,77,Stage 20 - Moralzarzal › Puerto de Navacerrada ,181.0,216.0,3977.0,970,,0
09.09,99,Stage 19 - Talavera de la Reina › Talavera de la Reina  73k,138.3,101.0,2278.0,970,,0
08.09,81,Stage 18 - Trujillo › Alto del Piornal ,192.0,214.0,3680.0,970,,0
07.09,93,Stage 17 - Aracena › Monasterio de Tentudía ,162.3,161.0,2755.0,970,,0
06.09,96,Stage 16 - Sanlúcar de Barrameda › Tomares ,189.4,28.0,1076.0,970,,0
04.09,76,Stage 15 - Martos › Sierra Nevada  96k,152.6,407.0,4033.0,970,,0
03.09,49,Stage 14 - Montoro › Sierra de La Pandera ,160.3,278.0,3312.0,970,,0
02.09,76,Stage 13 - Ronda › Montilla ,168.4,54.0,1766.0,970,,0
01.09,94,Stage 12 - Salobreña › Peñas Blancas. Estepona ,192.7,273.0,3238.0,970,,0
31.08,133,Stage 11 - ElPozo Alimentación › Cabo de Gata ,191.2,38.0,1592.0,970,,0
30.08,125,Stage 10 (ITT) - Elche › Alicante ,30.9,4.0,179.0,970,,0
28.08,88,Stage 9 - Villaviciosa › Les Praeres. Nava ,171.4,242.0,3675.0,970,,0
27.08,105,Stage 8 - La Pola Llaviana/Pola de Laviana › Colláu Fancuaya ,153.4,335.0,3741.0,970,,0
26.08,88,Stage 7 - Camargo › Cistierna ,190.0,112.0,3359.0,970,,0
25.08,88,Stage 6 - Bilbao › Ascensión al Pico Jano. San Miguel de Aguayo ,181.2,294.0,4120.0,970,,0
24.08,60,Stage 5 - Irún › Bilbao ,187.2,162.0,2978.0,970,,0
23.08,31,Stage 4 - Vitoria-Gasteiz › Laguardia ,152.5,133.0,2319.0,970,,0
21.08,73,Stage 3 - Breda › Breda ,193.2,0.0,255.0,970,,0
20.08,45,Stage 2 - 's-Hertogenbosch › Utrecht ,175.1,10.0,518.0,970,,0
19.08,5,Stage 1 (TTT) - Utrecht › Utrecht ,23.3,0.0,31.0,970,1.0,0
01.07 » 24.07,,Tour de France (2.UWT) ,,,,1550,,0
,3,Youth classification ,,,,1550,,1
,15,Mountains classification ,,,,1550,,0
,72,Points classification ,,,,1550,,0
,19,General classification ,,,,1550,110.0,0
24.07,82,Stage 21 - Paris La Défense › Paris (Champs-Élysées) ,115.6,13.0,748.0,1550,,0
23.07,67,Stage 20 (ITT) - Lacapelle-Marival › Rocamadour ,40.7,39.0,434.0,1550,,0
22.07,68,Stage 19 - Castelnau-Magnoac › Cahors ,188.3,35.0,1316.0,1550,,0
21.07,41,Stage 18 - Lourdes › Hautacam ,143.2,408.0,4036.0,1550,,0
20.07,3,Stage 17 - Saint-Gaudens › Peyragudes ,129.7,324.0,3364.0,1550,50.0,1
19.07,14,Stage 16 - Carcassonne › Foix  146k,178.5,204.0,3418.0,1550,2.0,0
17.07,47,Stage 15 - Rodez › Carcassonne ,202.5,64.0,2416.0,1550,,0
16.07,40,Stage 14 - Saint-Etienne › Mende ,192.5,170.0,3441.0,1550,,0
15.07,77,Stage 13 - Bourg d'Oisans › Saint-Etienne ,192.6,78.0,2109.0,1550,,0
14.07,72,Stage 12 - Briançon › L'Alpe d'Huez ,165.1,389.0,4660.0,1550,,0
13.07,30,Stage 11 - Albertville › Col du Granon ,151.7,400.0,4070.0,1550,,0
12.07,43,Stage 10 - Morzine › Megève ,148.1,143.0,2733.0,1550,,0
10.07,25,Stage 9 - Aigle › Châtel les portes du Soleil  130k,192.9,223.0,3743.0,1550,,0
09.07,33,Stage 8 - Dole › Lausanne ,186.3,87.0,2556.0,1550,,0
08.07,35,Stage 7 - Tomblaine › La Super Planche des Belles Filles ,176.3,192.0,2526.0,1550,,0
07.07,21,Stage 6 - Binche › Longwy ,219.9,85.0,2477.0,1550,,0
06.07,61,Stage 5 - Lille › Wallers-Arenberg ,157.0,1.0,601.0,1550,,0
05.07,36,Stage 4 - Dunkerque › Calais ,171.5,63.0,1785.0,1550,,0
03.07,20,Stage 3 - Vejle › Sønderborg ,182.0,16.0,1280.0,1550,,0
02.07,30,Stage 2 - Roskilde › Nyborg ,202.2,11.0,1149.0,1550,,0
01.07,32,Stage 1 (ITT) - Copenhagen › Copenhagen ,13.2,0.0,21.0,1550,,0
05.06 » 12.06,,Critérium du Dauphiné (2.UWT) ,,,,788,,0
,2,Youth classification ,,,,788,,1
,51,Points classification ,,,,788,,0
,11,General classification ,,,,788,60.0,0
12.06,11,Stage 8 - Saint-Alban-Leysse › Plateau de Salaison ,138.8,375.0,3782.0,788,,0
11.06,17,Stage 7 - Saint-Chaffrey › Vaujany ,134.8,311.0,3828.0,788,,0
10.06,35,Stage 6 - Rives › Gap ,196.5,74.0,2958.0,788,,0
09.06,18,Stage 5 - Thizy-les-Bourgs › Chaintré ,162.3,60.0,1991.0,788,,0
08.06,32,Stage 4 (ITT) - Montbrison › La Bâtie d’Urfé ,31.9,1.0,96.0,788,,0
07.06,10,Stage 3 - Saint-Paulien › Chastreix-Sancy ,169.0,140.0,2707.0,788,1.0,0
06.06,48,Stage 2 - Saint-Péray › Brives-Charensac ,169.8,91.0,2956.0,788,,0
05.06,31,Stage 1 - La Voulte-sur-Rhône › Beauchastel ,191.8,74.0,2473.0,788,,0
26.04 » 01.05,,Tour de Romandie (2.UWT) ,,276.0,4158.0,506,,0
30.04,DNS,Stage 4 - Aigle › Zinal (Val d'Anniviers) ,180.1,276.0,4158.0,506,,0
29.04,21,Stage 3 - Valbroye › Valbroye ,165.1,107.0,2441.0,506,,0
28.04,14,Stage 2 - Échallens › Échallens ,168.2,83.0,2327.0,506,,0
27.04,21,Stage 1 - La Grande Beroche › Romont ,178.0,115.0,2729.0,506,,0
26.04,16,Prologue - Lausanne › Lausanne ,5.12,0.0,39.0,506,,0
24.04,DNF,Liège-Bastogne-Liège (1.UWT) ,257.2,182.0,4342.0,1101,,0
06.03 » 13.03,,Paris - Nice (2.UWT) ,,,,1183,,0
,3,Youth classification ,,,,1183,,1
,6,Mountains classification ,,,,1183,,0
,5,Points classification ,,,,1183,,0
,12,General classification ,,,,1183,55.0,0
13.03,4,Stage 8 - Nice › Nice ,115.6,184.0,2436.0,1183,13.0,0
12.03,6,Stage 7 - Nice › Col de Turini ,155.2,303.0,3582.0,1183,7.0,0
11.03,50,Stage 6 - Courthézon › Aubagne ,213.6,97.0,2878.0,1183,,0
10.03,1,Stage 5 - Saint-Just-Saint-Rambert › Saint-Sauveur-de-Montagut  174k,188.8,188.0,3408.0,1183,50.0,1
09.03,14,Stage 4 (ITT) - Domérat › Montluçon ,13.4,18.0,188.0,1183,,0
08.03,110,Stage 3 - Vierzon › Dun-le-Palestel ,190.8,63.0,1929.0,1183,,0
07.03,72,Stage 2 - Auffargis › Orléans ,159.2,8.0,707.0,1183,,0
06.03,26,Stage 1 - Mantes-la-Ville › Mantes-la-Ville ,159.8,56.0,1723.0,1183,,0
27.02,52,Drôme Classic (1.Pro) ,191.5,127.0,2371.0,464,,0
26.02,1,Faun-Ardèche Classic (1.Pro) ,168.5,216.0,3161.0,453,125.0,1
16.02 » 20.02,,Volta ao Algarve em Bicicleta (2.Pro) ,,,,502,,0
,5,Mountains classification ,,,,502,,0
,5,Points classification ,,,,502,,0
,2,General classification ,,,,502,110.0,1
20.02,3,Stage 5 - Lagoa › Malhão (Loulé) ,173.0,199.0,3056.0,502,12.0,1
19.02,5,Stage 4 (ITT) - Vila Real de Santo António › Tavira ,32.2,26.0,407.0,502,4.0,0
18.02,15,Stage 3 - Almodôvar › Faro ,211.4,48.0,2000.0,502,,0
17.02,4,Stage 2 - Albufeira › Fóia (Monchique) ,182.4,197.0,3183.0,502,7.0,0
16.02,9,Stage 1 - Portimão  › Lagos ,199.1,42.0,2124.0,502,,0
13.02,92,Clasica de Almeria (1.Pro) ,188.2,30.0,1751.0,224,,0
12.02,47,Vuelta Ciclista a la Region de Murcia Costa Calida (1.1) ,183.2,94.0,2331.0,197,,0
30.01,66,Trofeo Playa de Palma - Palma (1.1) ,169.1,35.0,1552.0,303,,0
29.01,2,Trofeo Pollença - Port d'Andratx (1.1) ,170.1,207.0,3429.0,366,55.0,1
28.01,4,Trofeo Serra de Tramuntana (1.1) ,158.9,170.0,3217.0,352,32.0,0
26.01,1,Trofeo Calvia (1.1) ,154.7,154.0,3211.0,305,75.0,1
