date,result,name,distance,profile,vert,startlist,points,top3
08.10,5,Il Lombardia (1.UWT) ,253.0,278.0,4852.0,1019,100.0,0
04.10,25,Tre Valli Varesine (1.Pro) ,196.3,152.0,3464.0,922,1.0,0
01.10,16,Giro dell'Emilia (1.Pro) ,198.7,266.0,3021.0,728,10.0,0
19.08 » 11.09,,La Vuelta ciclista a España (2.UWT) ,,,,970,,0
,5,Youth classification ,,,,970,,0
,46,Mountains classification ,,,,970,,0
,15,Points classification ,,,,970,,0
,7,General classification ,,,,970,180.0,0
11.09,42,Stage 21 - Las Rozas › Madrid ,96.7,10.0,773.0,970,,0
10.09,18,Stage 20 - Moralzarzal › Puerto de Navacerrada ,181.0,216.0,3977.0,970,,0
09.09,14,Stage 19 - Talavera de la Reina › Talavera de la Reina ,138.3,101.0,2278.0,970,2.0,0
08.09,17,Stage 18 - Trujillo › Alto del Piornal ,192.0,214.0,3680.0,970,,0
07.09,19,Stage 17 - Aracena › Monasterio de Tentudía ,162.3,161.0,2755.0,970,,0
06.09,13,Stage 16 - Sanlúcar de Barrameda › Tomares ,189.4,28.0,1076.0,970,3.0,0
04.09,14,Stage 15 - Martos › Sierra Nevada ,152.6,407.0,4033.0,970,2.0,0
03.09,5,Stage 14 - Montoro › Sierra de La Pandera ,160.3,278.0,3312.0,970,18.0,0
02.09,27,Stage 13 - Ronda › Montilla ,168.4,54.0,1766.0,970,,0
01.09,21,Stage 12 - Salobreña › Peñas Blancas. Estepona ,192.7,273.0,3238.0,970,,0
31.08,25,Stage 11 - ElPozo Alimentación › Cabo de Gata ,191.2,38.0,1592.0,970,,0
30.08,4,Stage 10 (ITT) - Elche › Alicante ,30.9,4.0,179.0,970,25.0,0
28.08,9,Stage 9 - Villaviciosa › Les Praeres. Nava ,171.4,242.0,3675.0,970,8.0,0
27.08,9,Stage 8 - La Pola Llaviana/Pola de Laviana › Colláu Fancuaya ,153.4,335.0,3741.0,970,8.0,0
26.08,34,Stage 7 - Camargo › Cistierna ,190.0,112.0,3359.0,970,,0
25.08,9,Stage 6 - Bilbao › Ascensión al Pico Jano. San Miguel de Aguayo ,181.2,294.0,4120.0,970,8.0,0
24.08,36,Stage 5 - Irún › Bilbao ,187.2,162.0,2978.0,970,,0
23.08,16,Stage 4 - Vitoria-Gasteiz › Laguardia ,152.5,133.0,2319.0,970,,0
21.08,45,Stage 3 - Breda › Breda ,193.2,0.0,255.0,970,,0
20.08,55,Stage 2 - 's-Hertogenbosch › Utrecht ,175.1,10.0,518.0,970,,0
19.08,2,Stage 1 (TTT) - Utrecht › Utrecht ,23.3,0.0,31.0,970,4.0,1
02.08 » 06.08,,Vuelta a Burgos (2.Pro) ,,,,356,,0
,1,Youth classification ,,,,356,,1
,10,Mountains classification ,,,,356,,0
,5,Points classification ,,,,356,,0
,4,General classification ,,,,356,80.0,0
06.08,4,Stage 5 - Lermas › Lagunas de Neila ,170.0,196.0,2792.0,356,7.0,0
05.08,23,Stage 4 - Torresandino › Ciudad Romana de Clunia ,169.0,29.0,1361.0,356,,0
04.08,11,Stage 3 - Quintana Martín Galíndez › Villarcayo ,156.0,155.0,2324.0,356,,0
03.08,5,Stage 2 - Vivar del Cid › Villadiego ,158.0,39.0,1659.0,356,4.0,0
02.08,23,Stage 1 - Burgos › Burgos ,157.0,45.0,1521.0,356,,0
30.07,5,Donostia San Sebastian Klasikoa (1.UWT) ,224.8,231.0,4147.0,724,80.0,0
26.06,1,National Championships Spain - Road Race (NC) ,186.1,,,95,15.0,1
24.06,4,National Championships Spain - ITT (NC) ,38.5,,,48,,0
16.06 » 19.06,,La Route d'Occitanie - La Dépêche du Midi (2.1) ,,,,298,,0
,1,Youth classification ,,,,298,,1
,3,Mountains classification ,,,,298,,1
,9,Points classification ,,,,298,,0
,2,General classification ,,,,298,70.0,1
19.06,12,Stage 4 - Les Angles › Auterive ,188.3,63.0,1939.0,298,,0
18.06,2,Stage 3 - Sigean › Les Angles ,188.7,268.0,4503.0,298,12.0,1
17.06,19,Stage 2 - Belmont-sur-Rance › Roquefort-sur-Soulzon ,33.6,97.0,2557.0,298,,0
16.06,26,Stage 1 - Séméac › L'Isle Jourdain ,174.4,51.0,1708.0,298,,0
24.04,DNF,Liège-Bastogne-Liège (1.UWT) ,257.2,182.0,4342.0,1101,,0
20.04,37,La Flèche Wallonne (1.UWT) ,202.1,173.0,3160.0,974,5.0,0
04.04 » 09.04,,Itzulia Basque Country (2.UWT) ,,,,742,,0
,5,Youth classification ,,,,742,,0
,7,Mountains classification ,,,,742,,0
,10,Points classification ,,,,742,,0
,26,General classification ,,,,742,9.0,0
09.04,37,Stage 6 - Eibar › Arrate ,135.7,275.0,3636.0,742,,0
08.04,1,Stage 5 - Zamudio › Mallabia  79k,163.76,184.0,3485.0,742,50.0,1
07.04,43,Stage 4 - Vitoria-Gasteiz › Zamudio ,185.6,154.0,2703.0,742,,0
06.04,35,Stage 3 - Llodio › Amurrio ,181.7,186.0,3278.0,742,,0
05.04,43,Stage 2 - Leitza › Viana ,207.92,77.0,2625.0,742,,0
04.04,40,Stage 1 (ITT) - Hondarribia › Hondarribia ,7.51,7.0,100.0,742,,0
21.03 » 27.03,,Volta Ciclista a Catalunya (2.UWT) ,,,,722,,0
,5,Youth classification ,,,,722,,0
,20,Mountains classification ,,,,722,,0
,15,General classification ,,,,722,40.0,0
27.03,29,Stage 7 - Barcelona › Barcelona ,138.6,154.0,2121.0,722,,0
26.03,14,Stage 6 - Salou › Cambrils ,168.6,90.0,2706.0,722,,0
25.03,38,Stage 5 - La Pobla de Segur › Vilanova i la Geltrú ,206.3,57.0,2478.0,722,,0
24.03,9,Stage 4 - La Seu d'Urgell › Boí Taüll ,166.7,221.0,3538.0,722,2.0,0
23.03,19,Stage 3 - Perpignan › La Molina ,161.1,175.0,3394.0,722,,0
22.03,61,Stage 2 - L'Escala › Perpignan ,202.4,57.0,2166.0,722,,0
21.03,55,Stage 1 - Sant Feliu de Guíxols › Sant Feliu de Guíxols ,171.2,58.0,1688.0,722,,0
05.03,20,Strade Bianche (1.UWT) ,184.0,167.0,3107.0,662,15.0,0
02.03,5,Trofeo Laigueglia (1.Pro)  52k,202.0,151.0,2973.0,320,45.0,0
16.02 » 20.02,,Vuelta a Andalucia Ruta Ciclista Del Sol (2.Pro) ,,,,423,,0
,18,Points classification ,,,,423,,0
,4,General classification ,,,,423,80.0,0
20.02,20,Stage 5 - Huesa › Chiclana de Segura ,146.4,151.0,2899.0,423,,0
19.02,11,Stage 4 - Cúllar Vega › Baza  144k,167.4,118.0,2987.0,423,,0
18.02,81,Stage 3 - Lucena › Otura ,153.2,111.0,2873.0,423,,0
17.02,6,Stage 2 - Archidona › Alcalá la Real ,150.6,143.0,2986.0,423,3.0,0
16.02,32,Stage 1 - Ubrique › Iznájar ,200.7,121.0,3460.0,423,,0
02.02 » 06.02,,Volta a la Comunitat Valenciana (2.Pro) ,,,,610,,0
,2,Youth classification ,,,,610,,1
,5,Mountains classification ,,,,610,,0
,7,Points classification ,,,,610,,0
,3,General classification ,,,,610,90.0,1
06.02,23,Stage 5 - Paterna › Valencia ,92.0,12.0,706.0,610,,0
05.02,23,Stage 4 - Orihuela › Torrevieja  ,193.1,19.0,1237.0,610,,0
04.02,2,Stage 3 - Alicante › Antenas del Maigmó ,155.1,286.0,3628.0,610,18.0,1
03.02,26,Stage 2 - Bétera › Torrent ,171.5,83.0,2429.0,610,,0
02.02,3,Stage 1 - Les Alqueries › Torralba del Pinar ,166.7,162.0,3164.0,610,12.0,1
