date,result,name,distance,profile,vert,startlist,points,top3
09.10,39,Paris - Tours Elite (1.Pro) ,213.5,33.0,1242.0,579,,0
04.10,1,Binche -  Chimay - Binche / Mémorial Frank Vandenbroucke (1.1) ,198.6,30.0,1977.0,484,75.0,1
25.09,2,World Championships ME - Road Race (WC) ,266.9,160.0,4167.0,1053,260.0,1
11.09,75,Grand Prix Cycliste de Montréal (1.UWT) ,221.4,182.0,4124.0,864,5.0,0
09.09,39,Grand Prix Cycliste de Québec (1.UWT) ,201.6,60.0,2508.0,866,5.0,0
21.08,DNF,BEMER Cyclassics (1.UWT) ,204.7,30.0,892.0,651,,0
16.08 » 20.08,,PostNord Danmark Rundt - Tour of Denmark (2.Pro) ,,,,296,,0
,1,Points classification ,,,,296,,1
,1,General classification ,,,,296,150.0,1
20.08,1,Stage 5 - Give › Vejle ,126.5,103.0,1786.0,296,30.0,1
19.08,10,Stage 4 - Skive › Skive ,167.3,7.0,884.0,296,,0
18.08,2,Stage 3 - Otterup › Herning ,239.3,10.0,1355.0,296,18.0,1
17.08,3,Stage 2 (ITT) - Assens › Assens ,12.2,0.0,81.0,296,12.0,1
16.08,19,Stage 1 - Allerød › Køge ,222.6,2.0,1016.0,296,,0
01.07 » 24.07,,Tour de France (2.UWT) ,,,,1550,,0
,4,Points classification ,,,,1550,,0
,74,General classification ,,,,1550,25.0,0
24.07,75,Stage 21 - Paris La Défense › Paris (Champs-Élysées) ,115.6,13.0,748.0,1550,,0
23.07,73,Stage 20 (ITT) - Lacapelle-Marival › Rocamadour ,40.7,39.0,434.0,1550,,0
22.07,1,Stage 19 - Castelnau-Magnoac › Cahors ,188.3,35.0,1316.0,1550,100.0,1
21.07,62,Stage 18 - Lourdes › Hautacam ,143.2,408.0,4036.0,1550,,0
20.07,84,Stage 17 - Saint-Gaudens › Peyragudes ,129.7,324.0,3364.0,1550,,0
19.07,126,Stage 16 - Carcassonne › Foix ,178.5,204.0,3418.0,1550,,0
17.07,81,Stage 15 - Rodez › Carcassonne ,202.5,64.0,2416.0,1550,,0
16.07,103,Stage 14 - Saint-Etienne › Mende ,192.5,170.0,3441.0,1550,,0
15.07,20,Stage 13 - Bourg d'Oisans › Saint-Etienne ,192.6,78.0,2109.0,1550,,0
14.07,115,Stage 12 - Briançon › L'Alpe d'Huez ,165.1,389.0,4660.0,1550,,0
13.07,90,Stage 11 - Albertville › Col du Granon ,151.7,400.0,4070.0,1550,,0
12.07,75,Stage 10 - Morzine › Megève  81k,148.1,143.0,2733.0,1550,,0
10.07,92,Stage 9 - Aigle › Châtel les portes du Soleil ,192.9,223.0,3743.0,1550,,0
09.07,124,Stage 8 - Dole › Lausanne ,186.3,87.0,2556.0,1550,,0
08.07,130,Stage 7 - Tomblaine › La Super Planche des Belles Filles ,176.3,192.0,2526.0,1550,,0
07.07,79,Stage 6 - Binche › Longwy ,219.9,85.0,2477.0,1550,,0
06.07,54,Stage 5 - Lille › Wallers-Arenberg ,157.0,1.0,601.0,1550,,0
05.07,3,Stage 4 - Dunkerque › Calais ,171.5,63.0,1785.0,1550,50.0,1
03.07,6,Stage 3 - Vejle › Sønderborg ,182.0,16.0,1280.0,1550,26.0,0
02.07,18,Stage 2 - Roskilde › Nyborg ,202.2,11.0,1149.0,1550,,0
01.07,25,Stage 1 (ITT) - Copenhagen › Copenhagen ,13.2,0.0,21.0,1550,,0
05.06 » 12.06,,Critérium du Dauphiné (2.UWT) ,,375.0,3782.0,788,,0
12.06,DNF,Stage 8 - Saint-Alban-Leysse › Plateau de Salaison ,138.8,375.0,3782.0,788,,0
11.06,115,Stage 7 - Saint-Chaffrey › Vaujany ,134.8,311.0,3828.0,788,,0
10.06,111,Stage 6 - Rives › Gap ,196.5,74.0,2958.0,788,,0
09.06,14,Stage 5 - Thizy-les-Bourgs › Chaintré ,162.3,60.0,1991.0,788,,0
08.06,109,Stage 4 (ITT) - Montbrison › La Bâtie d’Urfé ,31.9,1.0,96.0,788,,0
07.06,130,Stage 3 - Saint-Paulien › Chastreix-Sancy ,169.0,140.0,2707.0,788,,0
06.06,111,Stage 2 - Saint-Péray › Brives-Charensac ,169.8,91.0,2956.0,788,,0
05.06,79,Stage 1 - La Voulte-sur-Rhône › Beauchastel ,191.8,74.0,2473.0,788,,0
17.04,DNF,Paris-Roubaix (1.UWT) ,257.2,5.0,1362.0,752,,0
10.04,109,Amstel Gold Race (1.UWT) ,254.1,112.0,3460.0,702,5.0,0
03.04,9,Ronde van Vlaanderen - Tour des Flandres ME (1.UWT) ,272.5,79.0,2289.0,759,60.0,0
27.03,2,Gent-Wevelgem in Flanders Fields ME (1.UWT) ,248.8,35.0,1377.0,838,150.0,1
25.03,2,E3 Saxo Bank Classic (1.UWT)  79k,203.9,59.0,2010.0,636,150.0,1
19.03,22,Milano-Sanremo (1.UWT) ,293.0,63.0,2096.0,936,18.0,0
06.03 » 13.03,,Paris - Nice (2.UWT) ,,184.0,2436.0,1183,,0
13.03,DNF,Stage 8 - Nice › Nice ,115.6,184.0,2436.0,1183,,0
12.03,85,Stage 7 - Nice › Col de Turini ,155.2,303.0,3582.0,1183,,0
11.03,45,Stage 6 - Courthézon › Aubagne ,213.6,97.0,2878.0,1183,,0
10.03,104,Stage 5 - Saint-Just-Saint-Rambert › Saint-Sauveur-de-Montagut ,188.8,188.0,3408.0,1183,,0
09.03,11,Stage 4 (ITT) - Domérat › Montluçon ,13.4,18.0,188.0,1183,,0
08.03,93,Stage 3 - Vierzon › Dun-le-Palestel ,190.8,63.0,1929.0,1183,,0
07.03,3,Stage 2 - Auffargis › Orléans ,159.2,8.0,707.0,1183,18.0,1
06.03,1,Stage 1 - Mantes-la-Ville › Mantes-la-Ville ,159.8,56.0,1723.0,1183,50.0,1
27.02,8,Kuurne - Bruxelles - Kuurne (1.Pro)  58k,195.1,45.0,1829.0,718,30.0,0
