date,result,name,distance,profile,vert,startlist,points,top3
08.10,62,Il Lombardia (1.UWT) ,253.0,278.0,4852.0,1019,5.0,0
06.10,112,Gran Piemonte (1.Pro) ,198.0,44.0,1426.0,424,,0
27.09 » 02.10,,CRO Race (2.1) ,,,,208,,0
,17,Mountains classification ,,,,208,,0
,21,General classification ,,,,208,,0
02.10,21,Stage 6 - Sveta Nedelja › Zagreb ,158.0,17.0,581.0,208,,0
01.10,30,Stage 5 - Opatija › Labin ,154.0,117.0,2948.0,208,,0
30.09,49,Stage 4 - Biograd na Moru › Crikvenica ,219.0,60.0,2286.0,208,,0
29.09,70,Stage 3 - Sinj › Primošten ,157.0,61.0,1473.0,208,,0
28.09,42,Stage 2 - Otočac › Zadar ,163.0,27.0,1141.0,208,,0
27.09,40,Stage 1 - Osijek › Ludbreg ,223.5,23.0,746.0,208,,0
11.09,45,Grand Prix Cycliste de Montréal (1.UWT) ,221.4,182.0,4124.0,864,5.0,0
09.09,96,Grand Prix Cycliste de Québec (1.UWT)  166k,201.6,60.0,2508.0,866,5.0,0
28.08,98,Bretagne Classic - Ouest-France (1.UWT) ,254.8,95.0,3116.0,812,5.0,0
01.07 » 24.07,,Tour de France (2.UWT) ,,408.0,4036.0,1550,,0
21.07,DNS,Stage 18 - Lourdes › Hautacam ,143.2,408.0,4036.0,1550,,0
20.07,60,Stage 17 - Saint-Gaudens › Peyragudes ,129.7,324.0,3364.0,1550,,0
19.07,10,Stage 16 - Carcassonne › Foix  147k,178.5,204.0,3418.0,1550,10.0,0
17.07,28,Stage 15 - Rodez › Carcassonne ,202.5,64.0,2416.0,1550,,0
16.07,38,Stage 14 - Saint-Etienne › Mende ,192.5,170.0,3441.0,1550,,0
15.07,56,Stage 13 - Bourg d'Oisans › Saint-Etienne ,192.6,78.0,2109.0,1550,,0
14.07,30,Stage 12 - Briançon › L'Alpe d'Huez ,165.1,389.0,4660.0,1550,,0
13.07,77,Stage 11 - Albertville › Col du Granon ,151.7,400.0,4070.0,1550,,0
12.07,29,Stage 10 - Morzine › Megève ,148.1,143.0,2733.0,1550,,0
10.07,10,Stage 9 - Aigle › Châtel les portes du Soleil ,192.9,223.0,3743.0,1550,10.0,0
09.07,18,Stage 8 - Dole › Lausanne ,186.3,87.0,2556.0,1550,,0
08.07,16,Stage 7 - Tomblaine › La Super Planche des Belles Filles ,176.3,192.0,2526.0,1550,,0
07.07,25,Stage 6 - Binche › Longwy ,219.9,85.0,2477.0,1550,,0
06.07,37,Stage 5 - Lille › Wallers-Arenberg ,157.0,1.0,601.0,1550,,0
05.07,57,Stage 4 - Dunkerque › Calais ,171.5,63.0,1785.0,1550,,0
03.07,95,Stage 3 - Vejle › Sønderborg ,182.0,16.0,1280.0,1550,,0
02.07,22,Stage 2 - Roskilde › Nyborg ,202.2,11.0,1149.0,1550,,0
01.07,64,Stage 1 (ITT) - Copenhagen › Copenhagen ,13.2,0.0,21.0,1550,,0
05.06 » 12.06,,Critérium du Dauphiné (2.UWT) ,,,,788,,0
,23,Mountains classification ,,,,788,,0
,28,Points classification ,,,,788,,0
,4,General classification ,,,,788,140.0,0
12.06,6,Stage 8 - Saint-Alban-Leysse › Plateau de Salaison ,138.8,375.0,3782.0,788,7.0,0
11.06,11,Stage 7 - Saint-Chaffrey › Vaujany ,134.8,311.0,3828.0,788,,0
10.06,21,Stage 6 - Rives › Gap ,196.5,74.0,2958.0,788,,0
09.06,32,Stage 5 - Thizy-les-Bourgs › Chaintré ,162.3,60.0,1991.0,788,,0
08.06,8,Stage 4 (ITT) - Montbrison › La Bâtie d’Urfé ,31.9,1.0,96.0,788,3.0,0
07.06,7,Stage 3 - Saint-Paulien › Chastreix-Sancy ,169.0,140.0,2707.0,788,4.0,0
06.06,23,Stage 2 - Saint-Péray › Brives-Charensac ,169.8,91.0,2956.0,788,,0
05.06,116,Stage 1 - La Voulte-sur-Rhône › Beauchastel ,191.8,74.0,2473.0,788,,0
26.04 » 01.05,,Tour de Romandie (2.UWT) ,,,,506,,0
,10,Points classification ,,,,506,,0
,6,General classification ,,,,506,110.0,0
01.05,4,Stage 5 (ITT) - Aigle › Villars ,15.84,172.0,884.0,506,13.0,0
30.04,21,Stage 4 - Aigle › Zinal (Val d'Anniviers) ,180.1,276.0,4158.0,506,,0
29.04,6,Stage 3 - Valbroye › Valbroye ,165.1,107.0,2441.0,506,7.0,0
28.04,19,Stage 2 - Échallens › Échallens ,168.2,83.0,2327.0,506,,0
27.04,7,Stage 1 - La Grande Beroche › Romont ,178.0,115.0,2729.0,506,4.0,0
26.04,31,Prologue - Lausanne › Lausanne ,5.12,0.0,39.0,506,,0
24.04,41,Liège-Bastogne-Liège (1.UWT) ,257.2,182.0,4342.0,1101,5.0,0
20.04,96,La Flèche Wallonne (1.UWT) ,202.1,173.0,3160.0,974,5.0,0
12.04 » 15.04,,Giro di Sicilia - Tour of Sicily (2.1) ,,,,104,,0
,2,Mountains classification ,,,,104,,1
,1,Points classification ,,,,104,,1
,1,General classification ,,,,104,100.0,1
15.04,1,Stage 4 - Ragalna › Etna ,140.0,313.0,3562.0,104,20.0,1
14.04,14,Stage 3 - Realmonte › Piazza Armerina ,171.0,125.0,2813.0,104,,0
13.04,1,Stage 2 - Palma di Montechiaro › Caltanissetta ,152.0,117.0,2433.0,104,20.0,1
12.04,5,Stage 1 - Milazzo › Bagheria ,199.0,38.0,1629.0,104,4.0,0
19.03,15,Milano-Sanremo (1.UWT) ,293.0,63.0,2096.0,936,30.0,0
07.03 » 13.03,,Tirreno-Adriatico (2.UWT) ,,,,1061,,0
,5,Mountains classification ,,,,1061,,0
,23,Points classification ,,,,1061,,0
,7,General classification ,,,,1061,100.0,0
13.03,38,Stage 7 - San Benedetto del Tronto › San Benedetto del Tronto ,159.0,19.0,1296.0,1061,,0
12.03,5,Stage 6 - Apecchio › Carpegna ,215.0,266.0,3817.0,1061,10.0,0
11.03,17,Stage 5 - Sefro › Fermo ,155.0,191.0,2402.0,1061,,0
10.03,16,Stage 4 - Cascata delle Marmore › Bellante ,202.0,131.0,3092.0,1061,,0
09.03,36,Stage 3 - Murlo › Terni ,170.0,53.0,2063.0,1061,,0
08.03,32,Stage 2 - Camaiore › Sovicille ,219.0,70.0,2144.0,1061,,0
07.03,52,Stage 1 (ITT) - Lido di Camaiore › Lido di Camaiore ,13.9,0.0,4.0,1061,,0
16.02 » 20.02,,Vuelta a Andalucia Ruta Ciclista Del Sol (2.Pro) ,,,,423,,0
,12,Mountains classification ,,,,423,,0
,23,Points classification ,,,,423,,0
,13,General classification ,,,,423,28.0,0
20.02,28,Stage 5 - Huesa › Chiclana de Segura ,146.4,151.0,2899.0,423,,0
19.02,5,Stage 4 - Cúllar Vega › Baza  144k,167.4,118.0,2987.0,423,4.0,0
18.02,93,Stage 3 - Lucena › Otura ,153.2,111.0,2873.0,423,,0
17.02,51,Stage 2 - Archidona › Alcalá la Real ,150.6,143.0,2986.0,423,,0
16.02,35,Stage 1 - Ubrique › Iznájar ,200.7,121.0,3460.0,423,,0
