date,result,name,distance,profile,vert,startlist,points,top3
08.10,17,Il Lombardia (1.UWT) ,253.0,278.0,4852.0,1019,26.0,0
04.10,74,Tre Valli Varesine (1.Pro) ,196.3,152.0,3464.0,922,,0
01.10,30,Giro dell'Emilia (1.Pro) ,198.7,266.0,3021.0,728,,0
15.09,1,Coppa Sabatini - Gran Premio città di Peccioli (1.Pro) ,198.9,113.0,2519.0,319,125.0,1
14.09,3,Giro della Toscana - Memorial Alfredo Martini (1.1) ,199.2,129.0,2298.0,227,40.0,1
11.09,25,Grand Prix Cycliste de Montréal (1.UWT) ,221.4,182.0,4124.0,864,10.0,0
09.09,65,Grand Prix Cycliste de Québec (1.UWT) ,201.6,60.0,2508.0,866,5.0,0
30.07,DNF,Donostia San Sebastian Klasikoa (1.UWT) ,224.8,231.0,4147.0,724,,0
01.07 » 24.07,,Tour de France (2.UWT) ,,,,1550,,0
,16,Mountains classification ,,,,1550,,0
,45,Points classification ,,,,1550,,0
,29,General classification ,,,,1550,55.0,0
24.07,97,Stage 21 - Paris La Défense › Paris (Champs-Élysées) ,115.6,13.0,748.0,1550,,0
23.07,20,Stage 20 (ITT) - Lacapelle-Marival › Rocamadour ,40.7,39.0,434.0,1550,,0
22.07,124,Stage 19 - Castelnau-Magnoac › Cahors ,188.3,35.0,1316.0,1550,,0
21.07,7,Stage 18 - Lourdes › Hautacam  66k,143.2,408.0,4036.0,1550,22.0,0
20.07,76,Stage 17 - Saint-Gaudens › Peyragudes ,129.7,324.0,3364.0,1550,,0
19.07,19,Stage 16 - Carcassonne › Foix  127k,178.5,204.0,3418.0,1550,,0
17.07,95,Stage 15 - Rodez › Carcassonne ,202.5,64.0,2416.0,1550,,0
16.07,17,Stage 14 - Saint-Etienne › Mende  152k,192.5,170.0,3441.0,1550,,0
15.07,119,Stage 13 - Bourg d'Oisans › Saint-Etienne ,192.6,78.0,2109.0,1550,,0
14.07,50,Stage 12 - Briançon › L'Alpe d'Huez ,165.1,389.0,4660.0,1550,,0
13.07,98,Stage 11 - Albertville › Col du Granon ,151.7,400.0,4070.0,1550,,0
12.07,103,Stage 10 - Morzine › Megève ,148.1,143.0,2733.0,1550,,0
10.07,69,Stage 9 - Aigle › Châtel les portes du Soleil ,192.9,223.0,3743.0,1550,,0
09.07,23,Stage 8 - Dole › Lausanne ,186.3,87.0,2556.0,1550,,0
08.07,11,Stage 7 - Tomblaine › La Super Planche des Belles Filles ,176.3,192.0,2526.0,1550,8.0,0
07.07,7,Stage 6 - Binche › Longwy ,219.9,85.0,2477.0,1550,22.0,0
06.07,26,Stage 5 - Lille › Wallers-Arenberg ,157.0,1.0,601.0,1550,,0
05.07,52,Stage 4 - Dunkerque › Calais ,171.5,63.0,1785.0,1550,,0
03.07,56,Stage 3 - Vejle › Sønderborg ,182.0,16.0,1280.0,1550,,0
02.07,154,Stage 2 - Roskilde › Nyborg ,202.2,11.0,1149.0,1550,,0
01.07,33,Stage 1 (ITT) - Copenhagen › Copenhagen ,13.2,0.0,21.0,1550,,0
12.06 » 19.06,,Tour de Suisse (2.UWT) ,,,,767,,0
,22,Points classification ,,,,767,,0
,8,General classification ,,,,767,90.0,0
19.06,4,Stage 8 (ITT) - Vaduz › Vaduz ,25.6,3.0,131.0,767,13.0,0
18.06,17,Stage 7 - Ambri › Malbun ,194.6,347.0,3881.0,767,,0
17.06,14,Stage 6 - Locarno › Moosalp ,177.5,304.0,4155.0,767,,0
16.06,20,Stage 5 - Ambri › Novazzano ,190.1,195.0,2610.0,767,,0
15.06,21,Stage 4 - Grenchen › Brunnen ,190.8,82.0,2062.0,767,,0
14.06,46,Stage 3 - Aesch › Grenchen ,176.9,119.0,3125.0,767,,0
13.06,48,Stage 2 - Küsnacht › Aesch ,198.0,123.0,2746.0,767,,0
12.06,32,Stage 1 - Küsnacht › Küsnacht  ,177.6,135.0,2746.0,767,,0
24.04,4,Liège-Bastogne-Liège (1.UWT) ,257.2,182.0,4342.0,1101,120.0,0
20.04,5,La Flèche Wallonne (1.UWT) ,202.1,173.0,3160.0,974,80.0,0
04.04 » 09.04,,Itzulia Basque Country (2.UWT) ,,,,742,,0
,4,Mountains classification ,,,,742,,0
,1,Points classification ,,,,742,,1
,1,General classification ,,,,742,250.0,1
09.04,4,Stage 6 - Eibar › Arrate ,135.7,275.0,3636.0,742,13.0,0
08.04,2,Stage 5 - Zamudio › Mallabia ,163.76,184.0,3485.0,742,30.0,1
07.04,1,Stage 4 - Vitoria-Gasteiz › Zamudio ,185.6,154.0,2703.0,742,50.0,1
06.04,12,Stage 3 - Llodio › Amurrio ,181.7,186.0,3278.0,742,,0
05.04,32,Stage 2 - Leitza › Viana ,207.92,77.0,2625.0,742,,0
04.04,11,Stage 1 (ITT) - Hondarribia › Hondarribia ,7.51,7.0,100.0,742,,0
17.03,29,Grand Prix de Denain - Porte du Hainaut (1.Pro) ,200.3,8.0,1208.0,252,,0
06.03 » 13.03,,Paris - Nice (2.UWT) ,,,,1183,,0
,7,Mountains classification ,,,,1183,,0
,9,Points classification ,,,,1183,,0
,3,General classification ,,,,1183,160.0,1
13.03,13,Stage 8 - Nice › Nice ,115.6,184.0,2436.0,1183,,0
12.03,2,Stage 7 - Nice › Col de Turini ,155.2,303.0,3582.0,1183,30.0,1
11.03,36,Stage 6 - Courthézon › Aubagne ,213.6,97.0,2878.0,1183,,0
10.03,22,Stage 5 - Saint-Just-Saint-Rambert › Saint-Sauveur-de-Montagut ,188.8,188.0,3408.0,1183,,0
09.03,10,Stage 4 (ITT) - Domérat › Montluçon ,13.4,18.0,188.0,1183,1.0,0
08.03,37,Stage 3 - Vierzon › Dun-le-Palestel ,190.8,63.0,1929.0,1183,,0
07.03,25,Stage 2 - Auffargis › Orléans ,159.2,8.0,707.0,1183,,0
06.03,47,Stage 1 - Mantes-la-Ville › Mantes-la-Ville ,159.8,56.0,1723.0,1183,,0
16.02 » 20.02,,Volta ao Algarve em Bicicleta (2.Pro) ,,,,502,,0
,9,Mountains classification ,,,,502,,0
,7,Points classification ,,,,502,,0
,3,General classification ,,,,502,90.0,1
20.02,2,Stage 5 - Lagoa › Malhão (Loulé) ,173.0,199.0,3056.0,502,18.0,1
19.02,7,Stage 4 (ITT) - Vila Real de Santo António › Tavira ,32.2,26.0,407.0,502,2.0,0
18.02,35,Stage 3 - Almodôvar › Faro ,211.4,48.0,2000.0,502,,0
17.02,5,Stage 2 - Albufeira › Fóia (Monchique) ,182.4,197.0,3183.0,502,4.0,0
16.02,11,Stage 1 - Portimão  › Lagos ,199.1,42.0,2124.0,502,,0
10.02,1,National Championships Colombia - ITT (NC) ,38.3,,,18,15.0,1
