date,result,name,distance,profile,vert,startlist,points,top3
19.08 » 11.09,,La Vuelta ciclista a España (2.UWT) ,,,,970,,0
,6,Points classification ,,,,970,,0
,121,General classification ,,,,970,20.0,0
11.09,5,Stage 21 - Las Rozas › Madrid ,96.7,10.0,773.0,970,18.0,0
10.09,83,Stage 20 - Moralzarzal › Puerto de Navacerrada ,181.0,216.0,3977.0,970,,0
09.09,113,Stage 19 - Talavera de la Reina › Talavera de la Reina ,138.3,101.0,2278.0,970,,0
08.09,69,Stage 18 - Trujillo › Alto del Piornal  92k,192.0,214.0,3680.0,970,,0
07.09,114,Stage 17 - Aracena › Monasterio de Tentudía ,162.3,161.0,2755.0,970,,0
06.09,3,Stage 16 - Sanlúcar de Barrameda › Tomares ,189.4,28.0,1076.0,970,35.0,1
04.09,126,Stage 15 - Martos › Sierra Nevada ,152.6,407.0,4033.0,970,,0
03.09,114,Stage 14 - Montoro › Sierra de La Pandera ,160.3,278.0,3312.0,970,,0
02.09,5,Stage 13 - Ronda › Montilla ,168.4,54.0,1766.0,970,18.0,0
01.09,136,Stage 12 - Salobreña › Peñas Blancas. Estepona ,192.7,273.0,3238.0,970,,0
31.08,2,Stage 11 - ElPozo Alimentación › Cabo de Gata ,191.2,38.0,1592.0,970,50.0,1
30.08,156,Stage 10 (ITT) - Elche › Alicante ,30.9,4.0,179.0,970,,0
28.08,150,Stage 9 - Villaviciosa › Les Praeres. Nava ,171.4,242.0,3675.0,970,,0
27.08,165,Stage 8 - La Pola Llaviana/Pola de Laviana › Colláu Fancuaya ,153.4,335.0,3741.0,970,,0
26.08,23,Stage 7 - Camargo › Cistierna ,190.0,112.0,3359.0,970,,0
25.08,165,Stage 6 - Bilbao › Ascensión al Pico Jano. San Miguel de Aguayo ,181.2,294.0,4120.0,970,,0
24.08,165,Stage 5 - Irún › Bilbao ,187.2,162.0,2978.0,970,,0
23.08,161,Stage 4 - Vitoria-Gasteiz › Laguardia ,152.5,133.0,2319.0,970,,0
21.08,10,Stage 3 - Breda › Breda ,193.2,0.0,255.0,970,6.0,0
20.08,13,Stage 2 - 's-Hertogenbosch › Utrecht ,175.1,10.0,518.0,970,3.0,0
19.08,7,Stage 1 (TTT) - Utrecht › Utrecht ,23.3,0.0,31.0,970,,0
14.08,4,European Continental Championships - Road Race (CC) ,207.9,23.0,1331.0,455,32.0,0
01.07 » 24.07,,Tour de France (2.UWT) ,,,,1550,,0
,19,Points classification ,,,,1550,,0
,108,General classification ,,,,1550,25.0,0
24.07,7,Stage 21 - Paris La Défense › Paris (Champs-Élysées) ,115.6,13.0,748.0,1550,22.0,0
23.07,128,Stage 20 (ITT) - Lacapelle-Marival › Rocamadour ,40.7,39.0,434.0,1550,,0
22.07,105,Stage 19 - Castelnau-Magnoac › Cahors ,188.3,35.0,1316.0,1550,,0
21.07,72,Stage 18 - Lourdes › Hautacam ,143.2,408.0,4036.0,1550,,0
20.07,90,Stage 17 - Saint-Gaudens › Peyragudes ,129.7,324.0,3364.0,1550,,0
19.07,106,Stage 16 - Carcassonne › Foix ,178.5,204.0,3418.0,1550,,0
17.07,5,Stage 15 - Rodez › Carcassonne ,202.5,64.0,2416.0,1550,32.0,0
16.07,69,Stage 14 - Saint-Etienne › Mende ,192.5,170.0,3441.0,1550,,0
15.07,126,Stage 13 - Bourg d'Oisans › Saint-Etienne ,192.6,78.0,2109.0,1550,,0
14.07,91,Stage 12 - Briançon › L'Alpe d'Huez ,165.1,389.0,4660.0,1550,,0
13.07,99,Stage 11 - Albertville › Col du Granon ,151.7,400.0,4070.0,1550,,0
12.07,130,Stage 10 - Morzine › Megève ,148.1,143.0,2733.0,1550,,0
10.07,109,Stage 9 - Aigle › Châtel les portes du Soleil ,192.9,223.0,3743.0,1550,,0
09.07,166,Stage 8 - Dole › Lausanne ,186.3,87.0,2556.0,1550,,0
08.07,150,Stage 7 - Tomblaine › La Super Planche des Belles Filles ,176.3,192.0,2526.0,1550,,0
07.07,146,Stage 6 - Binche › Longwy ,219.9,85.0,2477.0,1550,,0
06.07,145,Stage 5 - Lille › Wallers-Arenberg ,157.0,1.0,601.0,1550,,0
05.07,7,Stage 4 - Dunkerque › Calais ,171.5,63.0,1785.0,1550,22.0,0
03.07,10,Stage 3 - Vejle › Sønderborg ,182.0,16.0,1280.0,1550,10.0,0
02.07,4,Stage 2 - Roskilde › Nyborg ,202.2,11.0,1149.0,1550,40.0,0
01.07,119,Stage 1 (ITT) - Copenhagen › Copenhagen ,13.2,0.0,21.0,1550,,0
15.06 » 19.06,,Baloise Belgium Tour (2.Pro) ,,,,384,,0
,11,Points classification ,,,,384,,0
,45,General classification ,,,,384,,0
19.06,16,Stage 5 - Gingelom › Beringen ,179.9,1.0,685.0,384,,0
18.06,54,Stage 4 - Durbuy › Durbuy ,172.2,182.0,3326.0,384,,0
17.06,32,Stage 3 (ITT) - Scherpenheuvel-Zichem › Scherpenheuvel-Zichem ,11.8,0.0,49.0,384,,0
16.06,2,Stage 2 - Beveren › Knokke-Heist ,175.6,0.0,181.0,384,18.0,1
15.06,11,Stage 1 - Merelbeke › Maarkedal ,165.0,59.0,1798.0,384,,0
06.06,3,Ronde van Limburg (1.1) ,202.6,32.0,1651.0,312,40.0,1
05.06,12,Brussels Cycling Classic (1.Pro) ,203.9,33.0,1850.0,362,18.0,0
04.06,113,Heylen Vastgoed Heistse Pijl (1.1) ,192.8,5.0,572.0,210,,0
22.05,2,Rund um Köln (1.1) ,199.3,88.0,2875.0,199,55.0,1
01.05,5,Eschborn-Frankfurt (1.UWT) ,185.0,89.0,2654.0,309,80.0,0
10.04 » 17.04,,Presidential Cycling Tour of Türkiye (2.Pro) ,,,,209,,0
,5,Points classification ,,,,209,,0
,54,General classification ,,,,209,,0
17.04,DF,Stage 8 - İstanbul › İstanbul ,137.8,58.0,1057.0,209,,0
16.04,6,Stage 7 - Gelibolu › Tekirdağ ,131.3,132.0,2268.0,209,3.0,0
15.04,3,Stage 6 - Edremit (Akçay) › Eceabat (57.Alay Şehitliği) ,201.5,64.0,2127.0,209,12.0,1
14.04,17,Stage 5 - Manisa › Ayvalık ,186.1,6.0,845.0,209,,0
13.04,147,Stage 4 - İzmir (Konak) › Manisa (Spil Milli Park) ,146.2,193.0,1831.0,209,,0
12.04,142,Stage 3 - Çeşme › İzmir (Karşıyaka) ,117.9,13.0,778.0,209,,0
11.04,7,Stage 2 - Selçuk (Efes) › Alaçatı ,156.4,42.0,1492.0,209,2.0,0
10.04,4,Stage 1 - Bodrum › Kuşadası ,202.0,92.0,2046.0,209,7.0,0
06.04,2,Scheldeprijs (1.Pro) ,198.7,1.0,385.0,331,85.0,1
03.04,16,Ronde van Vlaanderen - Tour des Flandres ME (1.UWT) ,272.5,79.0,2289.0,759,28.0,0
30.03,33,Dwars door Vlaanderen - A travers la Flandre ME (1.UWT) ,183.7,50.0,1649.0,647,5.0,0
27.03,DNF,Gent-Wevelgem in Flanders Fields ME (1.UWT) ,248.8,35.0,1377.0,838,,0
25.03,DNF,E3 Saxo Bank Classic (1.UWT) ,203.9,59.0,2010.0,636,,0
23.03,22,Minerva Classic Brugge-De Panne (1.UWT) ,207.9,0.0,246.0,459,13.0,0
19.03,141,Milano-Sanremo (1.UWT) ,293.0,63.0,2096.0,936,5.0,0
06.03 » 13.03,,Paris - Nice (2.UWT) ,,184.0,2436.0,1183,,0
13.03,DNF,Stage 8 - Nice › Nice ,115.6,184.0,2436.0,1183,,0
12.03,82,Stage 7 - Nice › Col de Turini ,155.2,303.0,3582.0,1183,,0
11.03,15,Stage 6 - Courthézon › Aubagne ,213.6,97.0,2878.0,1183,,0
10.03,89,Stage 5 - Saint-Just-Saint-Rambert › Saint-Sauveur-de-Montagut ,188.8,188.0,3408.0,1183,,0
09.03,116,Stage 4 (ITT) - Domérat › Montluçon ,13.4,18.0,188.0,1183,,0
08.03,8,Stage 3 - Vierzon › Dun-le-Palestel ,190.8,63.0,1929.0,1183,3.0,0
07.03,116,Stage 2 - Auffargis › Orléans ,159.2,8.0,707.0,1183,,0
06.03,54,Stage 1 - Mantes-la-Ville › Mantes-la-Ville ,159.8,56.0,1723.0,1183,,0
20.02 » 26.02,,UAE Tour (2.UWT) ,,,,607,,0
,84,General classification ,,,,607,5.0,0
26.02,102,Stage 7 - Al Ain › Jebel Hafeet ,148.0,133.0,1364.0,607,,0
25.02,22,Stage 6 - Expo 2020 Dubai › Expo 2020 Dubai  ,180.0,0.0,388.0,607,,0
24.02,23,Stage 5 - Ras al Khaimah Corniche › Al Marjan Island  ,182.0,2.0,544.0,607,,0
23.02,68,Stage 4 - Fujairah Fort › Jebel Jais ,181.0,188.0,2646.0,607,,0
22.02,71,Stage 3 (ITT) - Ajman › Ajman ,9.0,0.0,9.0,607,,0
21.02,16,Stage 2 - Hudayriyat Island › Abu Dhabi Breakwater ,176.0,1.0,337.0,607,,0
20.02,14,Stage 1 - Madinat Zayed › Madinat Zayed ,184.0,20.0,1303.0,607,,0
01.02 » 05.02,,Saudi Tour (2.1) ,,,,195,,0
,6,Points classification ,,,,195,,0
,5,General classification ,,,,195,28.0,0
05.02,5,Stage 5 - AlUla Old Town › AlUla Old Town ,138.9,5.0,753.0,195,4.0,0
04.02,4,Stage 4 - Winter Park › Skyviews of Harrat Uwayrid ,149.3,84.0,1300.0,195,5.0,0
03.02,4,Stage 3 - Tayma Hadaj Well › AlUla Old Town ,181.2,3.0,854.0,195,5.0,0
02.02,13,Stage 2 - Taibah University › Abu Rakah ,163.9,42.0,1669.0,195,,0
01.02,19,Stage 1 - Winter Park › Winter Park ,198.0,9.0,1117.0,195,,0
