date,result,name,distance,profile,vert,startlist,points,top3
04.10,DNF,Tre Valli Varesine (1.Pro) ,196.3,152.0,3464.0,922,,0
03.10,DNF,Coppa Bernocchi - GP BPM (1.Pro) ,190.7,84.0,2087.0,405,,0
01.10,37,Giro dell'Emilia (1.Pro) ,198.7,266.0,3021.0,728,,0
11.09,5,Grand Prix Cycliste de Montréal (1.UWT) ,221.4,182.0,4124.0,864,80.0,0
09.09,42,Grand Prix Cycliste de Québec (1.UWT) ,201.6,60.0,2508.0,866,5.0,0
28.08,93,Bretagne Classic - Ouest-France (1.UWT) ,254.8,95.0,3116.0,812,5.0,0
30.07,DNF,Donostia San Sebastian Klasikoa (1.UWT) ,224.8,231.0,4147.0,724,,0
01.07 » 24.07,,Tour de France (2.UWT) ,,,,1550,,0
,17,Mountains classification ,,,,1550,,0
,15,Points classification ,,,,1550,,0
,4,General classification ,,,,1550,300.0,0
24.07,66,Stage 21 - Paris La Défense › Paris (Champs-Élysées) ,115.6,13.0,748.0,1550,,0
23.07,26,Stage 20 (ITT) - Lacapelle-Marival › Rocamadour ,40.7,39.0,434.0,1550,,0
22.07,16,Stage 19 - Castelnau-Magnoac › Cahors ,188.3,35.0,1316.0,1550,,0
21.07,5,Stage 18 - Lourdes › Hautacam ,143.2,408.0,4036.0,1550,32.0,0
20.07,7,Stage 17 - Saint-Gaudens › Peyragudes ,129.7,324.0,3364.0,1550,22.0,0
19.07,18,Stage 16 - Carcassonne › Foix ,178.5,204.0,3418.0,1550,,0
17.07,21,Stage 15 - Rodez › Carcassonne ,202.5,64.0,2416.0,1550,,0
16.07,25,Stage 14 - Saint-Etienne › Mende ,192.5,170.0,3441.0,1550,,0
15.07,29,Stage 13 - Bourg d'Oisans › Saint-Etienne ,192.6,78.0,2109.0,1550,,0
14.07,13,Stage 12 - Briançon › L'Alpe d'Huez ,165.1,389.0,4660.0,1550,4.0,0
13.07,4,Stage 11 - Albertville › Col du Granon ,151.7,400.0,4070.0,1550,40.0,0
12.07,25,Stage 10 - Morzine › Megève ,148.1,143.0,2733.0,1550,,0
10.07,12,Stage 9 - Aigle › Châtel les portes du Soleil ,192.9,223.0,3743.0,1550,6.0,0
09.07,12,Stage 8 - Dole › Lausanne ,186.3,87.0,2556.0,1550,6.0,0
08.07,6,Stage 7 - Tomblaine › La Super Planche des Belles Filles ,176.3,192.0,2526.0,1550,26.0,0
07.07,3,Stage 6 - Binche › Longwy ,219.9,85.0,2477.0,1550,50.0,1
06.07,32,Stage 5 - Lille › Wallers-Arenberg ,157.0,1.0,601.0,1550,,0
05.07,46,Stage 4 - Dunkerque › Calais ,171.5,63.0,1785.0,1550,,0
03.07,45,Stage 3 - Vejle › Sønderborg ,182.0,16.0,1280.0,1550,,0
02.07,96,Stage 2 - Roskilde › Nyborg ,202.2,11.0,1149.0,1550,,0
01.07,50,Stage 1 (ITT) - Copenhagen › Copenhagen ,13.2,0.0,21.0,1550,,0
05.06 » 12.06,,Critérium du Dauphiné (2.UWT) ,,,,788,,0
,22,Mountains classification ,,,,788,,0
,20,Points classification ,,,,788,,0
,17,General classification ,,,,788,32.0,0
12.06,35,Stage 8 - Saint-Alban-Leysse › Plateau de Salaison ,138.8,375.0,3782.0,788,,0
11.06,7,Stage 7 - Saint-Chaffrey › Vaujany ,134.8,311.0,3828.0,788,4.0,0
10.06,27,Stage 6 - Rives › Gap ,196.5,74.0,2958.0,788,,0
09.06,42,Stage 5 - Thizy-les-Bourgs › Chaintré ,162.3,60.0,1991.0,788,,0
08.06,23,Stage 4 (ITT) - Montbrison › La Bâtie d’Urfé ,31.9,1.0,96.0,788,,0
07.06,1,Stage 3 - Saint-Paulien › Chastreix-Sancy ,169.0,140.0,2707.0,788,50.0,1
06.06,54,Stage 2 - Saint-Péray › Brives-Charensac ,169.8,91.0,2956.0,788,,0
05.06,88,Stage 1 - La Voulte-sur-Rhône › Beauchastel ,191.8,74.0,2473.0,788,,0
31.05,3,Mercan'Tour Classic Alpes-Maritimes (1.1) ,167.9,350.0,4739.0,247,40.0,1
04.04 » 09.04,,Itzulia Basque Country (2.UWT) ,,,,742,,0
,13,Points classification ,,,,742,,0
,18,General classification ,,,,742,28.0,0
09.04,31,Stage 6 - Eibar › Arrate ,135.7,275.0,3636.0,742,,0
08.04,15,Stage 5 - Zamudio › Mallabia ,163.76,184.0,3485.0,742,,0
07.04,25,Stage 4 - Vitoria-Gasteiz › Zamudio ,185.6,154.0,2703.0,742,,0
06.04,4,Stage 3 - Llodio › Amurrio ,181.7,186.0,3278.0,742,13.0,0
05.04,8,Stage 2 - Leitza › Viana ,207.92,77.0,2625.0,742,3.0,0
04.04,24,Stage 1 (ITT) - Hondarribia › Hondarribia ,7.51,7.0,100.0,742,,0
06.03 » 13.03,,Paris - Nice (2.UWT) ,,184.0,2436.0,1183,,0
13.03,DNS,Stage 8 - Nice › Nice ,115.6,184.0,2436.0,1183,,0
12.03,55,Stage 7 - Nice › Col de Turini  120k,155.2,303.0,3582.0,1183,,0
11.03,75,Stage 6 - Courthézon › Aubagne ,213.6,97.0,2878.0,1183,,0
10.03,54,Stage 5 - Saint-Just-Saint-Rambert › Saint-Sauveur-de-Montagut ,188.8,188.0,3408.0,1183,,0
09.03,144,Stage 4 (ITT) - Domérat › Montluçon ,13.4,18.0,188.0,1183,,0
08.03,107,Stage 3 - Vierzon › Dun-le-Palestel ,190.8,63.0,1929.0,1183,,0
07.03,149,Stage 2 - Auffargis › Orléans ,159.2,8.0,707.0,1183,,0
06.03,37,Stage 1 - Mantes-la-Ville › Mantes-la-Ville ,159.8,56.0,1723.0,1183,,0
02.03,DNF,Trofeo Laigueglia (1.Pro) ,202.0,151.0,2973.0,320,,0
16.02 » 20.02,,Volta ao Algarve em Bicicleta (2.Pro) ,,,,502,,0
,2,Mountains classification ,,,,502,,1
,4,Points classification ,,,,502,,0
,5,General classification ,,,,502,70.0,0
20.02,4,Stage 5 - Lagoa › Malhão (Loulé) ,173.0,199.0,3056.0,502,7.0,0
19.02,9,Stage 4 (ITT) - Vila Real de Santo António › Tavira ,32.2,26.0,407.0,502,,0
18.02,32,Stage 3 - Almodôvar › Faro ,211.4,48.0,2000.0,502,,0
17.02,1,Stage 2 - Albufeira › Fóia (Monchique) ,182.4,197.0,3183.0,502,30.0,1
16.02,17,Stage 1 - Portimão  › Lagos ,199.1,42.0,2124.0,502,,0
