date,result,name,distance,profile,vert,startlist,points,top3
16.10,10,Veneto Classic (1.1) ,190.0,130.0,2533.0,159,14.0,0
12.10,6,Giro del Veneto (1.1) ,159.8,65.0,1530.0,201,24.0,0
08.10,26,Il Lombardia (1.UWT) ,253.0,278.0,4852.0,1019,14.0,0
04.10,15,Tre Valli Varesine (1.Pro) ,196.3,152.0,3464.0,922,12.0,0
03.10,59,Coppa Bernocchi - GP BPM (1.Pro) ,190.7,84.0,2087.0,405,,0
01.10,12,Giro dell'Emilia (1.Pro) ,198.7,266.0,3021.0,728,18.0,0
29.09,38,Coppa Agostoni - Giro delle Brianze (1.1) ,193.0,121.0,3189.0,358,,0
11.09,17,Grand Prix Cycliste de Montréal (1.UWT) ,221.4,182.0,4124.0,864,18.0,0
09.09,9,Grand Prix Cycliste de Québec (1.UWT) ,201.6,60.0,2508.0,866,46.0,0
28.08,26,Bretagne Classic - Ouest-France (1.UWT) ,254.8,95.0,3116.0,812,9.0,0
16.08 » 19.08,,Tour du Limousin - Nouvelle Aquitaine (2.1) ,,,,335,,0
,19,Mountains classification ,,,,335,,0
,2,General classification ,,,,335,70.0,1
19.08,3,Stage 4 - Saint-Laurent-sur-Gorre › Limoges ,174.8,84.0,2488.0,335,7.0,1
18.08,1,Stage 3 - Donzenac › Malemort  ,181.7,145.0,3016.0,335,20.0,1
17.08,31,Stage 2 - Le Grand Périgueux Champcevinel › Ribérac  ,184.7,33.0,1931.0,335,,0
16.08,23,Stage 1 - Verneuil-sur-Vienne › La Souterraine  ,176.4,41.0,1984.0,335,,0
30.07 » 05.08,,Tour de Pologne (2.UWT) ,,,,467,,0
,12,Points classification ,,,,467,,0
,9,General classification ,,,,467,80.0,0
05.08,27,Stage 7 - Valsir › Kraków ,177.8,36.0,1875.0,467,,0
04.08,17,Stage 6 (ITT) - Nowy Targ (Gronków) › Stacja Narciarska Rusiński ,11.8,28.0,337.0,467,,0
03.08,14,Stage 5 - Łańcut › Rzeszów ,178.1,78.0,2179.0,467,,0
02.08,7,Stage 4 - Lesko › Sanok ,179.4,103.0,2621.0,467,4.0,0
01.08,10,Stage 3 - Kraśnik › Przemyśl ,237.9,93.0,1545.0,467,1.0,0
31.07,28,Stage 2 - Chełm › Zamość ,205.6,4.0,966.0,467,,0
30.07,24,Stage 1 - Kielce › Lublin ,218.8,10.0,1231.0,467,,0
12.06 » 19.06,,Tour de Suisse (2.UWT) ,,304.0,4155.0,767,,0
17.06,DNS,Stage 6 - Locarno › Moosalp ,177.5,304.0,4155.0,767,,0
16.06,5,Stage 5 - Ambri › Novazzano ,190.1,195.0,2610.0,767,10.0,0
15.06,14,Stage 4 - Grenchen › Brunnen ,190.8,82.0,2062.0,767,,0
14.06,110,Stage 3 - Aesch › Grenchen ,176.9,119.0,3125.0,767,,0
13.06,14,Stage 2 - Küsnacht › Aesch ,198.0,123.0,2746.0,767,,0
12.06,28,Stage 1 - Küsnacht › Küsnacht  ,177.6,135.0,2746.0,767,,0
10.06,10,Grosser Preis des Kantons Aargau (1.1) ,173.8,136.0,2902.0,338,14.0,0
06.05 » 29.05,,Giro d'Italia (2.UWT) ,,,,816,,0
,48,Points classification ,,,,816,,0
,37,General classification ,,,,816,20.0,0
29.05,47,Stage 21 (ITT) - Verona › Verona ,17.4,30.0,317.0,816,,0
28.05,91,Stage 20 - Belluno › Marmolada (Passo Fedaia) ,168.0,392.0,4718.0,816,,0
27.05,50,Stage 19 - Marano Lagunare › Santuario di Castelmonte ,178.0,262.0,3489.0,816,,0
26.05,58,Stage 18 - Borgo Valsugana › Treviso ,156.0,34.0,1219.0,816,,0
25.05,84,Stage 17 - Ponte di Legno › Lavarone ,168.0,347.0,3950.0,816,,0
24.05,26,Stage 16 - Salò › Aprica ,202.0,376.0,5268.0,816,,0
22.05,39,Stage 15 - Rivarolo Canavese › Cogne ,177.0,301.0,4019.0,816,,0
21.05,21,Stage 14 - Santena › Torino ,147.0,247.0,3167.0,816,,0
20.05,32,Stage 13 - Sanremo › Cuneo ,150.0,51.0,1817.0,816,,0
19.05,42,Stage 12 - Parma › Genova ,204.0,112.0,2867.0,816,,0
18.05,68,Stage 11 - Santarcangelo di Romagna › Reggio Emilia ,203.0,0.0,369.0,816,,0
17.05,67,Stage 10 - Pescara › Jesi ,196.0,86.0,1764.0,816,,0
15.05,71,Stage 9 - Isernia › Blockhaus ,191.0,458.0,5080.0,816,,0
14.05,13,Stage 8 - Napoli › Napoli  147k,153.0,123.0,2243.0,816,3.0,0
13.05,60,Stage 7 - Diamante › Potenza ,196.0,246.0,4730.0,816,,0
12.05,81,Stage 6 - Palmi › Scalea ,192.0,49.0,1498.0,816,,0
11.05,56,Stage 5 - Catania › Messina ,174.0,31.0,1968.0,816,,0
10.05,41,Stage 4 - Avola › Etna ,172.0,251.0,3626.0,816,,0
08.05,111,Stage 3 - Kaposvár › Balatonfüred ,201.0,7.0,1150.0,816,,0
07.05,70,Stage 2 (ITT) - Budapest › Budapest ,9.2,8.0,81.0,816,,0
06.05,8,Stage 1 - Budapest › Visegrád ,195.0,51.0,1390.0,816,10.0,0
24.04,22,Liège-Bastogne-Liège (1.UWT) ,257.2,182.0,4342.0,1101,18.0,0
20.04,29,La Flèche Wallonne (1.UWT) ,202.1,173.0,3160.0,974,6.0,0
04.04 » 09.04,,Itzulia Basque Country (2.UWT) ,,,,742,,0
,19,Points classification ,,,,742,,0
,14,General classification ,,,,742,45.0,0
09.04,22,Stage 6 - Eibar › Arrate ,135.7,275.0,3636.0,742,,0
08.04,17,Stage 5 - Zamudio › Mallabia ,163.76,184.0,3485.0,742,,0
07.04,3,Stage 4 - Vitoria-Gasteiz › Zamudio ,185.6,154.0,2703.0,742,18.0,1
06.04,17,Stage 3 - Llodio › Amurrio ,181.7,186.0,3278.0,742,,0
05.04,24,Stage 2 - Leitza › Viana ,207.92,77.0,2625.0,742,,0
04.04,50,Stage 1 (ITT) - Hondarribia › Hondarribia ,7.51,7.0,100.0,742,,0
27.03,1,GP Industria  (1.Pro) ,192.2,93.0,2259.0,133,125.0,1
22.03 » 26.03,,Settimana Internazionale Coppi e Bartali (2.1) ,,,,253,,0
,9,Points classification ,,,,253,,0
,6,General classification ,,,,253,24.0,0
26.03,10,Stage 5 - Casalguidi › Cantagrillo ,160.0,143.0,2051.0,253,,0
25.03,15,Stage 4 - Montecatini › Montecatini ,158.7,97.0,2446.0,253,,0
24.03,6,Stage 3 - San Marino › San Marino ,147.0,326.0,3963.0,253,3.0,0
23.03,6,Stage 2 - Riccione › Longiano ,165.9,162.0,2686.0,253,3.0,0
22.03,7,Stage 1 - Riccione › Riccione ,164.6,155.0,2969.0,253,2.0,0
19.03,24,Milano-Sanremo (1.UWT) ,293.0,63.0,2096.0,936,16.0,0
16.03,46,Milano - Torino (1.Pro) ,199.0,21.0,1166.0,405,,0
05.03,23,Strade Bianche (1.UWT) ,184.0,167.0,3107.0,662,12.0,0
02.03,7,Trofeo Laigueglia (1.Pro) ,202.0,151.0,2973.0,320,35.0,0
27.02,15,Drôme Classic (1.Pro) ,191.5,127.0,2371.0,464,12.0,0
26.02,35,Faun-Ardèche Classic (1.Pro) ,168.5,216.0,3161.0,453,,0
02.02 » 06.02,,Etoile de Bessèges - Tour du Gard (2.1) ,,,,366,,0
,11,Points classification ,,,,366,,0
,6,General classification ,,,,366,24.0,0
06.02,9,Stage 5 (ITT) - Alès › Alès l'Ermitage ,10.64,20.0,171.0,366,,0
05.02,6,Stage 4 - Saint-Hilaire-de-Brethmas › Le Mont Bouquet ,146.71,108.0,1817.0,366,3.0,0
04.02,9,Stage 3 - Bessèges › Bessèges ,155.65,76.0,2051.0,366,,0
03.02,12,Stage 2 - Saint-Christol-lèz-Alès › Rousson ,156.21,67.0,1702.0,366,,0
02.02,38,Stage 1 - Bellegarde › Bellegarde ,160.86,18.0,538.0,366,,0
30.01,8,Grand Prix Cycliste de Marseille La Marseillaise (1.1) ,174.3,120.0,2921.0,325,18.0,0
