date,result,name,distance,profile,vert,startlist,points,top3
08.10,DNF,Il Lombardia (1.UWT) ,253.0,278.0,4852.0,1019,,0
04.10,8,Tre Valli Varesine (1.Pro) ,196.3,152.0,3464.0,922,30.0,0
01.10,3,Giro dell'Emilia (1.Pro) ,198.7,266.0,3021.0,728,60.0,1
29.09,5,Coppa Agostoni - Giro delle Brianze (1.1) ,193.0,121.0,3189.0,358,28.0,0
19.08 » 11.09,,La Vuelta ciclista a España (2.UWT) ,,407.0,4033.0,970,,0
04.09,DNF,Stage 15 - Martos › Sierra Nevada ,152.6,407.0,4033.0,970,,0
03.09,83,Stage 14 - Montoro › Sierra de La Pandera ,160.3,278.0,3312.0,970,,0
02.09,51,Stage 13 - Ronda › Montilla ,168.4,54.0,1766.0,970,,0
01.09,47,Stage 12 - Salobreña › Peñas Blancas. Estepona ,192.7,273.0,3238.0,970,,0
31.08,85,Stage 11 - ElPozo Alimentación › Cabo de Gata ,191.2,38.0,1592.0,970,,0
30.08,47,Stage 10 (ITT) - Elche › Alicante ,30.9,4.0,179.0,970,,0
28.08,28,Stage 9 - Villaviciosa › Les Praeres. Nava ,171.4,242.0,3675.0,970,,0
27.08,30,Stage 8 - La Pola Llaviana/Pola de Laviana › Colláu Fancuaya ,153.4,335.0,3741.0,970,,0
26.08,52,Stage 7 - Camargo › Cistierna ,190.0,112.0,3359.0,970,,0
25.08,24,Stage 6 - Bilbao › Ascensión al Pico Jano. San Miguel de Aguayo ,181.2,294.0,4120.0,970,,0
24.08,73,Stage 5 - Irún › Bilbao ,187.2,162.0,2978.0,970,,0
23.08,18,Stage 4 - Vitoria-Gasteiz › Laguardia ,152.5,133.0,2319.0,970,,0
21.08,114,Stage 3 - Breda › Breda ,193.2,0.0,255.0,970,,0
20.08,126,Stage 2 - 's-Hertogenbosch › Utrecht ,175.1,10.0,518.0,970,,0
19.08,19,Stage 1 (TTT) - Utrecht › Utrecht ,23.3,0.0,31.0,970,,0
04.08 » 07.08,,Sazka Tour (2.1) ,,,,124,,0
,15,Points classification ,,,,124,,0
,12,General classification ,,,,124,10.0,0
07.08,32,Stage 4 - Šumperk › Šternberk ,179.9,142.0,3304.0,124,,0
06.08,16,Stage 3 - Moravská Třebová › Dlouhé Stráně ,148.7,287.0,3043.0,124,,0
05.08,3,Stage 2 - Olomouc › Pustevny ,189.3,154.0,2998.0,124,7.0,1
04.08,54,Stage 1 - Uničov › Prostějov ,196.2,29.0,1789.0,124,,0
30.07,23,Donostia San Sebastian Klasikoa (1.UWT) ,224.8,231.0,4147.0,724,12.0,0
12.06 » 19.06,,Tour de Suisse (2.UWT) ,,,,767,,0
,9,General classification ,,,,767,80.0,0
19.06,26,Stage 8 (ITT) - Vaduz › Vaduz ,25.6,3.0,131.0,767,,0
18.06,8,Stage 7 - Ambri › Malbun ,194.6,347.0,3881.0,767,3.0,0
17.06,13,Stage 6 - Locarno › Moosalp ,177.5,304.0,4155.0,767,,0
16.06,12,Stage 5 - Ambri › Novazzano ,190.1,195.0,2610.0,767,,0
15.06,46,Stage 4 - Grenchen › Brunnen ,190.8,82.0,2062.0,767,,0
14.06,72,Stage 3 - Aesch › Grenchen ,176.9,119.0,3125.0,767,,0
13.06,38,Stage 2 - Küsnacht › Aesch ,198.0,123.0,2746.0,767,,0
12.06,10,Stage 1 - Küsnacht › Küsnacht  ,177.6,135.0,2746.0,767,1.0,0
06.05 » 29.05,,Giro d'Italia (2.UWT) ,,,,816,,0
,42,Mountains classification ,,,,816,,0
,64,Points classification ,,,,816,,0
,8,General classification ,,,,816,170.0,0
29.05,68,Stage 21 (ITT) - Verona › Verona ,17.4,30.0,317.0,816,,0
28.05,23,Stage 20 - Belluno › Marmolada (Passo Fedaia) ,168.0,392.0,4718.0,816,,0
27.05,17,Stage 19 - Marano Lagunare › Santuario di Castelmonte ,178.0,262.0,3489.0,816,,0
26.05,26,Stage 18 - Borgo Valsugana › Treviso ,156.0,34.0,1219.0,816,,0
25.05,35,Stage 17 - Ponte di Legno › Lavarone ,168.0,347.0,3950.0,816,,0
24.05,12,Stage 16 - Salò › Aprica ,202.0,376.0,5268.0,816,4.0,0
22.05,22,Stage 15 - Rivarolo Canavese › Cogne ,177.0,301.0,4019.0,816,,0
21.05,5,Stage 14 - Santena › Torino  68k,147.0,247.0,3167.0,816,18.0,0
20.05,25,Stage 13 - Sanremo › Cuneo ,150.0,51.0,1817.0,816,,0
19.05,89,Stage 12 - Parma › Genova ,204.0,112.0,2867.0,816,,0
18.05,43,Stage 11 - Santarcangelo di Romagna › Reggio Emilia ,203.0,0.0,369.0,816,,0
17.05,18,Stage 10 - Pescara › Jesi ,196.0,86.0,1764.0,816,,0
15.05,6,Stage 9 - Isernia › Blockhaus ,191.0,458.0,5080.0,816,15.0,0
14.05,77,Stage 8 - Napoli › Napoli ,153.0,123.0,2243.0,816,,0
13.05,18,Stage 7 - Diamante › Potenza ,196.0,246.0,4730.0,816,,0
12.05,77,Stage 6 - Palmi › Scalea ,192.0,49.0,1498.0,816,,0
11.05,59,Stage 5 - Catania › Messina ,174.0,31.0,1968.0,816,,0
10.05,24,Stage 4 - Avola › Etna ,172.0,251.0,3626.0,816,,0
08.05,135,Stage 3 - Kaposvár › Balatonfüred ,201.0,7.0,1150.0,816,,0
07.05,38,Stage 2 (ITT) - Budapest › Budapest ,9.2,8.0,81.0,816,,0
06.05,35,Stage 1 - Budapest › Visegrád ,195.0,51.0,1390.0,816,,0
24.04,26,Liège-Bastogne-Liège (1.UWT) ,257.2,182.0,4342.0,1101,14.0,0
20.04,15,La Flèche Wallonne (1.UWT) ,202.1,173.0,3160.0,974,22.0,0
12.04 » 15.04,,Giro di Sicilia - Tour of Sicily (2.1) ,,313.0,3562.0,104,,0
15.04,DNF,Stage 4 - Ragalna › Etna ,140.0,313.0,3562.0,104,,0
14.04,17,Stage 3 - Realmonte › Piazza Armerina ,171.0,125.0,2813.0,104,,0
13.04,3,Stage 2 - Palma di Montechiaro › Caltanissetta ,152.0,117.0,2433.0,104,7.0,1
12.04,39,Stage 1 - Milazzo › Bagheria ,199.0,38.0,1629.0,104,,0
07.03 » 13.03,,Tirreno-Adriatico (2.UWT) ,,,,1061,,0
,13,General classification ,,,,1061,50.0,0
13.03,64,Stage 7 - San Benedetto del Tronto › San Benedetto del Tronto ,159.0,19.0,1296.0,1061,,0
12.03,12,Stage 6 - Apecchio › Carpegna ,215.0,266.0,3817.0,1061,,0
11.03,14,Stage 5 - Sefro › Fermo ,155.0,191.0,2402.0,1061,,0
10.03,12,Stage 4 - Cascata delle Marmore › Bellante ,202.0,131.0,3092.0,1061,,0
09.03,81,Stage 3 - Murlo › Terni ,170.0,53.0,2063.0,1061,,0
08.03,133,Stage 2 - Camaiore › Sovicille ,219.0,70.0,2144.0,1061,,0
07.03,70,Stage 1 (ITT) - Lido di Camaiore › Lido di Camaiore ,13.9,0.0,4.0,1061,,0
05.03,DNF,Strade Bianche (1.UWT) ,184.0,167.0,3107.0,662,,0
02.03,11,Trofeo Laigueglia (1.Pro) ,202.0,151.0,2973.0,320,20.0,0
16.02 » 20.02,,Vuelta a Andalucia Ruta Ciclista Del Sol (2.Pro) ,,,,423,,0
,28,Points classification ,,,,423,,0
,21,General classification ,,,,423,6.0,0
20.02,24,Stage 5 - Huesa › Chiclana de Segura ,146.4,151.0,2899.0,423,,0
19.02,32,Stage 4 - Cúllar Vega › Baza ,167.4,118.0,2987.0,423,,0
18.02,77,Stage 3 - Lucena › Otura ,153.2,111.0,2873.0,423,,0
17.02,8,Stage 2 - Archidona › Alcalá la Real ,150.6,143.0,2986.0,423,1.0,0
16.02,23,Stage 1 - Ubrique › Iznájar ,200.7,121.0,3460.0,423,,0
