date,result,name,distance,profile,vert,startlist,points,top3
09.10,6,Paris - Tours Elite (1.Pro) ,213.5,33.0,1242.0,579.0,40.0,0
04.10,7,Binche -  Chimay - Binche / Mémorial Frank Vandenbroucke (1.1) ,198.6,30.0,1977.0,484.0,20.0,0
02.10,11,Famenne Ardenne Classic (1.1) ,188.0,100.0,2873.0,297.0,12.0,0
21.09,5,Omloop van het Houtland Middelkerke-Lichtervelde (1.1) ,196.4,0.0,399.0,289.0,28.0,0
17.09,26,Primus Classic (1.Pro) ,199.3,51.0,1937.0,442.0,,0
14.09,39,Grand Prix de Wallonie (1.Pro) ,199.7,93.0,2754.0,362.0,,0
11.09,142,GP de Fourmies / La Voix du Nord (1.Pro) ,197.6,47.0,2111.0,371.0,,0
24.08,3,Druivenkoers - Overijse (1.1) ,192.0,51.0,1629.0,389.0,40.0,1
23.08,4,Egmont Cycling Race (1.1) ,198.0,13.0,1431.0,293.0,32.0,0
21.08,7,Schaal Sels Merksem/ Johan Museeuw Classic (1.1) ,114.7,0.0,101.0,93.0,20.0,0
14.08,80,European Continental Championships - Road Race (CC) ,207.9,23.0,1331.0,455.0,,0
10.08,2,Circuit Franco-Belge (1.Pro) ,175.2,78.0,2007.0,344.0,85.0,1
07.08,6,Tour of Leuven - Memorial Jef Scherens (1.1) ,199.3,41.0,1911.0,265.0,24.0,0
23.07 » 27.07,,Ethias-Tour de Wallonie (2.Pro) ,,,,378.0,,0
,79,General classification ,,,,378.0,,0
27.07,21,Stage 5 - Le Roeulx › Chapelle-lez-Herlaimont  203k,214.8,29.0,1703.0,378.0,,0
26.07,54,Stage 4 - Durbuy › Couvin ,200.8,136.0,3289.0,378.0,,0
25.07,114,Stage 3 - Visé › Rochefort ,195.6,95.0,2850.0,378.0,,0
24.07,119,Stage 2 - Verviers › Herve ,176.8,121.0,2748.0,378.0,,0
23.07,120,Stage 1 - Temploux › Huy ,174.4,98.0,2257.0,378.0,,0
26.06,8,National Championships Belgium - Road Race (NC) ,208.7,,,409.0,,0
05.06 » 12.06,,Critérium du Dauphiné (2.UWT) ,,,,788.0,,0
,123,General classification ,,,,788.0,5.0,0
12.06,108,Stage 8 - Saint-Alban-Leysse › Plateau de Salaison ,138.8,375.0,3782.0,788.0,,0
11.06,119,Stage 7 - Saint-Chaffrey › Vaujany ,134.8,311.0,3828.0,788.0,,0
10.06,17,Stage 6 - Rives › Gap ,196.5,74.0,2958.0,788.0,,0
09.06,63,Stage 5 - Thizy-les-Bourgs › Chaintré ,162.3,60.0,1991.0,788.0,,0
08.06,70,Stage 4 (ITT) - Montbrison › La Bâtie d’Urfé ,31.9,1.0,96.0,788.0,,0
07.06,144,Stage 3 - Saint-Paulien › Chastreix-Sancy ,169.0,140.0,2707.0,788.0,,0
06.06,143,Stage 2 - Saint-Péray › Brives-Charensac ,169.8,91.0,2956.0,788.0,,0
05.06,140,Stage 1 - La Voulte-sur-Rhône › Beauchastel ,191.8,74.0,2473.0,788.0,,0
31.05,20,Gullegem Koerse (NAT) ,171.0,,,,,0
29.05,31,Marcel Kint Classic (1.1) ,199.0,40.0,1599.0,143.0,,0
26.05,46,Circuit de Wallonie (1.1) ,192.2,58.0,2030.0,130.0,,0
15.05,34,Tro-Bro Léon (1.Pro) ,207.8,38.0,1674.0,247.0,,0
17.04,24,Paris-Roubaix (1.UWT) ,257.2,5.0,1362.0,752.0,16.0,0
10.04,60,Amstel Gold Race (1.UWT) ,254.1,112.0,3460.0,702.0,5.0,0
30.03,DNF,Dwars door Vlaanderen - A travers la Flandre ME (1.UWT) ,183.7,50.0,1649.0,647.0,,0
27.03,3,Gent-Wevelgem in Flanders Fields ME (1.UWT) ,248.8,35.0,1377.0,838.0,110.0,1
25.03,56,E3 Saxo Bank Classic (1.UWT) ,203.9,59.0,2010.0,636.0,5.0,0
23.03,33,Minerva Classic Brugge-De Panne (1.UWT) ,207.9,0.0,246.0,459.0,5.0,0
18.03,DNS,Bredene Koksijde Classic (1.Pro) ,200.9,10.0,696.0,230.0,,0
13.03,1,Albert Achterhes Profronde van Drenthe (1.1) ,198.1,9.0,421.0,87.0,75.0,1
01.03,7,Le Samyn (1.1) ,209.0,10.0,1541.0,298.0,20.0,0
27.02,6,Kuurne - Bruxelles - Kuurne (1.Pro) ,195.1,45.0,1829.0,718.0,40.0,0
26.02,25,Omloop Het Nieuwsblad ME (1.UWT) ,204.2,49.0,1666.0,749.0,10.0,0
16.02 » 20.02,,Vuelta a Andalucia Ruta Ciclista Del Sol (2.Pro) ,,,,423.0,,0
,79,General classification ,,,,423.0,,0
20.02,52,Stage 5 - Huesa › Chiclana de Segura ,146.4,151.0,2899.0,423.0,,0
19.02,62,Stage 4 - Cúllar Vega › Baza ,167.4,118.0,2987.0,423.0,,0
18.02,60,Stage 3 - Lucena › Otura ,153.2,111.0,2873.0,423.0,,0
17.02,110,Stage 2 - Archidona › Alcalá la Real ,150.6,143.0,2986.0,423.0,,0
16.02,59,Stage 1 - Ubrique › Iznájar ,200.7,121.0,3460.0,423.0,,0
13.02,48,Clasica de Almeria (1.Pro) ,188.2,30.0,1751.0,224.0,,0
01.02 » 05.02,,Saudi Tour (2.1) ,,,,195.0,,0
,31,General classification ,,,,195.0,,0
05.02,15,Stage 5 - AlUla Old Town › AlUla Old Town ,138.9,5.0,753.0,195.0,,0
04.02,28,Stage 4 - Winter Park › Skyviews of Harrat Uwayrid ,149.3,84.0,1300.0,195.0,,0
03.02,11,Stage 3 - Tayma Hadaj Well › AlUla Old Town ,181.2,3.0,854.0,195.0,,0
02.02,84,Stage 2 - Taibah University › Abu Rakah ,163.9,42.0,1669.0,195.0,,0
01.02,31,Stage 1 - Winter Park › Winter Park ,198.0,9.0,1117.0,195.0,,0
