date,result,name,distance,profile,vert,startlist,points,top3
09.10,3,Memorial Rik Van Steenbergen / Kempen Classic (1.1) ,174.7,0.0,232.0,120,40.0,1
03.10,7,Sparkassen Münsterland Giro (1.Pro) ,205.9,5.0,842.0,225,35.0,0
25.09,2,Classique Paris-Chauny (1.1) ,203.5,67.0,2225.0,364,55.0,1
21.09,3,Omloop van het Houtland Middelkerke-Lichtervelde (1.1) ,196.4,0.0,399.0,289,40.0,1
18.09,5,Gooikse Pijl (1.1) ,199.0,21.0,1893.0,301,28.0,0
17.09,DNF,Primus Classic (1.Pro) ,199.3,51.0,1937.0,442,,0
16.09,3,Kampioenschap van Vlaanderen (1.1) ,195.3,0.0,697.0,226,40.0,1
11.09,2,GP de Fourmies / La Voix du Nord (1.Pro) ,197.6,47.0,2111.0,371,85.0,1
04.09,24,"Maryland Cycling Classic, presented by UnitedHealthcare (1.Pro) ",196.9,38.0,2286.0,118,2.0,0
23.08,68,Egmont Cycling Race (1.1) ,198.0,13.0,1431.0,293,,0
21.08,46,BEMER Cyclassics (1.UWT) ,204.7,30.0,892.0,651,5.0,0
11.08 » 14.08,,Arctic Race of Norway (2.Pro) ,,,,158,,0
,7,Points classification ,,,,158,,0
,68,General classification ,,,,158,,0
14.08,58,Stage 4 - Trondheim › Trondheim ,159.1,132.0,2378.0,158,,0
13.08,89,Stage 3 - Namsos › Skallstuggu ,177.7,129.0,2637.0,158,,0
12.08,1,Stage 2 - Mosjøen › Brønnøysund ,154.3,147.0,2675.0,158,30.0,1
11.08,57,Stage 1 - Mo i Rana › Mo i Rana ,186.8,112.0,3329.0,158,,0
01.07 » 24.07,,Tour de France (2.UWT) ,,,,1550,,0
,10,Points classification ,,,,1550,,0
,116,General classification ,,,,1550,25.0,0
24.07,2,Stage 21 - Paris La Défense › Paris (Champs-Élysées) ,115.6,13.0,748.0,1550,70.0,1
23.07,131,Stage 20 (ITT) - Lacapelle-Marival › Rocamadour ,40.7,39.0,434.0,1550,,0
22.07,7,Stage 19 - Castelnau-Magnoac › Cahors ,188.3,35.0,1316.0,1550,22.0,0
21.07,130,Stage 18 - Lourdes › Hautacam ,143.2,408.0,4036.0,1550,,0
20.07,139,Stage 17 - Saint-Gaudens › Peyragudes ,129.7,324.0,3364.0,1550,,0
19.07,114,Stage 16 - Carcassonne › Foix ,178.5,204.0,3418.0,1550,,0
17.07,6,Stage 15 - Rodez › Carcassonne ,202.5,64.0,2416.0,1550,26.0,0
16.07,127,Stage 14 - Saint-Etienne › Mende ,192.5,170.0,3441.0,1550,,0
15.07,82,Stage 13 - Bourg d'Oisans › Saint-Etienne ,192.6,78.0,2109.0,1550,,0
14.07,140,Stage 12 - Briançon › L'Alpe d'Huez ,165.1,389.0,4660.0,1550,,0
13.07,131,Stage 11 - Albertville › Col du Granon ,151.7,400.0,4070.0,1550,,0
12.07,134,Stage 10 - Morzine › Megève ,148.1,143.0,2733.0,1550,,0
10.07,140,Stage 9 - Aigle › Châtel les portes du Soleil ,192.9,223.0,3743.0,1550,,0
09.07,144,Stage 8 - Dole › Lausanne ,186.3,87.0,2556.0,1550,,0
08.07,151,Stage 7 - Tomblaine › La Super Planche des Belles Filles ,176.3,192.0,2526.0,1550,,0
07.07,152,Stage 6 - Binche › Longwy ,219.9,85.0,2477.0,1550,,0
06.07,154,Stage 5 - Lille › Wallers-Arenberg ,157.0,1.0,601.0,1550,,0
05.07,121,Stage 4 - Dunkerque › Calais ,171.5,63.0,1785.0,1550,,0
03.07,1,Stage 3 - Vejle › Sønderborg ,182.0,16.0,1280.0,1550,100.0,1
02.07,8,Stage 2 - Roskilde › Nyborg ,202.2,11.0,1149.0,1550,18.0,0
01.07,169,Stage 1 (ITT) - Copenhagen › Copenhagen ,13.2,0.0,21.0,1550,,0
15.06 » 19.06,,Tour of Slovenia (2.Pro) ,,,,245,,0
,10,Points classification ,,,,245,,0
,76,General classification ,,,,245,,0
19.06,45,Stage 5 - Vrhnika › Novo mesto ,155.7,67.0,1437.0,245,,0
18.06,113,Stage 4 - Laško › Velika planina ,152.4,209.0,2861.0,245,,0
17.06,123,Stage 3 - Žalec › Celje ,144.6,143.0,2104.0,245,,0
16.06,1,Stage 2 - Ptuj › Rogaška Slatina ,174.2,60.0,1998.0,245,30.0,1
15.06,81,Stage 1 - Nova Gorica › Postojna ,164.7,126.0,3060.0,245,,0
05.06 » 12.06,,Critérium du Dauphiné (2.UWT) ,,311.0,3828.0,788,,0
11.06,DNS,Stage 7 - Saint-Chaffrey › Vaujany ,134.8,311.0,3828.0,788,,0
10.06,8,Stage 6 - Rives › Gap ,196.5,74.0,2958.0,788,3.0,0
09.06,99,Stage 5 - Thizy-les-Bourgs › Chaintré ,162.3,60.0,1991.0,788,,0
08.06,146,Stage 4 (ITT) - Montbrison › La Bâtie d’Urfé ,31.9,1.0,96.0,788,,0
07.06,135,Stage 3 - Saint-Paulien › Chastreix-Sancy ,169.0,140.0,2707.0,788,,0
06.06,145,Stage 2 - Saint-Péray › Brives-Charensac ,169.8,91.0,2956.0,788,,0
05.06,124,Stage 1 - La Voulte-sur-Rhône › Beauchastel ,191.8,74.0,2473.0,788,,0
22.05,4,Rund um Köln (1.1) ,199.3,88.0,2875.0,199,32.0,0
21.05,1,Veenendaal-Veenendaal Classic (1.1) ,197.9,18.0,1020.0,117,75.0,1
11.05 » 15.05,,Tour de Hongrie (2.1) ,,,,175,,0
,7,Points classification ,,,,175,,0
,67,General classification ,,,,175,,0
15.05,101,Stage 5 - Miskolc › Gyöngyös-Kékestető ,184.0,158.0,3057.0,175,,0
14.05,1,Stage 4 - Kazincbarcika › Kazincbarcika ,177.0,35.0,1322.0,175,20.0,1
13.05,14,Stage 3 - Sárospatak › Nyíregyháza ,154.0,3.0,775.0,175,,0
12.05,91,Stage 2 - Karcag › Hajdúszoboszló ,192.0,0.0,304.0,175,,0
11.05,7,Stage 1 - Csákvár › Székesfehérvár ,197.5,27.0,1617.0,175,2.0,0
06.04,DNF,Scheldeprijs (1.Pro) ,198.7,1.0,385.0,331,,0
30.03,107,Dwars door Vlaanderen - A travers la Flandre ME (1.UWT) ,183.7,50.0,1649.0,647,5.0,0
27.03,DNF,Gent-Wevelgem in Flanders Fields ME (1.UWT) ,248.8,35.0,1377.0,838,,0
23.03,2,Minerva Classic Brugge-De Panne (1.UWT) ,207.9,0.0,246.0,459,150.0,1
06.03 » 13.03,,Paris - Nice (2.UWT) ,,188.0,3408.0,1183,,0
10.03,DNS,Stage 5 - Saint-Just-Saint-Rambert › Saint-Sauveur-de-Montagut ,188.8,188.0,3408.0,1183,,0
09.03,143,Stage 4 (ITT) - Domérat › Montluçon ,13.4,18.0,188.0,1183,,0
08.03,104,Stage 3 - Vierzon › Dun-le-Palestel ,190.8,63.0,1929.0,1183,,0
07.03,121,Stage 2 - Auffargis › Orléans ,159.2,8.0,707.0,1183,,0
06.03,101,Stage 1 - Mantes-la-Ville › Mantes-la-Ville ,159.8,56.0,1723.0,1183,,0
20.02 » 26.02,,UAE Tour (2.UWT) ,,,,607,,0
,23,Points classification ,,,,607,,0
,102,General classification ,,,,607,5.0,0
26.02,93,Stage 7 - Al Ain › Jebel Hafeet ,148.0,133.0,1364.0,607,,0
25.02,7,Stage 6 - Expo 2020 Dubai › Expo 2020 Dubai  ,180.0,0.0,388.0,607,4.0,0
24.02,11,Stage 5 - Ras al Khaimah Corniche › Al Marjan Island  ,182.0,2.0,544.0,607,,0
23.02,109,Stage 4 - Fujairah Fort › Jebel Jais ,181.0,188.0,2646.0,607,,0
22.02,81,Stage 3 (ITT) - Ajman › Ajman ,9.0,0.0,9.0,607,,0
21.02,14,Stage 2 - Hudayriyat Island › Abu Dhabi Breakwater ,176.0,1.0,337.0,607,,0
20.02,4,Stage 1 - Madinat Zayed › Madinat Zayed ,184.0,20.0,1303.0,607,13.0,0
01.02 » 05.02,,Saudi Tour (2.1) ,,,,195,,0
,1,Points classification ,,,,195,,1
,45,General classification ,,,,195,,0
05.02,1,Stage 5 - AlUla Old Town › AlUla Old Town ,138.9,5.0,753.0,195,20.0,1
04.02,51,Stage 4 - Winter Park › Skyviews of Harrat Uwayrid ,149.3,84.0,1300.0,195,,0
03.02,1,Stage 3 - Tayma Hadaj Well › AlUla Old Town ,181.2,3.0,854.0,195,20.0,1
02.02,64,Stage 2 - Taibah University › Abu Rakah ,163.9,42.0,1669.0,195,,0
01.02,12,Stage 1 - Winter Park › Winter Park ,198.0,9.0,1117.0,195,,0
