date,result,name,distance,profile,vert,startlist,points,top3
01.10,DNF,Giro dell'Emilia (1.Pro) ,198.7,266.0,3021.0,728,,0
29.09,46,Coppa Agostoni - Giro delle Brianze (1.1) ,193.0,121.0,3189.0,358,,0
14.09,4,Grand Prix de Wallonie (1.Pro) ,199.7,93.0,2754.0,362,50.0,0
04.09 » 08.09,,Tour of Britain (2.Pro) ,,,,154,,0
,7,Mountains classification ,,,,154,,0
,11,Points classification ,,,,154,,0
,5,General classification ,,,,154,70.0,0
08.09,50,Stage 5 - West Bridgford › Mansfield ,186.8,19.0,1421.0,154,,0
07.09,3,"Stage 4 - Redcar › Duncombe Park, Helmsley ",149.5,101.0,2223.0,154,12.0,1
06.09,22,Stage 3 - Durham › Sunderland ,163.6,54.0,2002.0,154,,0
05.09,28,Stage 2 - Hawick › Duns ,175.2,68.0,1965.0,154,,0
04.09,6,Stage 1 - Aberdeen › Glenshee Ski Centre ,181.3,65.0,2309.0,154,3.0,0
28.08,38,Bretagne Classic - Ouest-France (1.UWT) ,254.8,95.0,3116.0,812,5.0,0
24.08,28,Druivenkoers - Overijse (1.1) ,192.0,51.0,1629.0,389,,0
23.08,47,Egmont Cycling Race (1.1) ,198.0,13.0,1431.0,293,,0
01.07 » 24.07,,Tour de France (2.UWT) ,,,,1550,,0
,23,Mountains classification ,,,,1550,,0
,42,Points classification ,,,,1550,,0
,18,General classification ,,,,1550,120.0,0
24.07,88,Stage 21 - Paris La Défense › Paris (Champs-Élysées) ,115.6,13.0,748.0,1550,,0
23.07,29,Stage 20 (ITT) - Lacapelle-Marival › Rocamadour ,40.7,39.0,434.0,1550,,0
22.07,78,Stage 19 - Castelnau-Magnoac › Cahors ,188.3,35.0,1316.0,1550,,0
21.07,15,Stage 18 - Lourdes › Hautacam  56k,143.2,408.0,4036.0,1550,1.0,0
20.07,19,Stage 17 - Saint-Gaudens › Peyragudes ,129.7,324.0,3364.0,1550,,0
19.07,7,Stage 16 - Carcassonne › Foix  145k,178.5,204.0,3418.0,1550,22.0,0
17.07,57,Stage 15 - Rodez › Carcassonne ,202.5,64.0,2416.0,1550,,0
16.07,71,Stage 14 - Saint-Etienne › Mende ,192.5,170.0,3441.0,1550,,0
15.07,63,Stage 13 - Bourg d'Oisans › Saint-Etienne ,192.6,78.0,2109.0,1550,,0
14.07,34,Stage 12 - Briançon › L'Alpe d'Huez ,165.1,389.0,4660.0,1550,,0
13.07,16,Stage 11 - Albertville › Col du Granon  68k,151.7,400.0,4070.0,1550,,0
12.07,47,Stage 10 - Morzine › Megève ,148.1,143.0,2733.0,1550,,0
10.07,56,Stage 9 - Aigle › Châtel les portes du Soleil ,192.9,223.0,3743.0,1550,,0
09.07,34,Stage 8 - Dole › Lausanne ,186.3,87.0,2556.0,1550,,0
08.07,41,Stage 7 - Tomblaine › La Super Planche des Belles Filles  122k,176.3,192.0,2526.0,1550,,0
07.07,5,Stage 6 - Binche › Longwy ,219.9,85.0,2477.0,1550,32.0,0
06.07,69,Stage 5 - Lille › Wallers-Arenberg ,157.0,1.0,601.0,1550,,0
05.07,72,Stage 4 - Dunkerque › Calais ,171.5,63.0,1785.0,1550,,0
03.07,98,Stage 3 - Vejle › Sønderborg ,182.0,16.0,1280.0,1550,,0
02.07,65,Stage 2 - Roskilde › Nyborg ,202.2,11.0,1149.0,1550,,0
01.07,10,Stage 1 (ITT) - Copenhagen › Copenhagen ,13.2,0.0,21.0,1550,10.0,0
26.06,33,National Championships Belgium - Road Race (NC) ,208.7,,,409,,0
05.06 » 12.06,,Critérium du Dauphiné (2.UWT) ,,375.0,3782.0,788,,0
12.06,DNF,Stage 8 - Saint-Alban-Leysse › Plateau de Salaison ,138.8,375.0,3782.0,788,,0
11.06,89,Stage 7 - Saint-Chaffrey › Vaujany ,134.8,311.0,3828.0,788,,0
10.06,72,Stage 6 - Rives › Gap ,196.5,74.0,2958.0,788,,0
09.06,43,Stage 5 - Thizy-les-Bourgs › Chaintré ,162.3,60.0,1991.0,788,,0
08.06,24,Stage 4 (ITT) - Montbrison › La Bâtie d’Urfé ,31.9,1.0,96.0,788,,0
07.06,8,Stage 3 - Saint-Paulien › Chastreix-Sancy ,169.0,140.0,2707.0,788,3.0,0
06.06,88,Stage 2 - Saint-Péray › Brives-Charensac ,169.8,91.0,2956.0,788,,0
05.06,65,Stage 1 - La Voulte-sur-Rhône › Beauchastel ,191.8,74.0,2473.0,788,,0
26.04 » 01.05,,Tour de Romandie (2.UWT) ,,,,506,,0
,6,Points classification ,,,,506,,0
,30,General classification ,,,,506,5.0,0
01.05,23,Stage 5 (ITT) - Aigle › Villars ,15.84,172.0,884.0,506,,0
30.04,41,Stage 4 - Aigle › Zinal (Val d'Anniviers) ,180.1,276.0,4158.0,506,,0
29.04,17,Stage 3 - Valbroye › Valbroye ,165.1,107.0,2441.0,506,,0
28.04,65,Stage 2 - Échallens › Échallens ,168.2,83.0,2327.0,506,,0
27.04,1,Stage 1 - La Grande Beroche › Romont ,178.0,115.0,2729.0,506,50.0,1
26.04,55,Prologue - Lausanne › Lausanne ,5.12,0.0,39.0,506,,0
24.04,6,Liège-Bastogne-Liège (1.UWT) ,257.2,182.0,4342.0,1101,90.0,0
20.04,1,La Flèche Wallonne (1.UWT) ,202.1,173.0,3160.0,974,225.0,1
17.04,DNF,Paris-Roubaix (1.UWT) ,257.2,5.0,1362.0,752,,0
13.04,8,De Brabantse Pijl - La Flèche Brabançonne (1.Pro) ,205.1,71.0,2034.0,534,30.0,0
10.04,10,Amstel Gold Race (1.UWT) ,254.1,112.0,3460.0,702,42.0,0
03.04,6,Ronde van Vlaanderen - Tour des Flandres ME (1.UWT) ,272.5,79.0,2289.0,759,90.0,0
21.03 » 27.03,,Volta Ciclista a Catalunya (2.UWT) ,,,,722,,0
,14,Mountains classification ,,,,722,,0
,23,Points classification ,,,,722,,0
,12,General classification ,,,,722,55.0,0
27.03,5,Stage 7 - Barcelona › Barcelona  70k,138.6,154.0,2121.0,722,10.0,0
26.03,34,Stage 6 - Salou › Cambrils ,168.6,90.0,2706.0,722,,0
25.03,55,Stage 5 - La Pobla de Segur › Vilanova i la Geltrú ,206.3,57.0,2478.0,722,,0
24.03,20,Stage 4 - La Seu d'Urgell › Boí Taüll ,166.7,221.0,3538.0,722,,0
23.03,27,Stage 3 - Perpignan › La Molina ,161.1,175.0,3394.0,722,,0
22.03,28,Stage 2 - L'Escala › Perpignan ,202.4,57.0,2166.0,722,,0
21.03,37,Stage 1 - Sant Feliu de Guíxols › Sant Feliu de Guíxols ,171.2,58.0,1688.0,722,,0
02.02 » 06.02,,Volta a la Comunitat Valenciana (2.Pro) ,,,,610,,0
,17,Mountains classification ,,,,610,,0
,17,General classification ,,,,610,14.0,0
06.02,78,Stage 5 - Paterna › Valencia ,92.0,12.0,706.0,610,,0
05.02,71,Stage 4 - Orihuela › Torrevieja  ,193.1,19.0,1237.0,610,,0
04.02,19,Stage 3 - Alicante › Antenas del Maigmó ,155.1,286.0,3628.0,610,,0
03.02,33,Stage 2 - Bétera › Torrent ,171.5,83.0,2429.0,610,,0
02.02,25,Stage 1 - Les Alqueries › Torralba del Pinar ,166.7,162.0,3164.0,610,,0
