date,result,name,distance,profile,vert,startlist,points,top3
25.09,27.0,World Championships ME - Road Race (WC) ,266.9,160.0,4167.0,1053,18.0,0
19.08 » 11.09,,La Vuelta ciclista a España (2.UWT) ,,,,970,,0
,33.0,Mountains classification ,,,,970,,0
,48.0,Points classification ,,,,970,,0
,49.0,General classification ,,,,970,20.0,0
11.09,43.0,Stage 21 - Las Rozas › Madrid ,96.7,10.0,773.0,970,,0
10.09,54.0,Stage 20 - Moralzarzal › Puerto de Navacerrada ,181.0,216.0,3977.0,970,,0
09.09,10.0,Stage 19 - Talavera de la Reina › Talavera de la Reina ,138.3,101.0,2278.0,970,6.0,0
08.09,48.0,Stage 18 - Trujillo › Alto del Piornal ,192.0,214.0,3680.0,970,,0
07.09,59.0,Stage 17 - Aracena › Monasterio de Tentudía ,162.3,161.0,2755.0,970,,0
06.09,33.0,Stage 16 - Sanlúcar de Barrameda › Tomares ,189.4,28.0,1076.0,970,,0
04.09,65.0,Stage 15 - Martos › Sierra Nevada ,152.6,407.0,4033.0,970,,0
03.09,62.0,Stage 14 - Montoro › Sierra de La Pandera ,160.3,278.0,3312.0,970,,0
02.09,119.0,Stage 13 - Ronda › Montilla ,168.4,54.0,1766.0,970,,0
01.09,67.0,Stage 12 - Salobreña › Peñas Blancas. Estepona ,192.7,273.0,3238.0,970,,0
31.08,122.0,Stage 11 - ElPozo Alimentación › Cabo de Gata ,191.2,38.0,1592.0,970,,0
30.08,21.0,Stage 10 (ITT) - Elche › Alicante ,30.9,4.0,179.0,970,,0
28.08,16.0,Stage 9 - Villaviciosa › Les Praeres. Nava  126k,171.4,242.0,3675.0,970,,0
27.08,70.0,Stage 8 - La Pola Llaviana/Pola de Laviana › Colláu Fancuaya ,153.4,335.0,3741.0,970,,0
26.08,79.0,Stage 7 - Camargo › Cistierna ,190.0,112.0,3359.0,970,,0
25.08,122.0,Stage 6 - Bilbao › Ascensión al Pico Jano. San Miguel de Aguayo ,181.2,294.0,4120.0,970,,0
24.08,107.0,Stage 5 - Irún › Bilbao ,187.2,162.0,2978.0,970,,0
23.08,79.0,Stage 4 - Vitoria-Gasteiz › Laguardia ,152.5,133.0,2319.0,970,,0
21.08,100.0,Stage 3 - Breda › Breda ,193.2,0.0,255.0,970,,0
20.08,134.0,Stage 2 - 's-Hertogenbosch › Utrecht ,175.1,10.0,518.0,970,,0
19.08,2.0,Stage 1 (TTT) - Utrecht › Utrecht ,23.3,0.0,31.0,970,4.0,1
01.07 » 24.07,,Tour de France (2.UWT) ,,,,1550,,0
,51.0,Mountains classification ,,,,1550,,0
,64.0,Points classification ,,,,1550,,0
,31.0,General classification ,,,,1550,45.0,0
24.07,53.0,Stage 21 - Paris La Défense › Paris (Champs-Élysées) ,115.6,13.0,748.0,1550,,0
23.07,15.0,Stage 20 (ITT) - Lacapelle-Marival › Rocamadour ,40.7,39.0,434.0,1550,1.0,0
22.07,25.0,Stage 19 - Castelnau-Magnoac › Cahors ,188.3,35.0,1316.0,1550,,0
21.07,40.0,Stage 18 - Lourdes › Hautacam ,143.2,408.0,4036.0,1550,,0
20.07,16.0,Stage 17 - Saint-Gaudens › Peyragudes  56k,129.7,324.0,3364.0,1550,,0
19.07,58.0,Stage 16 - Carcassonne › Foix ,178.5,204.0,3418.0,1550,,0
17.07,82.0,Stage 15 - Rodez › Carcassonne ,202.5,64.0,2416.0,1550,,0
16.07,48.0,Stage 14 - Saint-Etienne › Mende ,192.5,170.0,3441.0,1550,,0
15.07,69.0,Stage 13 - Bourg d'Oisans › Saint-Etienne ,192.6,78.0,2109.0,1550,,0
14.07,52.0,Stage 12 - Briançon › L'Alpe d'Huez ,165.1,389.0,4660.0,1550,,0
13.07,47.0,Stage 11 - Albertville › Col du Granon ,151.7,400.0,4070.0,1550,,0
12.07,5.0,Stage 10 - Morzine › Megève  95k,148.1,143.0,2733.0,1550,32.0,0
10.07,76.0,Stage 9 - Aigle › Châtel les portes du Soleil ,192.9,223.0,3743.0,1550,,0
09.07,75.0,Stage 8 - Dole › Lausanne ,186.3,87.0,2556.0,1550,,0
08.07,77.0,Stage 7 - Tomblaine › La Super Planche des Belles Filles ,176.3,192.0,2526.0,1550,,0
07.07,81.0,Stage 6 - Binche › Longwy ,219.9,85.0,2477.0,1550,,0
06.07,135.0,Stage 5 - Lille › Wallers-Arenberg ,157.0,1.0,601.0,1550,,0
05.07,87.0,Stage 4 - Dunkerque › Calais ,171.5,63.0,1785.0,1550,,0
03.07,80.0,Stage 3 - Vejle › Sønderborg ,182.0,16.0,1280.0,1550,,0
02.07,166.0,Stage 2 - Roskilde › Nyborg ,202.2,11.0,1149.0,1550,,0
01.07,143.0,Stage 1 (ITT) - Copenhagen › Copenhagen ,13.2,0.0,21.0,1550,,0
12.06 » 19.06,,Tour de Suisse (2.UWT) ,,,,767,,0
,35.0,Mountains classification ,,,,767,,0
,29.0,Points classification ,,,,767,,0
,55.0,General classification ,,,,767,5.0,0
19.06,10.0,Stage 8 (ITT) - Vaduz › Vaduz ,25.6,3.0,131.0,767,1.0,0
18.06,60.0,Stage 7 - Ambri › Malbun ,194.6,347.0,3881.0,767,,0
17.06,59.0,Stage 6 - Locarno › Moosalp ,177.5,304.0,4155.0,767,,0
16.06,54.0,Stage 5 - Ambri › Novazzano ,190.1,195.0,2610.0,767,,0
15.06,111.0,Stage 4 - Grenchen › Brunnen ,190.8,82.0,2062.0,767,,0
14.06,81.0,Stage 3 - Aesch › Grenchen ,176.9,119.0,3125.0,767,,0
13.06,141.0,Stage 2 - Küsnacht › Aesch ,198.0,123.0,2746.0,767,,0
12.06,115.0,Stage 1 - Küsnacht › Küsnacht  ,177.6,135.0,2746.0,767,,0
17.04,1.0,Paris-Roubaix (1.UWT) ,257.2,5.0,1362.0,752,275.0,1
10.04,22.0,Amstel Gold Race (1.UWT) ,254.1,112.0,3460.0,702,13.0,0
03.04,2.0,Ronde van Vlaanderen - Tour des Flandres ME (1.UWT) ,272.5,79.0,2289.0,759,200.0,1
30.03,71.0,Dwars door Vlaanderen - A travers la Flandre ME (1.UWT) ,183.7,50.0,1649.0,647,5.0,0
27.03,41.0,Gent-Wevelgem in Flanders Fields ME (1.UWT) ,248.8,35.0,1377.0,838,5.0,0
25.03,8.0,E3 Saxo Bank Classic (1.UWT)  100k,203.9,59.0,2010.0,636,50.0,0
06.03 » 13.03,,Paris - Nice (2.UWT) ,,,,1183,,0
,15.0,Mountains classification ,,,,1183,,0
,25.0,General classification ,,,,1183,10.0,0
13.03,35.0,Stage 8 - Nice › Nice ,115.6,184.0,2436.0,1183,,0
12.03,41.0,Stage 7 - Nice › Col de Turini ,155.2,303.0,3582.0,1183,,0
11.03,56.0,Stage 6 - Courthézon › Aubagne ,213.6,97.0,2878.0,1183,,0
10.03,33.0,Stage 5 - Saint-Just-Saint-Rambert › Saint-Sauveur-de-Montagut ,188.8,188.0,3408.0,1183,,0
09.03,15.0,Stage 4 (ITT) - Domérat › Montluçon ,13.4,18.0,188.0,1183,,0
08.03,44.0,Stage 3 - Vierzon › Dun-le-Palestel ,190.8,63.0,1929.0,1183,,0
07.03,57.0,Stage 2 - Auffargis › Orléans ,159.2,8.0,707.0,1183,,0
06.03,50.0,Stage 1 - Mantes-la-Ville › Mantes-la-Ville ,159.8,56.0,1723.0,1183,,0
02.03,27.0,Trofeo Laigueglia (1.Pro) ,202.0,151.0,2973.0,320,,0
16.02 » 20.02,,Volta ao Algarve em Bicicleta (2.Pro) ,,,,502,,0
,10.0,General classification ,,,,502,40.0,0
20.02,21.0,Stage 5 - Lagoa › Malhão (Loulé) ,173.0,199.0,3056.0,502,,0
19.02,11.0,Stage 4 (ITT) - Vila Real de Santo António › Tavira ,32.2,26.0,407.0,502,,0
18.02,27.0,Stage 3 - Almodôvar › Faro ,211.4,48.0,2000.0,502,,0
17.02,16.0,Stage 2 - Albufeira › Fóia (Monchique) ,182.4,197.0,3183.0,502,,0
16.02,25.0,Stage 1 - Portimão  › Lagos ,199.1,42.0,2124.0,502,,0
