date,result,name,distance,profile,vert,startlist,points,top3
07.10 » 09.10,,Tour de Romandie Féminin (2.WWT) ,,,,910,,0
,10.0,Mountains classification ,,,,910,,0
,5.0,Points classification ,,,,910,,0
,3.0,General classification ,,,,910,160.0,1
09.10,11.0,Stage 3 - Fribourg › Genève ,147.6,50.0,1686.0,910,,0
08.10,3.0,Stage 2 - Sion › Thyon 2000 ,104.5,312.0,2489.0,910,18.0,1
07.10,5.0,Stage 1 - Lausanne › Lausanne ,134.4,60.0,2051.0,910,10.0,0
04.10,1.0,Tre Valli Varesine Women's Race (1.1) ,88.9,83.0,1272.0,694,75.0,1
01.10,1.0,Giro dell'Emilia Internazionale Donne Elite (1.Pro) ,89.7,44.0,348.0,622,125.0,1
24.09,10.0,World Championships WE - Road Race (WC) ,164.3,125.0,2655.0,1596,70.0,0
21.09,2.0,World Championships - Mixed Relay TTT (WC) ,28.2,11.0,226.0,91,3.33,1
07.09 » 11.09,,Ceratizit Challenge by La Vuelta (2.WWT) ,,,,1461,,0
,6.0,Mountains classification ,,,,1461,,0
,3.0,Points classification ,,,,1461,,1
,2.0,General classification ,,,,1461,190.0,1
11.09,15.0,Stage 5 - Madrid › Madrid ,95.7,69.0,1666.0,1461,,0
10.09,3.0,Stage 4 - Palencia › Segovia ,160.4,47.0,1627.0,1461,18.0,1
09.09,9.0,Stage 3 - Camargo › Aguilar de Campoo ,96.4,81.0,1800.0,1461,2.0,0
08.09,2.0,Stage 2 - Colindres › Colindres ,105.9,143.0,2169.0,1461,30.0,1
07.09,1.0,Stage 1 (TTT) - Marina de Cudeyo › Marina de Cudeyo ,19.9,3.0,176.0,1461,4.17,1
27.08,59.0,Classic Lorient Agglomération - Trophée Ceratizit (1.WWT) ,158.4,68.0,1907.0,1083,5.0,0
24.07 » 31.07,,Tour de France Femmes (2.WWT) ,,,,1808,,0
,4.0,Mountains classification ,,,,1808,,0
,6.0,Points classification ,,,,1808,,0
,6.0,General classification ,,,,1808,110.0,0
31.07,6.0,Stage 8 - Lure › La Super Planche des Belles Filles ,123.3,226.0,2466.0,1808,7.0,0
30.07,7.0,Stage 7 - Sélestat › Le Markstein  83k,127.1,229.0,2883.0,1808,4.0,0
29.07,9.0,Stage 6 - Saint-Dié-des-Vosges › Rosheim ,128.6,64.0,1673.0,1808,2.0,0
28.07,62.0,Stage 5 - Bar-le-Duc › Saint-Dié-des-Vosges ,175.6,26.0,1572.0,1808,,0
27.07,9.0,Stage 4 - Troyes › Bar-Sur-Aube ,126.8,69.0,1415.0,1808,2.0,0
26.07,5.0,Stage 3 - Reims › Épernay ,133.6,70.0,1418.0,1808,10.0,0
25.07,4.0,Stage 2 - Meaux › Provins ,136.4,15.0,894.0,1808,13.0,0
24.07,22.0,Stage 1 - Paris (Tour Eiffel) › Paris (Champs-Élysées) ,81.7,3.0,357.0,1808,,0
30.06 » 10.07,,Giro d'Italia Donne (2.WWT) ,,,,1271,,0
,7.0,Mountains classification ,,,,1271,,0
,5.0,Points classification ,,,,1271,,0
,4.0,General classification ,,,,1271,140.0,0
10.07,31.0,Stage 10 - Abano Terme › Padova ,90.5,15.0,440.0,1271,,0
09.07,3.0,Stage 9 - San Michele All’Adige › San Lorenzo Dorsino ,112.8,249.0,3170.0,1271,18.0,1
08.07,3.0,Stage 8 - Rovereto › Aldeno ,104.7,208.0,2333.0,1271,18.0,1
07.07,5.0,Stage 7 - Prevalle › Passo del Maniva ,112.9,199.0,2002.0,1271,10.0,0
06.07,9.0,Stage 6 - Sarnico › Bergamo ,114.7,47.0,1008.0,1271,2.0,0
05.07,117.0,Stage 5 - Carpi › Reggio Emilia ,126.1,3.0,332.0,1271,,0
04.07,6.0,Stage 4 - Cesena  › Cesena  ,120.9,135.0,1813.0,1271,7.0,0
02.07,13.0,Stage 3 - Cala Gonone › Olbia ,113.4,9.0,702.0,1271,,0
01.07,14.0,Stage 2 - Villasimius › Tortolì ,106.5,37.0,1181.0,1271,,0
30.06,5.0,Prologue - Cagliari  › Cagliari  ,4.7,0.0,25.0,1271,10.0,0
26.06,19.0,National Championships Italy WE - Road Race (NC) ,147.6,,,519,,0
22.06,1.0,National Championships Italy WE - ITT (NC) ,33.3,,,231,15.0,1
06.06 » 11.06,,Women's Tour (2.WWT) ,,,,939,,0
,4.0,Mountains classification ,,,,939,,0
,2.0,Points classification ,,,,939,,1
,1.0,General classification ,,,,939,250.0,1
11.06,3.0,Stage 6 - Chipping Norton › Oxford ,142.9,13.0,905.0,939,18.0,1
10.06,1.0,Stage 5 - Pembrey Country Park › Black Mountain ,106.6,101.0,1803.0,939,50.0,1
09.06,3.0,Stage 4 - Wrexham › Welshpool ,144.7,63.0,1842.0,939,18.0,1
08.06,5.0,Stage 3 - Tewkesbury › Gloucester ,107.9,58.0,1314.0,939,10.0,0
07.06,52.0,Stage 2 - Harlow › Harlow ,92.1,13.0,736.0,939,,0
06.06,73.0,Stage 1 - Colchester  › Bury St Edmunds ,142.1,9.0,920.0,939,,0
24.04,5.0,Liège-Bastogne-Liège Femmes (1.WWT) ,142.1,136.0,2257.0,1162,80.0,0
20.04,6.0,La Flèche Wallonne Féminine (1.WWT) ,133.4,155.0,2099.0,1110,70.0,0
16.04,1.0,Paris-Roubaix Femmes (1.WWT) ,124.7,1.0,345.0,1191,225.0,1
03.04,33.0,Ronde van Vlaanderen - Tour des Flandres WE (1.WWT) ,158.6,54.0,1454.0,1553,5.0,0
30.03,25.0,Dwars door Vlaanderen - A travers la Flandre WE (1.Pro) ,120.0,40.0,1149.0,936,1.0,0
27.03,43.0,Gent-Wevelgem In Flanders Fields WE (1.WWT) ,159.0,31.0,813.0,1331,5.0,0
20.03,12.0,Trofeo Alfredo Binda - Comune di Cittiglio (1.WWT) ,129.4,78.0,2045.0,1061,34.0,0
05.03,8.0,Strade Bianche Donne (1.WWT) ,136.0,111.0,1944.0,1222,50.0,0
26.02,43.0,Omloop Het Nieuwsblad WE (1.Pro) ,128.4,43.0,1028.0,1186,,0
17.02 » 20.02,,Setmana Valenciana-Volta Comunitat Valenciana Fémines (2.1) ,,,,1138,,0
,14.0,General classification ,,,,1138,7.0,0
20.02,12.0,Stage 4 - Sagunt › Valencia ,118.0,27.0,1076.0,1138,,0
19.02,21.0,Stage 3 - Vila-Real › Vistabella del Maestrat ,135.0,160.0,2872.0,1138,,0
18.02,10.0,Stage 2 - Altea › Cocentaina ,117.0,81.0,2260.0,1138,,0
17.02,5.0,Stage 1 - Tavernes de la Valldigna › Gandia ,114.0,63.0,1328.0,1138,4.0,0
