date,result,name,distance,profile,vert,startlist,points,top3
08.10,2,Il Lombardia (1.UWT) ,253.0,278.0,4852.0,1019,200.0,1
04.10,22,Tre Valli Varesine (1.Pro) ,196.3,152.0,3464.0,922,4.0,0
01.10,1,Giro dell'Emilia (1.Pro) ,198.7,266.0,3021.0,728,125.0,1
29.09,9,Coppa Agostoni - Giro delle Brianze (1.1) ,193.0,121.0,3189.0,358,16.0,0
19.08 » 11.09,,La Vuelta ciclista a España (2.UWT) ,,,,970,,0
,3,Mountains classification ,,,,970,10.0,1
,3,Points classification ,,,,970,10.0,1
,2,General classification ,,,,970,290.0,1
11.09,32,Stage 21 - Las Rozas › Madrid ,96.7,10.0,773.0,970,,0
10.09,5,Stage 20 - Moralzarzal › Puerto de Navacerrada ,181.0,216.0,3977.0,970,18.0,0
09.09,38,Stage 19 - Talavera de la Reina › Talavera de la Reina ,138.3,101.0,2278.0,970,,0
08.09,2,Stage 18 - Trujillo › Alto del Piornal ,192.0,214.0,3680.0,970,50.0,1
07.09,15,Stage 17 - Aracena › Monasterio de Tentudía ,162.3,161.0,2755.0,970,1.0,0
06.09,18,Stage 16 - Sanlúcar de Barrameda › Tomares ,189.4,28.0,1076.0,970,,0
04.09,2,Stage 15 - Martos › Sierra Nevada ,152.6,407.0,4033.0,970,50.0,1
03.09,6,Stage 14 - Montoro › Sierra de La Pandera ,160.3,278.0,3312.0,970,15.0,0
02.09,22,Stage 13 - Ronda › Montilla ,168.4,54.0,1766.0,970,,0
01.09,16,Stage 12 - Salobreña › Peñas Blancas. Estepona ,192.7,273.0,3238.0,970,,0
31.08,55,Stage 11 - ElPozo Alimentación › Cabo de Gata ,191.2,38.0,1592.0,970,,0
30.08,10,Stage 10 (ITT) - Elche › Alicante ,30.9,4.0,179.0,970,6.0,0
28.08,8,Stage 9 - Villaviciosa › Les Praeres. Nava ,171.4,242.0,3675.0,970,10.0,0
27.08,6,Stage 8 - La Pola Llaviana/Pola de Laviana › Colláu Fancuaya ,153.4,335.0,3741.0,970,15.0,0
26.08,58,Stage 7 - Camargo › Cistierna ,190.0,112.0,3359.0,970,,0
25.08,3,Stage 6 - Bilbao › Ascensión al Pico Jano. San Miguel de Aguayo ,181.2,294.0,4120.0,970,35.0,1
24.08,25,Stage 5 - Irún › Bilbao ,187.2,162.0,2978.0,970,,0
23.08,3,Stage 4 - Vitoria-Gasteiz › Laguardia ,152.5,133.0,2319.0,970,35.0,1
21.08,58,Stage 3 - Breda › Breda ,193.2,0.0,255.0,970,,0
20.08,69,Stage 2 - 's-Hertogenbosch › Utrecht ,175.1,10.0,518.0,970,,0
19.08,10,Stage 1 (TTT) - Utrecht › Utrecht ,23.3,0.0,31.0,970,,0
01.07 » 24.07,,Tour de France (2.UWT) ,,35.0,1316.0,1550,,0
22.07,DNS,Stage 19 - Castelnau-Magnoac › Cahors ,188.3,35.0,1316.0,1550,,0
21.07,18,Stage 18 - Lourdes › Hautacam ,143.2,408.0,4036.0,1550,,0
20.07,11,Stage 17 - Saint-Gaudens › Peyragudes ,129.7,324.0,3364.0,1550,8.0,0
19.07,30,Stage 16 - Carcassonne › Foix ,178.5,204.0,3418.0,1550,,0
17.07,36,Stage 15 - Rodez › Carcassonne ,202.5,64.0,2416.0,1550,,0
16.07,30,Stage 14 - Saint-Etienne › Mende ,192.5,170.0,3441.0,1550,,0
15.07,39,Stage 13 - Bourg d'Oisans › Saint-Etienne ,192.6,78.0,2109.0,1550,,0
14.07,8,Stage 12 - Briançon › L'Alpe d'Huez ,165.1,389.0,4660.0,1550,18.0,0
13.07,14,Stage 11 - Albertville › Col du Granon ,151.7,400.0,4070.0,1550,2.0,0
12.07,22,Stage 10 - Morzine › Megève ,148.1,143.0,2733.0,1550,,0
10.07,9,Stage 9 - Aigle › Châtel les portes du Soleil ,192.9,223.0,3743.0,1550,14.0,0
09.07,15,Stage 8 - Dole › Lausanne ,186.3,87.0,2556.0,1550,1.0,0
08.07,7,Stage 7 - Tomblaine › La Super Planche des Belles Filles ,176.3,192.0,2526.0,1550,22.0,0
07.07,10,Stage 6 - Binche › Longwy ,219.9,85.0,2477.0,1550,10.0,0
06.07,30,Stage 5 - Lille › Wallers-Arenberg ,157.0,1.0,601.0,1550,,0
05.07,65,Stage 4 - Dunkerque › Calais ,171.5,63.0,1785.0,1550,,0
03.07,57,Stage 3 - Vejle › Sønderborg ,182.0,16.0,1280.0,1550,,0
02.07,109,Stage 2 - Roskilde › Nyborg ,202.2,11.0,1149.0,1550,,0
01.07,67,Stage 1 (ITT) - Copenhagen › Copenhagen ,13.2,0.0,21.0,1550,,0
05.06 » 12.06,,Critérium du Dauphiné (2.UWT) ,,375.0,3782.0,788,,0
12.06,DNS,Stage 8 - Saint-Alban-Leysse › Plateau de Salaison ,138.8,375.0,3782.0,788,,0
11.06,68,Stage 7 - Saint-Chaffrey › Vaujany ,134.8,311.0,3828.0,788,,0
10.06,56,Stage 6 - Rives › Gap ,196.5,74.0,2958.0,788,,0
09.06,57,Stage 5 - Thizy-les-Bourgs › Chaintré ,162.3,60.0,1991.0,788,,0
08.06,19,Stage 4 (ITT) - Montbrison › La Bâtie d’Urfé ,31.9,1.0,96.0,788,,0
07.06,22,Stage 3 - Saint-Paulien › Chastreix-Sancy ,169.0,140.0,2707.0,788,,0
06.06,56,Stage 2 - Saint-Péray › Brives-Charensac ,169.8,91.0,2956.0,788,,0
05.06,71,Stage 1 - La Voulte-sur-Rhône › Beauchastel ,191.8,74.0,2473.0,788,,0
24.04,12,Liège-Bastogne-Liège (1.UWT) ,257.2,182.0,4342.0,1101,42.0,0
20.04,33,La Flèche Wallonne (1.UWT) ,202.1,173.0,3160.0,974,5.0,0
04.04 » 09.04,,Itzulia Basque Country (2.UWT) ,,,,742,,0
,13,Mountains classification ,,,,742,,0
,12,Points classification ,,,,742,,0
,9,General classification ,,,,742,80.0,0
09.04,14,Stage 6 - Eibar › Arrate ,135.7,275.0,3636.0,742,,0
08.04,5,Stage 5 - Zamudio › Mallabia ,163.76,184.0,3485.0,742,10.0,0
07.04,17,Stage 4 - Vitoria-Gasteiz › Zamudio ,185.6,154.0,2703.0,742,,0
06.04,5,Stage 3 - Llodio › Amurrio ,181.7,186.0,3278.0,742,10.0,0
05.04,35,Stage 2 - Leitza › Viana ,207.92,77.0,2625.0,742,,0
04.04,36,Stage 1 (ITT) - Hondarribia › Hondarribia ,7.51,7.0,100.0,742,,0
02.04,50,Gran Premio Miguel Indurain (1.Pro) ,190.0,114.0,2878.0,372,,0
07.03 » 13.03,,Tirreno-Adriatico (2.UWT) ,,19.0,1296.0,1061,,0
13.03,DNS,Stage 7 - San Benedetto del Tronto › San Benedetto del Tronto ,159.0,19.0,1296.0,1061,,0
12.03,21,Stage 6 - Apecchio › Carpegna ,215.0,266.0,3817.0,1061,,0
11.03,8,Stage 5 - Sefro › Fermo ,155.0,191.0,2402.0,1061,3.0,0
10.03,7,Stage 4 - Cascata delle Marmore › Bellante ,202.0,131.0,3092.0,1061,4.0,0
09.03,61,Stage 3 - Murlo › Terni ,170.0,53.0,2063.0,1061,,0
08.03,56,Stage 2 - Camaiore › Sovicille ,219.0,70.0,2144.0,1061,,0
07.03,58,Stage 1 (ITT) - Lido di Camaiore › Lido di Camaiore ,13.9,0.0,4.0,1061,,0
02.02 » 06.02,,Volta a la Comunitat Valenciana (2.Pro) ,,,,610,,0
,6,Mountains classification ,,,,610,,0
,10,Points classification ,,,,610,,0
,4,General classification ,,,,610,80.0,0
06.02,69,Stage 5 - Paterna › Valencia ,92.0,12.0,706.0,610,,0
05.02,53,Stage 4 - Orihuela › Torrevieja  ,193.1,19.0,1237.0,610,,0
04.02,3,Stage 3 - Alicante › Antenas del Maigmó ,155.1,286.0,3628.0,610,12.0,1
03.02,17,Stage 2 - Bétera › Torrent ,171.5,83.0,2429.0,610,,0
02.02,4,Stage 1 - Les Alqueries › Torralba del Pinar ,166.7,162.0,3164.0,610,7.0,0
29.01,12,Trofeo Pollença - Port d'Andratx (1.1) ,170.1,207.0,3429.0,366,10.0,0
28.01,7,Trofeo Serra de Tramuntana (1.1) ,158.9,170.0,3217.0,352,20.0,0
