date,result,name,distance,profile,vert,startlist,points,top3
25.09,9,World Championships ME - Road Race (WC) ,266.9,160.0,4167.0,1053,80.0,0
18.09,4,World Championships ME - ITT (WC) ,34.2,17.0,324.0,324,110.0,0
19.08 » 11.09,,La Vuelta ciclista a España (2.UWT) ,,4.0,179.0,970,,0
30.08,DNS,Stage 10 (ITT) - Elche › Alicante ,30.9,4.0,179.0,970,,0
28.08,73,Stage 9 - Villaviciosa › Les Praeres. Nava ,171.4,242.0,3675.0,970,,0
27.08,71,Stage 8 - La Pola Llaviana/Pola de Laviana › Colláu Fancuaya ,153.4,335.0,3741.0,970,,0
26.08,12,Stage 7 - Camargo › Cistierna ,190.0,112.0,3359.0,970,4.0,0
25.08,177,Stage 6 - Bilbao › Ascensión al Pico Jano. San Miguel de Aguayo ,181.2,294.0,4120.0,970,,0
24.08,91,Stage 5 - Irún › Bilbao ,187.2,162.0,2978.0,970,,0
23.08,7,Stage 4 - Vitoria-Gasteiz › Laguardia ,152.5,133.0,2319.0,970,12.0,0
21.08,13,Stage 3 - Breda › Breda ,193.2,0.0,255.0,970,3.0,0
20.08,43,Stage 2 - 's-Hertogenbosch › Utrecht ,175.1,10.0,518.0,970,,0
19.08,2,Stage 1 (TTT) - Utrecht › Utrecht ,23.3,0.0,31.0,970,4.0,1
30.07 » 05.08,,Tour de Pologne (2.UWT) ,,,,467,,0
,8,Points classification ,,,,467,,0
,1,General classification ,,,,467,250.0,1
05.08,24,Stage 7 - Valsir › Kraków ,177.8,36.0,1875.0,467,,0
04.08,3,Stage 6 (ITT) - Nowy Targ (Gronków) › Stacja Narciarska Rusiński ,11.8,28.0,337.0,467,18.0,1
03.08,17,Stage 5 - Łańcut › Rzeszów ,178.1,78.0,2179.0,467,,0
02.08,79,Stage 4 - Lesko › Sanok ,179.4,103.0,2621.0,467,,0
01.08,11,Stage 3 - Kraśnik › Przemyśl ,237.9,93.0,1545.0,467,,0
31.07,31,Stage 2 - Chełm › Zamość ,205.6,4.0,966.0,467,,0
30.07,11,Stage 1 - Kielce › Lublin ,218.8,10.0,1231.0,467,,0
26.06,9,National Championships Great Britain - Road Race (NC) ,201.0,,,96,,0
23.06,1,National Championships Great Britain - ITT (NC) ,44.2,,,27,15.0,1
05.06 » 12.06,,Critérium du Dauphiné (2.UWT) ,,,,788,,0
,4,Youth classification ,,,,788,,0
,2,Points classification ,,,,788,,1
,15,General classification ,,,,788,40.0,0
12.06,25,Stage 8 - Saint-Alban-Leysse › Plateau de Salaison ,138.8,375.0,3782.0,788,,0
11.06,20,Stage 7 - Saint-Chaffrey › Vaujany ,134.8,311.0,3828.0,788,,0
10.06,15,Stage 6 - Rives › Gap ,196.5,74.0,2958.0,788,,0
09.06,3,Stage 5 - Thizy-les-Bourgs › Chaintré ,162.3,60.0,1991.0,788,18.0,1
08.06,3,Stage 4 (ITT) - Montbrison › La Bâtie d’Urfé ,31.9,1.0,96.0,788,18.0,1
07.06,51,Stage 3 - Saint-Paulien › Chastreix-Sancy ,169.0,140.0,2707.0,788,,0
06.06,7,Stage 2 - Saint-Péray › Brives-Charensac ,169.8,91.0,2956.0,788,4.0,0
05.06,2,Stage 1 - La Voulte-sur-Rhône › Beauchastel ,191.8,74.0,2473.0,788,30.0,1
24.05 » 29.05,,Tour of Norway (2.Pro) ,,,,282,,0
,29,Mountains classification ,,,,282,,0
,5,Points classification ,,,,282,,0
,12,General classification ,,,,282,32.0,0
29.05,13,Stage 6 - Stavanger › Stavanger ,149.3,38.0,1231.0,282,,0
28.05,12,Stage 5 - Flekkefjord › Sandnes ,181.7,134.0,2781.0,282,,0
27.05,19,Stage 4 - Hovden › Kristiansand ,232.1,41.0,1655.0,282,,0
26.05,18,Stage 3 - Gol › Stavsro/Gaustatoppen ,175.8,261.0,3371.0,282,,0
25.05,1,Stage 2 - Ulvik › Geilo ,123.8,87.0,2421.0,282,30.0,1
24.05,5,Stage 1 - Bergen › Voss ,173.6,99.0,2225.0,282,4.0,0
26.04 » 01.05,,Tour de Romandie (2.UWT) ,,,,506,,0
,13,Youth classification ,,,,506,,0
,1,Points classification ,,,,506,,1
,62,General classification ,,,,506,5.0,0
01.05,29,Stage 5 (ITT) - Aigle › Villars ,15.84,172.0,884.0,506,,0
30.04,65,Stage 4 - Aigle › Zinal (Val d'Anniviers) ,180.1,276.0,4158.0,506,,0
29.04,2,Stage 3 - Valbroye › Valbroye ,165.1,107.0,2441.0,506,30.0,1
28.04,1,Stage 2 - Échallens › Échallens ,168.2,83.0,2327.0,506,50.0,1
27.04,135,Stage 1 - La Grande Beroche › Romont ,178.0,115.0,2729.0,506,,0
26.04,1,Prologue - Lausanne › Lausanne ,5.12,0.0,39.0,506,50.0,1
22.03 » 26.03,,Settimana Internazionale Coppi e Bartali (2.1) ,,,,253,,0
,6,Youth classification ,,,,253,,0
,1,Points classification ,,,,253,,1
,15,General classification ,,,,253,6.0,0
26.03,36,Stage 5 - Casalguidi › Cantagrillo ,160.0,143.0,2051.0,253,,0
25.03,2,Stage 4 - Montecatini › Montecatini ,158.7,97.0,2446.0,253,12.0,1
24.03,12,Stage 3 - San Marino › San Marino ,147.0,326.0,3963.0,253,,0
23.03,1,Stage 2 - Riccione › Longiano ,165.9,162.0,2686.0,253,20.0,1
22.03,3,Stage 1 - Riccione › Riccione ,164.6,155.0,2969.0,253,7.0,1
19.03,56,Milano-Sanremo (1.UWT) ,293.0,63.0,2096.0,936,5.0,0
06.03 » 13.03,,Paris - Nice (2.UWT) ,,,,1183,,0
,9,Youth classification ,,,,1183,,0
,14,Points classification ,,,,1183,,0
,45,General classification ,,,,1183,5.0,0
13.03,50,Stage 8 - Nice › Nice ,115.6,184.0,2436.0,1183,,0
12.03,53,Stage 7 - Nice › Col de Turini ,155.2,303.0,3582.0,1183,,0
11.03,53,Stage 6 - Courthézon › Aubagne ,213.6,97.0,2878.0,1183,,0
10.03,40,Stage 5 - Saint-Just-Saint-Rambert › Saint-Sauveur-de-Montagut ,188.8,188.0,3408.0,1183,,0
09.03,6,Stage 4 (ITT) - Domérat › Montluçon ,13.4,18.0,188.0,1183,7.0,0
08.03,9,Stage 3 - Vierzon › Dun-le-Palestel ,190.8,63.0,1929.0,1183,2.0,0
07.03,129,Stage 2 - Auffargis › Orléans ,159.2,8.0,707.0,1183,,0
06.03,140,Stage 1 - Mantes-la-Ville › Mantes-la-Ville ,159.8,56.0,1723.0,1183,,0
27.02,42,Kuurne - Bruxelles - Kuurne (1.Pro) ,195.1,45.0,1829.0,718,,0
26.02,21,Omloop Het Nieuwsblad ME (1.UWT) ,204.2,49.0,1666.0,749,14.0,0
16.02 » 20.02,,Volta ao Algarve em Bicicleta (2.Pro) ,,,,502,,0
,4,Mountains classification ,,,,502,,0
,11,Points classification ,,,,502,,0
,4,General classification ,,,,502,80.0,0
20.02,10,Stage 5 - Lagoa › Malhão (Loulé) ,173.0,199.0,3056.0,502,,0
19.02,3,Stage 4 (ITT) - Vila Real de Santo António › Tavira ,32.2,26.0,407.0,502,12.0,1
18.02,14,Stage 3 - Almodôvar › Faro ,211.4,48.0,2000.0,502,,0
17.02,3,Stage 2 - Albufeira › Fóia (Monchique) ,182.4,197.0,3183.0,502,12.0,1
16.02,12,Stage 1 - Portimão  › Lagos ,199.1,42.0,2124.0,502,,0
10.02 » 13.02,,Tour de la Provence (2.Pro) ,,,,318,,0
,13,Youth classification ,,,,318,,0
,58,General classification ,,,,318,,0
13.02,44,Stage 3 - Manosque › Montagne de Lure ,166.1,206.0,3223.0,318,,0
12.02,86,Stage 2 - Arles › Manosque ,180.6,69.0,2202.0,318,,0
11.02,103,Stage 1 - Istres › Les Saintes-Maries-de-la-Mer ,151.8,2.0,360.0,318,,0
10.02,2,Prologue - Berre-l'Étang › Berre-l'Étang ,7.1,0.0,14.0,318,18.0,1
