date,result,name,distance,profile,vert,startlist,points,top3
03.10,6,Sparkassen Münsterland Giro (1.Pro) ,205.9,5.0,842.0,225.0,40.0,0
18.09,74,Gooikse Pijl (1.1) ,199.0,21.0,1893.0,301.0,,0
17.09,DNF,Primus Classic (1.Pro) ,199.3,51.0,1937.0,442.0,,0
16.09,1,Kampioenschap van Vlaanderen (1.1) ,195.3,0.0,697.0,226.0,75.0,1
11.09,141,GP de Fourmies / La Voix du Nord (1.Pro) ,197.6,47.0,2111.0,371.0,,0
08.09,DNF,Izegem Koers (NAT) ,167.4,,,,,0
24.08 » 28.08,,Deutschland Tour (2.Pro) ,,93.0,2586.0,458.0,,0
28.08,DNF,Stage 4 - Schiltach › Stuttgart ,186.6,93.0,2586.0,458.0,,0
27.08,113,Stage 3 - Freiburg  › Schauinsland ,148.9,203.0,2065.0,458.0,,0
26.08,111,Stage 2 - Meiningen › Marburg ,200.7,87.0,2467.0,458.0,,0
25.08,107,Stage 1 - Weimar › Meiningen ,171.7,62.0,2103.0,458.0,,0
24.08,42,Prologue - Weimar › Weimar ,2.6,1.0,17.0,458.0,,0
21.08,30,BEMER Cyclassics (1.UWT) ,204.7,30.0,892.0,651.0,5.0,0
14.08,1,European Continental Championships - Road Race (CC) ,207.9,23.0,1331.0,455.0,75.0,1
10.08,DNF,Circuit Franco-Belge (1.Pro) ,175.2,78.0,2007.0,344.0,,0
01.07 » 24.07,,Tour de France (2.UWT) ,,,,1550.0,,0
,5,Points classification ,,,,1550.0,,0
,129,General classification ,,,,1550.0,25.0,0
24.07,13,Stage 21 - Paris La Défense › Paris (Champs-Élysées) ,115.6,13.0,748.0,1550.0,4.0,0
23.07,132,Stage 20 (ITT) - Lacapelle-Marival › Rocamadour ,40.7,39.0,434.0,1550.0,,0
22.07,97,Stage 19 - Castelnau-Magnoac › Cahors ,188.3,35.0,1316.0,1550.0,,0
21.07,136,Stage 18 - Lourdes › Hautacam ,143.2,408.0,4036.0,1550.0,,0
20.07,142,Stage 17 - Saint-Gaudens › Peyragudes ,129.7,324.0,3364.0,1550.0,,0
19.07,144,Stage 16 - Carcassonne › Foix ,178.5,204.0,3418.0,1550.0,,0
17.07,142,Stage 15 - Rodez › Carcassonne ,202.5,64.0,2416.0,1550.0,,0
16.07,128,Stage 14 - Saint-Etienne › Mende ,192.5,170.0,3441.0,1550.0,,0
15.07,153,Stage 13 - Bourg d'Oisans › Saint-Etienne ,192.6,78.0,2109.0,1550.0,,0
14.07,157,Stage 12 - Briançon › L'Alpe d'Huez ,165.1,389.0,4660.0,1550.0,,0
13.07,158,Stage 11 - Albertville › Col du Granon ,151.7,400.0,4070.0,1550.0,,0
12.07,154,Stage 10 - Morzine › Megève ,148.1,143.0,2733.0,1550.0,,0
10.07,152,Stage 9 - Aigle › Châtel les portes du Soleil ,192.9,223.0,3743.0,1550.0,,0
09.07,109,Stage 8 - Dole › Lausanne ,186.3,87.0,2556.0,1550.0,,0
08.07,166,Stage 7 - Tomblaine › La Super Planche des Belles Filles ,176.3,192.0,2526.0,1550.0,,0
07.07,103,Stage 6 - Binche › Longwy ,219.9,85.0,2477.0,1550.0,,0
06.07,9,Stage 5 - Lille › Wallers-Arenberg ,157.0,1.0,601.0,1550.0,14.0,0
05.07,13,Stage 4 - Dunkerque › Calais ,171.5,63.0,1785.0,1550.0,4.0,0
03.07,5,Stage 3 - Vejle › Sønderborg ,182.0,16.0,1280.0,1550.0,32.0,0
02.07,1,Stage 2 - Roskilde › Nyborg ,202.2,11.0,1149.0,1550.0,100.0,1
01.07,138,Stage 1 (ITT) - Copenhagen › Copenhagen ,13.2,0.0,21.0,1550.0,,0
24.06,41,National Championships Netherlands - Road Race (NC) ,193.8,,,134.0,,0
15.06 » 19.06,,Baloise Belgium Tour (2.Pro) ,,,,384.0,,0
,5,Points classification ,,,,384.0,,0
,67,General classification ,,,,384.0,,0
19.06,1,Stage 5 - Gingelom › Beringen ,179.9,1.0,685.0,384.0,30.0,1
18.06,100,Stage 4 - Durbuy › Durbuy ,172.2,182.0,3326.0,384.0,,0
17.06,80,Stage 3 (ITT) - Scherpenheuvel-Zichem › Scherpenheuvel-Zichem ,11.8,0.0,49.0,384.0,,0
16.06,7,Stage 2 - Beveren › Knokke-Heist ,175.6,0.0,181.0,384.0,2.0,0
15.06,61,Stage 1 - Merelbeke › Maarkedal ,165.0,59.0,1798.0,384.0,,0
12.06,1,Elfstedenronde Brugge (1.1) ,192.3,0.0,268.0,250.0,75.0,1
11.05 » 15.05,,Tour de Hongrie (2.1) ,,,,175.0,,0
,1,Points classification ,,,,175.0,,1
,78,General classification ,,,,175.0,,0
15.05,105,Stage 5 - Miskolc › Gyöngyös-Kékestető ,184.0,158.0,3057.0,175.0,,0
14.05,2,Stage 4 - Kazincbarcika › Kazincbarcika ,177.0,35.0,1322.0,175.0,12.0,1
13.05,1,Stage 3 - Sárospatak › Nyíregyháza ,154.0,3.0,775.0,175.0,20.0,1
12.05,1,Stage 2 - Karcag › Hajdúszoboszló ,192.0,0.0,304.0,175.0,20.0,1
11.05,25,Stage 1 - Csákvár › Székesfehérvár ,197.5,27.0,1617.0,175.0,,0
06.04,15,Scheldeprijs (1.Pro) ,198.7,1.0,385.0,331.0,12.0,0
30.03,DNF,Dwars door Vlaanderen - A travers la Flandre ME (1.UWT) ,183.7,50.0,1649.0,647.0,,0
27.03,68,Gent-Wevelgem in Flanders Fields ME (1.UWT) ,248.8,35.0,1377.0,838.0,5.0,0
19.03,86,Milano-Sanremo (1.UWT) ,293.0,63.0,2096.0,936.0,5.0,0
06.03 » 13.03,,Paris - Nice (2.UWT) ,,97.0,2878.0,1183.0,,0
11.03,DNF,Stage 6 - Courthézon › Aubagne ,213.6,97.0,2878.0,1183.0,,0
10.03,116,Stage 5 - Saint-Just-Saint-Rambert › Saint-Sauveur-de-Montagut ,188.8,188.0,3408.0,1183.0,,0
09.03,132,Stage 4 (ITT) - Domérat › Montluçon ,13.4,18.0,188.0,1183.0,,0
08.03,142,Stage 3 - Vierzon › Dun-le-Palestel ,190.8,63.0,1929.0,1183.0,,0
07.03,1,Stage 2 - Auffargis › Orléans ,159.2,8.0,707.0,1183.0,50.0,1
06.03,70,Stage 1 - Mantes-la-Ville › Mantes-la-Ville ,159.8,56.0,1723.0,1183.0,,0
01.03,24,Le Samyn (1.1) ,209.0,10.0,1541.0,298.0,,0
27.02,1,Kuurne - Bruxelles - Kuurne (1.Pro) ,195.1,45.0,1829.0,718.0,125.0,1
16.02 » 20.02,,Volta ao Algarve em Bicicleta (2.Pro) ,,,,502.0,,0
,1,Points classification ,,,,502.0,,1
,129,General classification ,,,,502.0,,0
20.02,128,Stage 5 - Lagoa › Malhão (Loulé) ,173.0,199.0,3056.0,502.0,,0
19.02,134,Stage 4 (ITT) - Vila Real de Santo António › Tavira ,32.2,26.0,407.0,502.0,,0
18.02,1,Stage 3 - Almodôvar › Faro ,211.4,48.0,2000.0,502.0,30.0,1
17.02,154,Stage 2 - Albufeira › Fóia (Monchique) ,182.4,197.0,3183.0,502.0,,0
16.02,1,Stage 1 - Portimão  › Lagos ,199.1,42.0,2124.0,502.0,30.0,1
02.02 » 06.02,,Volta a la Comunitat Valenciana (2.Pro) ,,,,610.0,,0
,1,Points classification ,,,,610.0,,1
,81,General classification ,,,,610.0,,0
06.02,1,Stage 5 - Paterna › Valencia ,92.0,12.0,706.0,610.0,30.0,1
05.02,5,Stage 4 - Orihuela › Torrevieja  ,193.1,19.0,1237.0,610.0,4.0,0
04.02,119,Stage 3 - Alicante › Antenas del Maigmó ,155.1,286.0,3628.0,610.0,,0
03.02,1,Stage 2 - Bétera › Torrent ,171.5,83.0,2429.0,610.0,30.0,1
02.02,110,Stage 1 - Les Alqueries › Torralba del Pinar ,166.7,162.0,3164.0,610.0,,0
