date,result,name,distance,profile,vert,startlist,points,top3
27.09 » 02.10,,CRO Race (2.1) ,,,,208,,0
,85,General classification ,,,,208,,0
02.10,58,Stage 6 - Sveta Nedelja › Zagreb ,158.0,17.0,581.0,208,,0
01.10,103,Stage 5 - Opatija › Labin ,154.0,117.0,2948.0,208,,0
30.09,94,Stage 4 - Biograd na Moru › Crikvenica ,219.0,60.0,2286.0,208,,0
29.09,78,Stage 3 - Sinj › Primošten ,157.0,61.0,1473.0,208,,0
28.09,128,Stage 2 - Otočac › Zadar ,163.0,27.0,1141.0,208,,0
27.09,94,Stage 1 - Osijek › Ludbreg ,223.5,23.0,746.0,208,,0
11.09,DNF,Grand Prix Cycliste de Montréal (1.UWT) ,221.4,182.0,4124.0,864,,0
09.09,101,Grand Prix Cycliste de Québec (1.UWT) ,201.6,60.0,2508.0,866,5.0,0
16.08 » 20.08,,PostNord Danmark Rundt - Tour of Denmark (2.Pro) ,,,,296,,0
,15,Points classification ,,,,296,,0
,34,General classification ,,,,296,,0
20.08,47,Stage 5 - Give › Vejle ,126.5,103.0,1786.0,296,,0
19.08,31,Stage 4 - Skive › Skive ,167.3,7.0,884.0,296,,0
18.08,31,Stage 3 - Otterup › Herning ,239.3,10.0,1355.0,296,,0
17.08,4,Stage 2 (ITT) - Assens › Assens ,12.2,0.0,81.0,296,7.0,0
16.08,98,Stage 1 - Allerød › Køge ,222.6,2.0,1016.0,296,,0
07.08,8,Commonwealth Games - Road Race (JR) ,160.0,,,90,,0
04.08,3,Commonwealth Games - ITT (JR) ,37.0,,,48,,1
01.07 » 24.07,,Tour de France (2.UWT) ,,,,1550,,0
,10,Mountains classification ,,,,1550,,0
,12,Points classification ,,,,1550,,0
,3,General classification ,,,,1550,340.0,1
24.07,38,Stage 21 - Paris La Défense › Paris (Champs-Élysées) ,115.6,13.0,748.0,1550,,0
23.07,4,Stage 20 (ITT) - Lacapelle-Marival › Rocamadour ,40.7,39.0,434.0,1550,40.0,0
22.07,14,Stage 19 - Castelnau-Magnoac › Cahors ,188.3,35.0,1316.0,1550,2.0,0
21.07,4,Stage 18 - Lourdes › Hautacam ,143.2,408.0,4036.0,1550,40.0,0
20.07,4,Stage 17 - Saint-Gaudens › Peyragudes ,129.7,324.0,3364.0,1550,40.0,0
19.07,17,Stage 16 - Carcassonne › Foix ,178.5,204.0,3418.0,1550,,0
17.07,32,Stage 15 - Rodez › Carcassonne ,202.5,64.0,2416.0,1550,,0
16.07,26,Stage 14 - Saint-Etienne › Mende ,192.5,170.0,3441.0,1550,,0
15.07,25,Stage 13 - Bourg d'Oisans › Saint-Etienne ,192.6,78.0,2109.0,1550,,0
14.07,7,Stage 12 - Briançon › L'Alpe d'Huez ,165.1,389.0,4660.0,1550,22.0,0
13.07,3,Stage 11 - Albertville › Col du Granon ,151.7,400.0,4070.0,1550,50.0,1
12.07,23,Stage 10 - Morzine › Megève ,148.1,143.0,2733.0,1550,,0
10.07,7,Stage 9 - Aigle › Châtel les portes du Soleil ,192.9,223.0,3743.0,1550,22.0,0
09.07,11,Stage 8 - Dole › Lausanne ,186.3,87.0,2556.0,1550,8.0,0
08.07,5,Stage 7 - Tomblaine › La Super Planche des Belles Filles ,176.3,192.0,2526.0,1550,32.0,0
07.07,14,Stage 6 - Binche › Longwy ,219.9,85.0,2477.0,1550,2.0,0
06.07,20,Stage 5 - Lille › Wallers-Arenberg ,157.0,1.0,601.0,1550,,0
05.07,50,Stage 4 - Dunkerque › Calais ,171.5,63.0,1785.0,1550,,0
03.07,34,Stage 3 - Vejle › Sønderborg ,182.0,16.0,1280.0,1550,,0
02.07,29,Stage 2 - Roskilde › Nyborg ,202.2,11.0,1149.0,1550,,0
01.07,18,Stage 1 (ITT) - Copenhagen › Copenhagen ,13.2,0.0,21.0,1550,,0
12.06 » 19.06,,Tour de Suisse (2.UWT) ,,,,767,,0
,18,Mountains classification ,,,,767,,0
,4,Points classification ,,,,767,,0
,1,General classification ,,,,767,250.0,1
19.06,2,Stage 8 (ITT) - Vaduz › Vaduz ,25.6,3.0,131.0,767,30.0,1
18.06,5,Stage 7 - Ambri › Malbun ,194.6,347.0,3881.0,767,10.0,0
17.06,8,Stage 6 - Locarno › Moosalp ,177.5,304.0,4155.0,767,3.0,0
16.06,4,Stage 5 - Ambri › Novazzano ,190.1,195.0,2610.0,767,13.0,0
15.06,11,Stage 4 - Grenchen › Brunnen ,190.8,82.0,2062.0,767,,0
14.06,16,Stage 3 - Aesch › Grenchen ,176.9,119.0,3125.0,767,,0
13.06,55,Stage 2 - Küsnacht › Aesch ,198.0,123.0,2746.0,767,,0
12.06,14,Stage 1 - Küsnacht › Küsnacht  ,177.6,135.0,2746.0,767,,0
26.04 » 01.05,,Tour de Romandie (2.UWT) ,,,,506,,0
,27,Mountains classification ,,,,506,,0
,17,Points classification ,,,,506,,0
,19,General classification ,,,,506,24.0,0
01.05,13,Stage 5 (ITT) - Aigle › Villars ,15.84,172.0,884.0,506,,0
30.04,27,Stage 4 - Aigle › Zinal (Val d'Anniviers) ,180.1,276.0,4158.0,506,,0
29.04,53,Stage 3 - Valbroye › Valbroye ,165.1,107.0,2441.0,506,,0
28.04,23,Stage 2 - Échallens › Échallens ,168.2,83.0,2327.0,506,,0
27.04,12,Stage 1 - La Grande Beroche › Romont ,178.0,115.0,2729.0,506,,0
26.04,4,Prologue - Lausanne › Lausanne ,5.12,0.0,39.0,506,13.0,0
24.04,43,Liège-Bastogne-Liège (1.UWT) ,257.2,182.0,4342.0,1101,5.0,0
20.04,98,La Flèche Wallonne (1.UWT) ,202.1,173.0,3160.0,974,5.0,0
04.04 » 09.04,,Itzulia Basque Country (2.UWT) ,,,,742,,0
,8,Mountains classification ,,,,742,,0
,16,Points classification ,,,,742,,0
,39,General classification ,,,,742,5.0,0
09.04,44,Stage 6 - Eibar › Arrate ,135.7,275.0,3636.0,742,,0
08.04,64,Stage 5 - Zamudio › Mallabia ,163.76,184.0,3485.0,742,,0
07.04,21,Stage 4 - Vitoria-Gasteiz › Zamudio  160k,185.6,154.0,2703.0,742,,0
06.04,60,Stage 3 - Llodio › Amurrio ,181.7,186.0,3278.0,742,,0
05.04,40,Stage 2 - Leitza › Viana ,207.92,77.0,2625.0,742,,0
04.04,4,Stage 1 (ITT) - Hondarribia › Hondarribia ,7.51,7.0,100.0,742,13.0,0
22.03 » 26.03,,Settimana Internazionale Coppi e Bartali (2.1) ,,,,253,,0
,15,Mountains classification ,,,,253,,0
,17,General classification ,,,,253,4.0,0
26.03,32,Stage 5 - Casalguidi › Cantagrillo ,160.0,143.0,2051.0,253,,0
25.03,50,Stage 4 - Montecatini › Montecatini ,158.7,97.0,2446.0,253,,0
24.03,17,Stage 3 - San Marino › San Marino ,147.0,326.0,3963.0,253,,0
23.03,24,Stage 2 - Riccione › Longiano ,165.9,162.0,2686.0,253,,0
22.03,16,Stage 1 - Riccione › Riccione ,164.6,155.0,2969.0,253,,0
16.02 » 20.02,,Volta ao Algarve em Bicicleta (2.Pro) ,,,,502,,0
,62,General classification ,,,,502,,0
20.02,99,Stage 5 - Lagoa › Malhão (Loulé) ,173.0,199.0,3056.0,502,,0
19.02,22,Stage 4 (ITT) - Vila Real de Santo António › Tavira ,32.2,26.0,407.0,502,,0
18.02,107,Stage 3 - Almodôvar › Faro ,211.4,48.0,2000.0,502,,0
17.02,64,Stage 2 - Albufeira › Fóia (Monchique) ,182.4,197.0,3183.0,502,,0
16.02,32,Stage 1 - Portimão  › Lagos ,199.1,42.0,2124.0,502,,0
