date,result,name,distance,profile,vert,startlist,points,top3
06.10,47,Gran Piemonte (1.Pro) ,198.0,44.0,1426.0,424,,0
03.10,20,Sparkassen Münsterland Giro (1.Pro) ,205.9,5.0,842.0,225,6.0,0
02.10,DNF,Famenne Ardenne Classic (1.1) ,188.0,100.0,2873.0,297,,0
25.09,11,Classique Paris-Chauny (1.1) ,203.5,67.0,2225.0,364,12.0,0
21.09,23,Omloop van het Houtland Middelkerke-Lichtervelde (1.1) ,196.4,0.0,399.0,289,,0
15.09,DNF,Coppa Sabatini - Gran Premio città di Peccioli (1.Pro) ,198.9,113.0,2519.0,319,,0
11.09,DNF,Grand Prix Cycliste de Montréal (1.UWT) ,221.4,182.0,4124.0,864,,0
09.09,25,Grand Prix Cycliste de Québec (1.UWT) ,201.6,60.0,2508.0,866,10.0,0
04.09,25,"Maryland Cycling Classic, presented by UnitedHealthcare (1.Pro) ",196.9,38.0,2286.0,118,1.0,0
28.08,50,Bretagne Classic - Ouest-France (1.UWT) ,254.8,95.0,3116.0,812,5.0,0
23.08,5,Egmont Cycling Race (1.1) ,198.0,13.0,1431.0,293,28.0,0
21.08,65,BEMER Cyclassics (1.UWT) ,204.7,30.0,892.0,651,5.0,0
10.08,DNF,Circuit Franco-Belge (1.Pro) ,175.2,78.0,2007.0,344,,0
07.08,DNF,Tour of Leuven - Memorial Jef Scherens (1.1) ,199.3,41.0,1911.0,265,,0
31.07,37,Circuito de Getxo - Memorial Hermanos Otxoa (1.1) ,196.5,121.0,2378.0,276,,0
27.07 » 28.07,,Vuelta a Castilla y Leon (2.1) ,,,,141,,0
,1,Points classification ,,,,141,,1
,15,General classification ,,,,141,6.0,0
28.07,15,Stage 2 - Guijuelo › Guijuelo ,189.3,115.0,3105.0,141,,0
27.07,1,Stage 1 - Benavente › Morales del Vino ,156.7,50.0,1879.0,141,20.0,1
26.06,DNF,National Championships Italy - Road Race (NC) ,237.1,,,202,,0
12.06,6,Elfstedenronde Brugge (1.1) ,192.3,0.0,268.0,250,24.0,0
10.06,DNF,Grosser Preis des Kantons Aargau (1.1) ,173.8,136.0,2902.0,338,,0
06.06,9,Ronde van Limburg (1.1) ,202.6,32.0,1651.0,312,16.0,0
05.06,14,Brussels Cycling Classic (1.Pro) ,203.9,33.0,1850.0,362,14.0,0
04.06,2,Heylen Vastgoed Heistse Pijl (1.1) ,192.8,5.0,572.0,210,55.0,1
06.05 » 29.05,,Giro d'Italia (2.UWT) ,,247.0,3167.0,816,,0
21.05,DNS,Stage 14 - Santena › Torino ,147.0,247.0,3167.0,816,,0
20.05,8,Stage 13 - Sanremo › Cuneo ,150.0,51.0,1817.0,816,10.0,0
19.05,139,Stage 12 - Parma › Genova ,204.0,112.0,2867.0,816,,0
18.05,11,Stage 11 - Santarcangelo di Romagna › Reggio Emilia ,203.0,0.0,369.0,816,5.0,0
17.05,43,Stage 10 - Pescara › Jesi ,196.0,86.0,1764.0,816,,0
15.05,159,Stage 9 - Isernia › Blockhaus ,191.0,458.0,5080.0,816,,0
14.05,138,Stage 8 - Napoli › Napoli ,153.0,123.0,2243.0,816,,0
13.05,142,Stage 7 - Diamante › Potenza ,196.0,246.0,4730.0,816,,0
12.05,5,Stage 6 - Palmi › Scalea ,192.0,49.0,1498.0,816,18.0,0
11.05,3,Stage 5 - Catania › Messina ,174.0,31.0,1968.0,816,35.0,1
10.05,144,Stage 4 - Avola › Etna ,172.0,251.0,3626.0,816,,0
08.05,11,Stage 3 - Kaposvár › Balatonfüred ,201.0,7.0,1150.0,816,5.0,0
07.05,161,Stage 2 (ITT) - Budapest › Budapest ,9.2,8.0,81.0,816,,0
06.05,65,Stage 1 - Budapest › Visegrád ,195.0,51.0,1390.0,816,,0
01.05,18,Eschborn-Frankfurt (1.UWT) ,185.0,89.0,2654.0,309,17.0,0
18.04 » 22.04,,Tour of the Alps (2.Pro) ,,228.0,2447.0,257,,0
22.04,DNF,Stage 5 - Lienz › Lienz ,114.5,228.0,2447.0,257,,0
21.04,85,Stage 4 - Villabassa › Kals am Grossglockner ,142.4,159.0,2386.0,257,,0
20.04,76,Stage 3 - Lana › Villabassa ,154.6,193.0,3287.0,257,,0
19.04,94,Stage 2 - Primiero/S. Martino di Castrozza › Lana ,154.1,153.0,3228.0,257,,0
18.04,32,Stage 1 - Cles › Primiero/S. Martino di Castrozza ,160.9,227.0,3693.0,257,,0
13.04,18,De Brabantse Pijl - La Flèche Brabançonne (1.Pro) ,205.1,71.0,2034.0,534,8.0,0
19.03,18,Milano-Sanremo (1.UWT) ,293.0,63.0,2096.0,936,24.0,0
07.03 » 13.03,,Tirreno-Adriatico (2.UWT) ,,,,1061,,0
,9,Points classification ,,,,1061,,0
,116,General classification ,,,,1061,5.0,0
13.03,2,Stage 7 - San Benedetto del Tronto › San Benedetto del Tronto ,159.0,19.0,1296.0,1061,30.0,1
12.03,111,Stage 6 - Apecchio › Carpegna ,215.0,266.0,3817.0,1061,,0
11.03,119,Stage 5 - Sefro › Fermo ,155.0,191.0,2402.0,1061,,0
10.03,131,Stage 4 - Cascata delle Marmore › Bellante ,202.0,131.0,3092.0,1061,,0
09.03,20,Stage 3 - Murlo › Terni ,170.0,53.0,2063.0,1061,,0
08.03,8,Stage 2 - Camaiore › Sovicille ,219.0,70.0,2144.0,1061,3.0,0
07.03,144,Stage 1 (ITT) - Lido di Camaiore › Lido di Camaiore ,13.9,0.0,4.0,1061,,0
27.02,5,Kuurne - Bruxelles - Kuurne (1.Pro) ,195.1,45.0,1829.0,718,45.0,0
13.02,3,Clasica de Almeria (1.Pro) ,188.2,30.0,1751.0,224,60.0,1
02.02 » 06.02,,Volta a la Comunitat Valenciana (2.Pro) ,,19.0,1237.0,610,,0
05.02,DNS,Stage 4 - Orihuela › Torrevieja  ,193.1,19.0,1237.0,610,,0
04.02,131,Stage 3 - Alicante › Antenas del Maigmó ,155.1,286.0,3628.0,610,,0
03.02,32,Stage 2 - Bétera › Torrent ,171.5,83.0,2429.0,610,,0
02.02,102,Stage 1 - Les Alqueries › Torralba del Pinar ,166.7,162.0,3164.0,610,,0
30.01,7,Trofeo Playa de Palma - Palma (1.1) ,169.1,35.0,1552.0,303,20.0,0
27.01,3,Trofeo Alcúdia - Port d'Alcúdia (1.1) ,173.2,62.0,1653.0,272,40.0,1
