date,result,name,distance,profile,vert,startlist,points,top3
04.10,4.0,Binche -  Chimay - Binche / Mémorial Frank Vandenbroucke (1.1) ,198.6,30.0,1977.0,484.0,32.0,0
02.10,62.0,Famenne Ardenne Classic (1.1) ,188.0,100.0,2873.0,297.0,,0
23.09,4.0,Zwevezele koers (NAT) ,153.5,,,,,0
18.09,43.0,Grand Prix d'Isbergues - Pas de Calais (1.1) ,197.6,12.0,1150.0,237.0,,0
17.09,35.0,Primus Classic (1.Pro) ,199.3,51.0,1937.0,442.0,,0
14.09,21.0,Grand Prix de Wallonie (1.Pro) ,199.7,93.0,2754.0,362.0,5.0,0
11.09,16.0,Grand Prix Cycliste de Montréal (1.UWT) ,221.4,182.0,4124.0,864.0,20.0,0
09.09,13.0,Grand Prix Cycliste de Québec (1.UWT) ,201.6,60.0,2508.0,866.0,30.0,0
24.08 » 28.08,,Deutschland Tour (2.Pro) ,,,,458.0,,0
,21.0,Points classification ,,,,458.0,,0
,41.0,General classification ,,,,458.0,,0
28.08,57.0,Stage 4 - Schiltach › Stuttgart ,186.6,93.0,2586.0,458.0,,0
27.08,45.0,Stage 3 - Freiburg  › Schauinsland ,148.9,203.0,2065.0,458.0,,0
26.08,4.0,Stage 2 - Meiningen › Marburg ,200.7,87.0,2467.0,458.0,7.0,0
25.08,39.0,Stage 1 - Weimar › Meiningen ,171.7,62.0,2103.0,458.0,,0
24.08,27.0,Prologue - Weimar › Weimar ,2.6,1.0,17.0,458.0,,0
21.08,27.0,BEMER Cyclassics (1.UWT) ,204.7,30.0,892.0,651.0,8.0,0
16.08 » 19.08,,Tour du Limousin - Nouvelle Aquitaine (2.1) ,,,,335.0,,0
,3.0,General classification ,,,,335.0,50.0,1
19.08,5.0,Stage 4 - Saint-Laurent-sur-Gorre › Limoges ,174.8,84.0,2488.0,335.0,4.0,0
18.08,2.0,Stage 3 - Donzenac › Malemort  ,181.7,145.0,3016.0,335.0,12.0,1
17.08,38.0,Stage 2 - Le Grand Périgueux Champcevinel › Ribérac  ,184.7,33.0,1931.0,335.0,,0
16.08,32.0,Stage 1 - Verneuil-sur-Vienne › La Souterraine  ,176.4,41.0,1984.0,335.0,,0
10.08,9.0,Circuit Franco-Belge (1.Pro) ,175.2,78.0,2007.0,344.0,26.0,0
23.07 » 27.07,,Ethias-Tour de Wallonie (2.Pro) ,,,,378.0,,0
,21.0,Mountains classification ,,,,378.0,,0
,18.0,Points classification ,,,,378.0,,0
,5.0,General classification ,,,,378.0,70.0,0
27.07,23.0,Stage 5 - Le Roeulx › Chapelle-lez-Herlaimont ,214.8,29.0,1703.0,378.0,,0
26.07,11.0,Stage 4 - Durbuy › Couvin ,200.8,136.0,3289.0,378.0,,0
25.07,41.0,Stage 3 - Visé › Rochefort ,195.6,95.0,2850.0,378.0,,0
24.07,7.0,Stage 2 - Verviers › Herve ,176.8,121.0,2748.0,378.0,2.0,0
23.07,8.0,Stage 1 - Temploux › Huy ,174.4,98.0,2257.0,378.0,1.0,0
26.06,40.0,National Championships Belgium - Road Race (NC) ,208.7,,,409.0,,0
05.06 » 12.06,,Critérium du Dauphiné (2.UWT) ,,,,788.0,,0
,93.0,General classification ,,,,788.0,5.0,0
12.06,116.0,Stage 8 - Saint-Alban-Leysse › Plateau de Salaison ,138.8,375.0,3782.0,788.0,,0
11.06,96.0,Stage 7 - Saint-Chaffrey › Vaujany ,134.8,311.0,3828.0,788.0,,0
10.06,74.0,Stage 6 - Rives › Gap ,196.5,74.0,2958.0,788.0,,0
09.06,73.0,Stage 5 - Thizy-les-Bourgs › Chaintré ,162.3,60.0,1991.0,788.0,,0
08.06,67.0,Stage 4 (ITT) - Montbrison › La Bâtie d’Urfé ,31.9,1.0,96.0,788.0,,0
07.06,97.0,Stage 3 - Saint-Paulien › Chastreix-Sancy ,169.0,140.0,2707.0,788.0,,0
06.06,38.0,Stage 2 - Saint-Péray › Brives-Charensac ,169.8,91.0,2956.0,788.0,,0
05.06,69.0,Stage 1 - La Voulte-sur-Rhône › Beauchastel ,191.8,74.0,2473.0,788.0,,0
31.05,4.0,Gullegem Koerse (NAT) ,171.0,,,,,0
26.05 » 29.05,,Boucles de la Mayenne - Crédit Mutuel (2.Pro) ,,,,177.0,,0
,9.0,Mountains classification ,,,,177.0,,0
,26.0,Points classification ,,,,177.0,,0
,11.0,General classification ,,,,177.0,36.0,0
29.05,34.0,Stage 4 - Martigné-sur-Mayenne › Laval ,180.0,41.0,1918.0,177.0,,0
28.05,31.0,Stage 3 - Saint-Berthevin › Château-Gontier-sur-Mayenne  85k,188.0,42.0,1758.0,177.0,,0
27.05,12.0,Stage 2 - Jublains › Pré-en-Pail-Saint-Samson ,171.0,105.0,2392.0,177.0,,0
26.05,23.0,Stage 1 - Saint-Pierre-des-Landes › Andouillé ,180.0,49.0,1921.0,177.0,,0
22.05,18.0,Boucles de l'Aulne - Châteaulin (1.1) ,175.2,86.0,2848.0,133.0,3.0,0
21.05,5.0,Tour du Finistère (1.1) ,193.3,115.0,2860.0,137.0,28.0,0
17.04,17.0,Paris-Roubaix (1.UWT) ,257.2,5.0,1362.0,752.0,26.0,0
10.04,24.0,Amstel Gold Race (1.UWT) ,254.1,112.0,3460.0,702.0,11.0,0
03.04,15.0,Ronde van Vlaanderen - Tour des Flandres ME (1.UWT) ,272.5,79.0,2289.0,759.0,30.0,0
30.03,16.0,Dwars door Vlaanderen - A travers la Flandre ME (1.UWT) ,183.7,50.0,1649.0,647.0,20.0,0
27.03,17.0,Gent-Wevelgem in Flanders Fields ME (1.UWT) ,248.8,35.0,1377.0,838.0,18.0,0
25.03,42.0,E3 Saxo Bank Classic (1.UWT) ,203.9,59.0,2010.0,636.0,5.0,0
19.03,35.0,Milano-Sanremo (1.UWT) ,293.0,63.0,2096.0,936.0,5.0,0
16.03,36.0,Milano - Torino (1.Pro) ,199.0,21.0,1166.0,405.0,,0
07.03 » 13.03,,Tirreno-Adriatico (2.UWT) ,,,,1061.0,,0
,57.0,General classification ,,,,1061.0,5.0,0
13.03,67.0,Stage 7 - San Benedetto del Tronto › San Benedetto del Tronto ,159.0,19.0,1296.0,1061.0,,0
12.03,92.0,Stage 6 - Apecchio › Carpegna ,215.0,266.0,3817.0,1061.0,,0
11.03,80.0,Stage 5 - Sefro › Fermo ,155.0,191.0,2402.0,1061.0,,0
10.03,48.0,Stage 4 - Cascata delle Marmore › Bellante ,202.0,131.0,3092.0,1061.0,,0
09.03,35.0,Stage 3 - Murlo › Terni ,170.0,53.0,2063.0,1061.0,,0
08.03,38.0,Stage 2 - Camaiore › Sovicille ,219.0,70.0,2144.0,1061.0,,0
07.03,96.0,Stage 1 (ITT) - Lido di Camaiore › Lido di Camaiore ,13.9,0.0,4.0,1061.0,,0
05.03,41.0,Strade Bianche (1.UWT) ,184.0,167.0,3107.0,662.0,5.0,0
27.02,51.0,Kuurne - Bruxelles - Kuurne (1.Pro) ,195.1,45.0,1829.0,718.0,,0
26.02,3.0,Omloop Het Nieuwsblad ME (1.UWT) ,204.2,49.0,1666.0,749.0,110.0,1
16.02 » 20.02,,Vuelta a Andalucia Ruta Ciclista Del Sol (2.Pro) ,,,,423.0,,0
,61.0,General classification ,,,,423.0,,0
20.02,76.0,Stage 5 - Huesa › Chiclana de Segura ,146.4,151.0,2899.0,423.0,,0
19.02,103.0,Stage 4 - Cúllar Vega › Baza ,167.4,118.0,2987.0,423.0,,0
18.02,25.0,Stage 3 - Lucena › Otura ,153.2,111.0,2873.0,423.0,,0
17.02,53.0,Stage 2 - Archidona › Alcalá la Real ,150.6,143.0,2986.0,423.0,,0
16.02,38.0,Stage 1 - Ubrique › Iznájar ,200.7,121.0,3460.0,423.0,,0
02.02 » 06.02,,Etoile de Bessèges - Tour du Gard (2.1) ,,,,366.0,,0
,24.0,Points classification ,,,,366.0,,0
,27.0,General classification ,,,,366.0,,0
06.02,102.0,Stage 5 (ITT) - Alès › Alès l'Ermitage ,10.64,20.0,171.0,366.0,,0
05.02,50.0,Stage 4 - Saint-Hilaire-de-Brethmas › Le Mont Bouquet ,146.71,108.0,1817.0,366.0,,0
04.02,41.0,Stage 3 - Bessèges › Bessèges ,155.65,76.0,2051.0,366.0,,0
03.02,42.0,Stage 2 - Saint-Christol-lèz-Alès › Rousson ,156.21,67.0,1702.0,366.0,,0
02.02,9.0,Stage 1 - Bellegarde › Bellegarde ,160.86,18.0,538.0,366.0,,0
