date,result,name,distance,profile,vert,startlist,points,top3
16.10,6,Japan Cup Cycle Road Race (1.Pro)  53k,144.2,127.0,2530.0,109,40.0,0
08.10,32,Il Lombardia (1.UWT) ,253.0,278.0,4852.0,1019,8.0,0
04.10,14,Tre Valli Varesine (1.Pro) ,196.3,152.0,3464.0,922,14.0,0
03.10,33,Coppa Bernocchi - GP BPM (1.Pro) ,190.7,84.0,2087.0,405,,0
01.10,51,Giro dell'Emilia (1.Pro) ,198.7,266.0,3021.0,728,,0
29.09,6,Coppa Agostoni - Giro delle Brianze (1.1) ,193.0,121.0,3189.0,358,24.0,0
15.09,3,Coppa Sabatini - Gran Premio città di Peccioli (1.Pro) ,198.9,113.0,2519.0,319,60.0,1
14.09,9,Giro della Toscana - Memorial Alfredo Martini (1.1) ,199.2,129.0,2298.0,227,16.0,0
11.09,23,Grand Prix Cycliste de Montréal (1.UWT) ,221.4,182.0,4124.0,864,12.0,0
09.09,21,Grand Prix Cycliste de Québec (1.UWT) ,201.6,60.0,2508.0,866,14.0,0
04.09,15,Tour du Doubs (1.1) ,204.0,104.0,2974.0,314,6.0,0
28.08,92,Bretagne Classic - Ouest-France (1.UWT) ,254.8,95.0,3116.0,812,5.0,0
16.08 » 19.08,,Tour du Limousin - Nouvelle Aquitaine (2.1) ,,,,335,,0
,7,Mountains classification ,,,,335,,0
,8,General classification ,,,,335,18.0,0
19.08,22,Stage 4 - Saint-Laurent-sur-Gorre › Limoges ,174.8,84.0,2488.0,335,,0
18.08,7,Stage 3 - Donzenac › Malemort  ,181.7,145.0,3016.0,335,2.0,0
17.08,67,Stage 2 - Le Grand Périgueux Champcevinel › Ribérac  ,184.7,33.0,1931.0,335,,0
16.08,44,Stage 1 - Verneuil-sur-Vienne › La Souterraine  ,176.4,41.0,1984.0,335,,0
14.08,4,La Polynormande (1.1) ,168.9,59.0,2156.0,229,32.0,0
09.08 » 11.08,,Tour de l'Ain (2.1) ,,,,198,,0
,9,Mountains classification ,,,,198,,0
,2,Points classification ,,,,198,,1
,1,General classification ,,,,198,100.0,1
11.08,7,Stage 3 - Plateau d'Hauteville › Lélex ,131.0,261.0,3522.0,198,2.0,0
10.08,1,Stage 2 - Saint-Vulbas › Lagnieu ,144.0,183.0,2853.0,198,20.0,1
09.08,24,Stage 1 - Châtillon-Sur-Chalaronne › Val-Revermont ,152.0,51.0,1269.0,198,,0
31.07,24,Circuito de Getxo - Memorial Hermanos Otxoa (1.1) ,196.5,121.0,2378.0,276,,0
30.07,18,Donostia San Sebastian Klasikoa (1.UWT) ,224.8,231.0,4147.0,724,17.0,0
23.07 » 27.07,,Ethias-Tour de Wallonie (2.Pro) ,,,,378,,0
,26,Mountains classification ,,,,378,,0
,19,Points classification ,,,,378,,0
,10,General classification ,,,,378,40.0,0
27.07,54,Stage 5 - Le Roeulx › Chapelle-lez-Herlaimont ,214.8,29.0,1703.0,378,,0
26.07,27,Stage 4 - Durbuy › Couvin ,200.8,136.0,3289.0,378,,0
25.07,38,Stage 3 - Visé › Rochefort ,195.6,95.0,2850.0,378,,0
24.07,12,Stage 2 - Verviers › Herve ,176.8,121.0,2748.0,378,,0
23.07,7,Stage 1 - Temploux › Huy ,174.4,98.0,2257.0,378,2.0,0
01.07 » 24.07,,Tour de France (2.UWT) ,,223.0,3743.0,1550,,0
10.07,DNS,Stage 9 - Aigle › Châtel les portes du Soleil ,192.9,223.0,3743.0,1550,,0
09.07,13,Stage 8 - Dole › Lausanne ,186.3,87.0,2556.0,1550,4.0,0
08.07,13,Stage 7 - Tomblaine › La Super Planche des Belles Filles ,176.3,192.0,2526.0,1550,4.0,0
07.07,18,Stage 6 - Binche › Longwy ,219.9,85.0,2477.0,1550,,0
06.07,51,Stage 5 - Lille › Wallers-Arenberg ,157.0,1.0,601.0,1550,,0
05.07,68,Stage 4 - Dunkerque › Calais ,171.5,63.0,1785.0,1550,,0
03.07,108,Stage 3 - Vejle › Sønderborg ,182.0,16.0,1280.0,1550,,0
02.07,86,Stage 2 - Roskilde › Nyborg ,202.2,11.0,1149.0,1550,,0
01.07,82,Stage 1 (ITT) - Copenhagen › Copenhagen ,13.2,0.0,21.0,1550,,0
26.06,47,National Championships France - Road Race (NC) ,240.0,,,400,,0
14.06,5,Mont Ventoux Dénivelé Challenge (1.1) ,154.0,394.0,4521.0,260,28.0,0
06.05 » 29.05,,Giro d'Italia (2.UWT) ,,,,816,,0
,54,Mountains classification ,,,,816,,0
,32,Points classification ,,,,816,,0
,14,General classification ,,,,816,110.0,0
29.05,33,Stage 21 (ITT) - Verona › Verona ,17.4,30.0,317.0,816,,0
28.05,19,Stage 20 - Belluno › Marmolada (Passo Fedaia) ,168.0,392.0,4718.0,816,,0
27.05,7,Stage 19 - Marano Lagunare › Santuario di Castelmonte ,178.0,262.0,3489.0,816,12.0,0
26.05,62,Stage 18 - Borgo Valsugana › Treviso ,156.0,34.0,1219.0,816,,0
25.05,9,Stage 17 - Ponte di Legno › Lavarone  158k,168.0,347.0,3950.0,816,8.0,0
24.05,27,Stage 16 - Salò › Aprica  134k,202.0,376.0,5268.0,816,,0
22.05,10,Stage 15 - Rivarolo Canavese › Cogne ,177.0,301.0,4019.0,816,6.0,0
21.05,16,Stage 14 - Santena › Torino  53k,147.0,247.0,3167.0,816,,0
20.05,27,Stage 13 - Sanremo › Cuneo ,150.0,51.0,1817.0,816,,0
19.05,60,Stage 12 - Parma › Genova ,204.0,112.0,2867.0,816,,0
18.05,47,Stage 11 - Santarcangelo di Romagna › Reggio Emilia ,203.0,0.0,369.0,816,,0
17.05,20,Stage 10 - Pescara › Jesi ,196.0,86.0,1764.0,816,,0
15.05,11,Stage 9 - Isernia › Blockhaus ,191.0,458.0,5080.0,816,5.0,0
14.05,9,Stage 8 - Napoli › Napoli  141k,153.0,123.0,2243.0,816,8.0,0
13.05,14,Stage 7 - Diamante › Potenza ,196.0,246.0,4730.0,816,2.0,0
12.05,79,Stage 6 - Palmi › Scalea ,192.0,49.0,1498.0,816,,0
11.05,49,Stage 5 - Catania › Messina ,174.0,31.0,1968.0,816,,0
10.05,30,Stage 4 - Avola › Etna ,172.0,251.0,3626.0,816,,0
08.05,91,Stage 3 - Kaposvár › Balatonfüred ,201.0,7.0,1150.0,816,,0
07.05,68,Stage 2 (ITT) - Budapest › Budapest ,9.2,8.0,81.0,816,,0
06.05,43,Stage 1 - Budapest › Visegrád ,195.0,51.0,1390.0,816,,0
24.04,33,Liège-Bastogne-Liège (1.UWT) ,257.2,182.0,4342.0,1101,7.0,0
21.03 » 27.03,,Volta Ciclista a Catalunya (2.UWT) ,,,,722,,0
,24,Mountains classification ,,,,722,,0
,8,General classification ,,,,722,90.0,0
27.03,6,Stage 7 - Barcelona › Barcelona ,138.6,154.0,2121.0,722,7.0,0
26.03,15,Stage 6 - Salou › Cambrils ,168.6,90.0,2706.0,722,,0
25.03,10,Stage 5 - La Pobla de Segur › Vilanova i la Geltrú ,206.3,57.0,2478.0,722,1.0,0
24.03,10,Stage 4 - La Seu d'Urgell › Boí Taüll ,166.7,221.0,3538.0,722,1.0,0
23.03,9,Stage 3 - Perpignan › La Molina ,161.1,175.0,3394.0,722,2.0,0
22.03,12,Stage 2 - L'Escala › Perpignan ,202.4,57.0,2166.0,722,,0
21.03,40,Stage 1 - Sant Feliu de Guíxols › Sant Feliu de Guíxols ,171.2,58.0,1688.0,722,,0
06.03 » 13.03,,Paris - Nice (2.UWT) ,,,,1183,,0
,25,Points classification ,,,,1183,,0
,9,General classification ,,,,1183,80.0,0
13.03,12,Stage 8 - Nice › Nice ,115.6,184.0,2436.0,1183,,0
12.03,9,Stage 7 - Nice › Col de Turini ,155.2,303.0,3582.0,1183,2.0,0
11.03,27,Stage 6 - Courthézon › Aubagne ,213.6,97.0,2878.0,1183,,0
10.03,21,Stage 5 - Saint-Just-Saint-Rambert › Saint-Sauveur-de-Montagut ,188.8,188.0,3408.0,1183,,0
09.03,57,Stage 4 (ITT) - Domérat › Montluçon ,13.4,18.0,188.0,1183,,0
08.03,17,Stage 3 - Vierzon › Dun-le-Palestel ,190.8,63.0,1929.0,1183,,0
07.03,64,Stage 2 - Auffargis › Orléans ,159.2,8.0,707.0,1183,,0
06.03,23,Stage 1 - Mantes-la-Ville › Mantes-la-Ville ,159.8,56.0,1723.0,1183,,0
27.02,2,Drôme Classic (1.Pro) ,191.5,127.0,2371.0,464,85.0,1
26.02,5,Faun-Ardèche Classic (1.Pro) ,168.5,216.0,3161.0,453,45.0,0
18.02 » 20.02,,Tour des Alpes Maritimes et du Var (2.1) ,,,,292,,0
,8,Mountains classification ,,,,292,,0
,3,Points classification ,,,,292,,1
,3,General classification ,,,,292,50.0,1
20.02,2,Stage 3 - Villefranche-sur-Mer › Blausasc ,112.6,178.0,2650.0,292,12.0,1
19.02,5,Stage 2 - Puget-Théniers › La Turbie ,149.1,175.0,2663.0,292,4.0,0
18.02,22,Stage 1 - Saint-Raphaël  › La Seyne-sur-Mer ,176.3,47.0,1955.0,292,,0
30.01,22,Grand Prix Cycliste de Marseille La Marseillaise (1.1) ,174.3,120.0,2921.0,325,,0
