date,result,name,distance,profile,vert,startlist,points,top3
09.10,10,Paris - Tours Elite (1.Pro) ,213.5,33.0,1242.0,579,22.0,0
04.10,83,Binche -  Chimay - Binche / Mémorial Frank Vandenbroucke (1.1) ,198.6,30.0,1977.0,484,,0
02.10,4,Famenne Ardenne Classic (1.1) ,188.0,100.0,2873.0,297,32.0,0
25.09,4,Classique Paris-Chauny (1.1) ,203.5,67.0,2225.0,364,32.0,0
18.09,11,Grand Prix d'Isbergues - Pas de Calais (1.1) ,197.6,12.0,1150.0,237,12.0,0
13.09 » 17.09,,Skoda Tour Luxembourg (2.Pro) ,,146.0,3186.0,177,,0
17.09,DNS,Stage 5 - Mersch › Luxembourg ,178.4,146.0,3186.0,177,,0
16.09,83,Stage 4 (ITT) - Remich › Remich ,26.1,38.0,303.0,177,,0
15.09,97,Stage 3 - Rosport › Diekirch ,188.4,99.0,2940.0,177,,0
14.09,24,Stage 2 - Junglinster › Schifflange ,163.4,55.0,2060.0,177,,0
13.09,101,Stage 1 - Luxembourg › Luxembourg ,163.8,132.0,2554.0,177,,0
11.09,47,GP de Fourmies / La Voix du Nord (1.Pro) ,197.6,47.0,2111.0,371,,0
28.08,63,Bretagne Classic - Ouest-France (1.UWT) ,254.8,95.0,3116.0,812,5.0,0
23.08,15,Egmont Cycling Race (1.1) ,198.0,13.0,1431.0,293,6.0,0
21.08,8,BEMER Cyclassics (1.UWT) ,204.7,30.0,892.0,651,50.0,0
14.08,30,European Continental Championships - Road Race (CC) ,207.9,23.0,1331.0,455,,0
01.07 » 24.07,,Tour de France (2.UWT) ,,,,1550,,0
,37,Points classification ,,,,1550,,0
,81,General classification ,,,,1550,25.0,0
24.07,9,Stage 21 - Paris La Défense › Paris (Champs-Élysées) ,115.6,13.0,748.0,1550,14.0,0
23.07,94,Stage 20 (ITT) - Lacapelle-Marival › Rocamadour ,40.7,39.0,434.0,1550,,0
22.07,8,Stage 19 - Castelnau-Magnoac › Cahors ,188.3,35.0,1316.0,1550,18.0,0
21.07,91,Stage 18 - Lourdes › Hautacam ,143.2,408.0,4036.0,1550,,0
20.07,109,Stage 17 - Saint-Gaudens › Peyragudes ,129.7,324.0,3364.0,1550,,0
19.07,105,Stage 16 - Carcassonne › Foix ,178.5,204.0,3418.0,1550,,0
17.07,15,Stage 15 - Rodez › Carcassonne ,202.5,64.0,2416.0,1550,1.0,0
16.07,130,Stage 14 - Saint-Etienne › Mende ,192.5,170.0,3441.0,1550,,0
15.07,74,Stage 13 - Bourg d'Oisans › Saint-Etienne ,192.6,78.0,2109.0,1550,,0
14.07,143,Stage 12 - Briançon › L'Alpe d'Huez ,165.1,389.0,4660.0,1550,,0
13.07,126,Stage 11 - Albertville › Col du Granon ,151.7,400.0,4070.0,1550,,0
12.07,67,Stage 10 - Morzine › Megève  83k,148.1,143.0,2733.0,1550,,0
10.07,142,Stage 9 - Aigle › Châtel les portes du Soleil ,192.9,223.0,3743.0,1550,,0
09.07,141,Stage 8 - Dole › Lausanne ,186.3,87.0,2556.0,1550,,0
08.07,121,Stage 7 - Tomblaine › La Super Planche des Belles Filles ,176.3,192.0,2526.0,1550,,0
07.07,78,Stage 6 - Binche › Longwy ,219.9,85.0,2477.0,1550,,0
06.07,19,Stage 5 - Lille › Wallers-Arenberg ,157.0,1.0,601.0,1550,,0
05.07,8,Stage 4 - Dunkerque › Calais ,171.5,63.0,1785.0,1550,18.0,0
03.07,8,Stage 3 - Vejle › Sønderborg ,182.0,16.0,1280.0,1550,18.0,0
02.07,10,Stage 2 - Roskilde › Nyborg ,202.2,11.0,1149.0,1550,10.0,0
01.07,100,Stage 1 (ITT) - Copenhagen › Copenhagen ,13.2,0.0,21.0,1550,,0
26.06,10,National Championships France - Road Race (NC) ,240.0,,,400,,0
15.06 » 19.06,,Baloise Belgium Tour (2.Pro) ,,,,384,,0
,24,Points classification ,,,,384,,0
,33,General classification ,,,,384,,0
19.06,28,Stage 5 - Gingelom › Beringen ,179.9,1.0,685.0,384,,0
18.06,47,Stage 4 - Durbuy › Durbuy ,172.2,182.0,3326.0,384,,0
17.06,48,Stage 3 (ITT) - Scherpenheuvel-Zichem › Scherpenheuvel-Zichem ,11.8,0.0,49.0,384,,0
16.06,8,Stage 2 - Beveren › Knokke-Heist ,175.6,0.0,181.0,384,1.0,0
15.06,28,Stage 1 - Merelbeke › Maarkedal ,165.0,59.0,1798.0,384,,0
05.06,39,Brussels Cycling Classic (1.Pro) ,203.9,33.0,1850.0,362,,0
22.05,8,Rund um Köln (1.1) ,199.3,88.0,2875.0,199,18.0,0
15.05,1,Tro-Bro Léon (1.Pro) ,207.8,38.0,1674.0,247,125.0,1
03.05 » 08.05,,4 Jours de Dunkerque / Grand Prix des Hauts de France (2.Pro) ,,,,159,,0
,5,Points classification ,,,,159,,0
,6,General classification ,,,,159,60.0,0
08.05,2,Stage 6 - Ardres › Dunkerque ,182.9,8.0,668.0,159,18.0,1
07.05,11,Stage 5 - Roubaix › Cassel ,183.7,95.0,2336.0,159,,0
06.05,20,Stage 4 - Mazingarbe › Aire-sur-la-Lys ,170.8,15.0,1129.0,159,,0
05.05,5,Stage 3 - Péronne › Mont-Saint-Éloi ,170.0,30.0,1573.0,159,4.0,0
04.05,5,Stage 2 - Béthune › Maubeuge ,181.5,18.0,1089.0,159,4.0,0
03.05,25,Stage 1 - Dunkerque › Aniche ,161.1,7.0,713.0,159,,0
01.05,107,Eschborn-Frankfurt (1.UWT) ,185.0,89.0,2654.0,309,5.0,0
05.04 » 08.04,,Circuit Cycliste Sarthe - Pays de la Loire (2.1) ,,27.0,1876.0,239,,0
08.04,DNF,Stage 4 - La Chapelle-Saint-Aubin › La Chapelle-Saint-Aubin ,136.4,27.0,1876.0,239,,0
07.04,5,Stage 3 - Sablé-sur-Sarthe › Sablé-sur-Sarthe ,176.5,5.0,1077.0,239,4.0,0
06.04,11,Stage 2 - Le Lude › Le Lude ,174.7,32.0,1346.0,239,,0
05.04,35,Stage 1 - Mamers › Mamers ,192.3,67.0,2651.0,239,,0
21.03 » 27.03,,Volta Ciclista a Catalunya (2.UWT) ,,154.0,2121.0,722,,0
27.03,DNF,Stage 7 - Barcelona › Barcelona ,138.6,154.0,2121.0,722,,0
26.03,104,Stage 6 - Salou › Cambrils ,168.6,90.0,2706.0,722,,0
25.03,9,Stage 5 - La Pobla de Segur › Vilanova i la Geltrú ,206.3,57.0,2478.0,722,2.0,0
24.03,118,Stage 4 - La Seu d'Urgell › Boí Taüll ,166.7,221.0,3538.0,722,,0
23.03,150,Stage 3 - Perpignan › La Molina ,161.1,175.0,3394.0,722,,0
22.03,3,Stage 2 - L'Escala › Perpignan ,202.4,57.0,2166.0,722,18.0,1
21.03,9,Stage 1 - Sant Feliu de Guíxols › Sant Feliu de Guíxols ,171.2,58.0,1688.0,722,2.0,0
18.03,2,Bredene Koksijde Classic (1.Pro) ,200.9,10.0,696.0,230,85.0,1
16.03,7,Danilith Nokere Koerse (1.Pro) ,189.8,14.0,1127.0,229,35.0,0
13.03,3,Albert Achterhes Profronde van Drenthe (1.1) ,198.1,9.0,421.0,87,40.0,1
06.03,3,Grote Prijs Jean-Pierre Monseré (1.1) ,203.2,1.0,650.0,112,40.0,1
01.03,2,Le Samyn (1.1) ,209.0,10.0,1541.0,298,55.0,1
27.02,3,Kuurne - Bruxelles - Kuurne (1.Pro) ,195.1,45.0,1829.0,718,60.0,1
16.02 » 20.02,,Volta ao Algarve em Bicicleta (2.Pro) ,,,,502,,0
,13,Points classification ,,,,502,,0
,52,General classification ,,,,502,,0
20.02,61,Stage 5 - Lagoa › Malhão (Loulé) ,173.0,199.0,3056.0,502,,0
19.02,50,Stage 4 (ITT) - Vila Real de Santo António › Tavira ,32.2,26.0,407.0,502,,0
18.02,5,Stage 3 - Almodôvar › Faro ,211.4,48.0,2000.0,502,4.0,0
17.02,95,Stage 2 - Albufeira › Fóia (Monchique) ,182.4,197.0,3183.0,502,,0
16.02,53,Stage 1 - Portimão  › Lagos ,199.1,42.0,2124.0,502,,0
02.02 » 06.02,,Etoile de Bessèges - Tour du Gard (2.1) ,,,,366,,0
,10,Points classification ,,,,366,,0
,51,General classification ,,,,366,,0
06.02,92,Stage 5 (ITT) - Alès › Alès l'Ermitage ,10.64,20.0,171.0,366,,0
05.02,101,Stage 4 - Saint-Hilaire-de-Brethmas › Le Mont Bouquet ,146.71,108.0,1817.0,366,,0
04.02,7,Stage 3 - Bessèges › Bessèges ,155.65,76.0,2051.0,366,2.0,0
03.02,87,Stage 2 - Saint-Christol-lèz-Alès › Rousson ,156.21,67.0,1702.0,366,,0
02.02,2,Stage 1 - Bellegarde › Bellegarde ,160.86,18.0,538.0,366,12.0,1
30.01,4,Trofeo Playa de Palma - Palma (1.1) ,169.1,35.0,1552.0,303,32.0,0
