date,result,name,distance,profile,vert,startlist,points,top3
11.10 » 18.10,,PETRONAS Le Tour de Langkawi (2.Pro) ,,,,121,,0
,41,Points classification ,,,,121,,0
,17,General classification ,,,,121,14.0,0
18.10,32,Stage 8 - Kuah › Kuah ,115.9,61.0,1049.0,121,,0
17.10,7,Stage 7 - Kuah › Kuah ,107.1,47.0,915.0,121,2.0,0
16.10,52,Stage 6 - George Town › Alor Setar ,120.4,0.0,177.0,121,,0
15.10,52,Stage 5 - Kuala Kangsar › Kulim ,172.0,28.0,1665.0,121,,0
14.10,34,Stage 4 - Sabak Bernam › Meru Raya ,137.9,6.0,357.0,121,,0
13.10,22,Stage 3 - Putrajaya › Genting Highlands ,124.2,339.0,2848.0,121,,0
12.10,56,Stage 2 - Kuala Klawang › Raub ,178.9,19.0,1382.0,121,,0
11.10,35,Stage 1 - Kuala Pilah › Kuala Lumpur ,157.3,58.0,1593.0,121,,0
04.10,39,Tre Valli Varesine (1.Pro) ,196.3,152.0,3464.0,922,,0
03.10,27,Coppa Bernocchi - GP BPM (1.Pro) ,190.7,84.0,2087.0,405,,0
01.10,84,Giro dell'Emilia (1.Pro) ,198.7,266.0,3021.0,728,,0
29.09,29,Coppa Agostoni - Giro delle Brianze (1.1) ,193.0,121.0,3189.0,358,,0
11.09,63,Grand Prix Cycliste de Montréal (1.UWT) ,221.4,182.0,4124.0,864,5.0,0
09.09,DNF,Grand Prix Cycliste de Québec (1.UWT) ,201.6,60.0,2508.0,866,,0
28.08,19,Bretagne Classic - Ouest-France (1.UWT) ,254.8,95.0,3116.0,812,16.0,0
23.08 » 26.08,,Tour Poitou - Charentes en Nouvelle Aquitaine (2.1) ,,,,182,,0
,36,Points classification ,,,,182,,0
,6,General classification ,,,,182,24.0,0
26.08,25,Stage 5 - Mansle › Poitiers ,185.1,27.0,1368.0,182,,0
25.08,7,Stage 4 (ITT) - Smarves › Vivonne ,21.4,5.0,167.0,182,2.0,0
25.08,39,Stage 3 - Nieuil-l'Espoir › Vivonne ,90.7,14.0,600.0,182,,0
24.08,48,Stage 2 - Périgny › Vars ,195.5,19.0,1240.0,182,,0
23.08,41,Stage 1 - Chauray › Périgny ,193.1,4.0,1019.0,182,,0
30.07,DNF,Donostia San Sebastian Klasikoa (1.UWT) ,224.8,231.0,4147.0,724,,0
01.07 » 24.07,,Tour de France (2.UWT) ,,,,1550,,0
,31,Mountains classification ,,,,1550,,0
,108,Points classification ,,,,1550,,0
,39,General classification ,,,,1550,25.0,0
24.07,52,Stage 21 - Paris La Défense › Paris (Champs-Élysées) ,115.6,13.0,748.0,1550,,0
23.07,44,Stage 20 (ITT) - Lacapelle-Marival › Rocamadour ,40.7,39.0,434.0,1550,,0
22.07,51,Stage 19 - Castelnau-Magnoac › Cahors ,188.3,35.0,1316.0,1550,,0
21.07,103,Stage 18 - Lourdes › Hautacam ,143.2,408.0,4036.0,1550,,0
20.07,92,Stage 17 - Saint-Gaudens › Peyragudes ,129.7,324.0,3364.0,1550,,0
19.07,71,Stage 16 - Carcassonne › Foix ,178.5,204.0,3418.0,1550,,0
17.07,64,Stage 15 - Rodez › Carcassonne ,202.5,64.0,2416.0,1550,,0
16.07,76,Stage 14 - Saint-Etienne › Mende ,192.5,170.0,3441.0,1550,,0
15.07,97,Stage 13 - Bourg d'Oisans › Saint-Etienne ,192.6,78.0,2109.0,1550,,0
14.07,44,Stage 12 - Briançon › L'Alpe d'Huez ,165.1,389.0,4660.0,1550,,0
13.07,25,Stage 11 - Albertville › Col du Granon  66k,151.7,400.0,4070.0,1550,,0
12.07,15,Stage 10 - Morzine › Megève  85k,148.1,143.0,2733.0,1550,1.0,0
10.07,47,Stage 9 - Aigle › Châtel les portes du Soleil  126k,192.9,223.0,3743.0,1550,,0
09.07,94,Stage 8 - Dole › Lausanne ,186.3,87.0,2556.0,1550,,0
08.07,64,Stage 7 - Tomblaine › La Super Planche des Belles Filles ,176.3,192.0,2526.0,1550,,0
07.07,56,Stage 6 - Binche › Longwy ,219.9,85.0,2477.0,1550,,0
06.07,71,Stage 5 - Lille › Wallers-Arenberg ,157.0,1.0,601.0,1550,,0
05.07,117,Stage 4 - Dunkerque › Calais ,171.5,63.0,1785.0,1550,,0
03.07,140,Stage 3 - Vejle › Sønderborg ,182.0,16.0,1280.0,1550,,0
02.07,132,Stage 2 - Roskilde › Nyborg ,202.2,11.0,1149.0,1550,,0
01.07,91,Stage 1 (ITT) - Copenhagen › Copenhagen ,13.2,0.0,21.0,1550,,0
26.06,DNF,National Championships Spain - Road Race (NC) ,186.1,,,95,,0
24.06,5,National Championships Spain - ITT (NC) ,38.5,,,48,,0
12.06 » 19.06,,Tour de Suisse (2.UWT) ,,,,767,,0
,34,Mountains classification ,,,,767,,0
,34,General classification ,,,,767,5.0,0
19.06,13,Stage 8 (ITT) - Vaduz › Vaduz ,25.6,3.0,131.0,767,,0
18.06,13,Stage 7 - Ambri › Malbun  152k,194.6,347.0,3881.0,767,,0
17.06,42,Stage 6 - Locarno › Moosalp ,177.5,304.0,4155.0,767,,0
16.06,14,Stage 5 - Ambri › Novazzano ,190.1,195.0,2610.0,767,,0
15.06,69,Stage 4 - Grenchen › Brunnen ,190.8,82.0,2062.0,767,,0
14.06,88,Stage 3 - Aesch › Grenchen ,176.9,119.0,3125.0,767,,0
13.06,131,Stage 2 - Küsnacht › Aesch ,198.0,123.0,2746.0,767,,0
12.06,150,Stage 1 - Küsnacht › Küsnacht  ,177.6,135.0,2746.0,767,,0
31.05,30,Mercan'Tour Classic Alpes-Maritimes (1.1) ,167.9,350.0,4739.0,247,,0
26.04 » 01.05,,Tour de Romandie (2.UWT) ,,,,506,,0
,7,Mountains classification ,,,,506,,0
,49,Points classification ,,,,506,,0
,64,General classification ,,,,506,5.0,0
01.05,12,Stage 5 (ITT) - Aigle › Villars ,15.84,172.0,884.0,506,,0
30.04,44,Stage 4 - Aigle › Zinal (Val d'Anniviers)  163k,180.1,276.0,4158.0,506,,0
29.04,52,Stage 3 - Valbroye › Valbroye ,165.1,107.0,2441.0,506,,0
28.04,124,Stage 2 - Échallens › Échallens ,168.2,83.0,2327.0,506,,0
27.04,126,Stage 1 - La Grande Beroche › Romont ,178.0,115.0,2729.0,506,,0
26.04,50,Prologue - Lausanne › Lausanne ,5.12,0.0,39.0,506,,0
24.04,27,Liège-Bastogne-Liège (1.UWT) ,257.2,182.0,4342.0,1101,13.0,0
20.04,129,La Flèche Wallonne (1.UWT) ,202.1,173.0,3160.0,974,5.0,0
04.04 » 09.04,,Itzulia Basque Country (2.UWT) ,,,,742,,0
,10,Mountains classification ,,,,742,,0
,6,Points classification ,,,,742,,0
,2,General classification ,,,,742,190.0,1
09.04,1,Stage 6 - Eibar › Arrate ,135.7,275.0,3636.0,742,50.0,1
08.04,4,Stage 5 - Zamudio › Mallabia ,163.76,184.0,3485.0,742,13.0,0
07.04,14,Stage 4 - Vitoria-Gasteiz › Zamudio ,185.6,154.0,2703.0,742,,0
06.04,8,Stage 3 - Llodio › Amurrio ,181.7,186.0,3278.0,742,3.0,0
05.04,39,Stage 2 - Leitza › Viana ,207.92,77.0,2625.0,742,,0
04.04,8,Stage 1 (ITT) - Hondarribia › Hondarribia ,7.51,7.0,100.0,742,3.0,0
02.04,7,Gran Premio Miguel Indurain (1.Pro) ,190.0,114.0,2878.0,372,35.0,0
06.03 » 13.03,,Paris - Nice (2.UWT) ,,,,1183,,0
,32,Points classification ,,,,1183,,0
,7,General classification ,,,,1183,100.0,0
13.03,10,Stage 8 - Nice › Nice ,115.6,184.0,2436.0,1183,1.0,0
12.03,11,Stage 7 - Nice › Col de Turini ,155.2,303.0,3582.0,1183,,0
11.03,23,Stage 6 - Courthézon › Aubagne ,213.6,97.0,2878.0,1183,,0
10.03,18,Stage 5 - Saint-Just-Saint-Rambert › Saint-Sauveur-de-Montagut ,188.8,188.0,3408.0,1183,,0
09.03,28,Stage 4 (ITT) - Domérat › Montluçon ,13.4,18.0,188.0,1183,,0
08.03,52,Stage 3 - Vierzon › Dun-le-Palestel ,190.8,63.0,1929.0,1183,,0
07.03,53,Stage 2 - Auffargis › Orléans ,159.2,8.0,707.0,1183,,0
06.03,29,Stage 1 - Mantes-la-Ville › Mantes-la-Ville ,159.8,56.0,1723.0,1183,,0
24.02 » 27.02,,Gran Camiño (2.1) ,,,,215,,0
,9,Points classification ,,,,215,,0
,6,General classification ,,,,215,24.0,0
27.02,4,Stage 4 (ITT) - Sarria  › Sarria  ,15.8,20.0,208.0,215,5.0,0
26.02,6,Stage 3 - Maceda  › Luintra ,148.4,251.0,2669.0,215,3.0,0
25.02,29,Stage 2 - Bertamiráns  › Mirador do Ézaro ,177.6,146.0,3006.0,215,,0
24.02,56,Stage 1 - O Porriño › Vigo ,165.0,60.0,1993.0,215,,0
16.02 » 20.02,,Volta ao Algarve em Bicicleta (2.Pro) ,,197.0,3183.0,502,,0
17.02,DNF,Stage 2 - Albufeira › Fóia (Monchique) ,182.4,197.0,3183.0,502,,0
16.02,20,Stage 1 - Portimão  › Lagos ,199.1,42.0,2124.0,502,,0
