date,result,name,distance,profile,vert,startlist,points,top3
08.10,DNF,Il Lombardia (1.UWT) ,253.0,278.0,4852.0,1019,,0
06.10,1,Gran Piemonte (1.Pro) ,198.0,44.0,1426.0,424,125.0,1
03.10,5,Coppa Bernocchi - GP BPM (1.Pro) ,190.7,84.0,2087.0,405,45.0,0
25.09,11,World Championships ME - Road Race (WC) ,266.9,160.0,4167.0,1053,65.0,0
11.09,DNF,Grand Prix Cycliste de Montréal (1.UWT) ,221.4,182.0,4124.0,864,,0
09.09,5,Grand Prix Cycliste de Québec (1.UWT) ,201.6,60.0,2508.0,866,80.0,0
28.08,57,Bretagne Classic - Ouest-France (1.UWT) ,254.8,95.0,3116.0,812,5.0,0
21.08,14,BEMER Cyclassics (1.UWT) ,204.7,30.0,892.0,651,26.0,0
16.08 » 19.08,,Tour du Limousin - Nouvelle Aquitaine (2.1) ,,,,335,,0
,55,General classification ,,,,335,,0
19.08,32,Stage 4 - Saint-Laurent-sur-Gorre › Limoges ,174.8,84.0,2488.0,335,,0
18.08,74,Stage 3 - Donzenac › Malemort  ,181.7,145.0,3016.0,335,,0
17.08,5,Stage 2 - Le Grand Périgueux Champcevinel › Ribérac  ,184.7,33.0,1931.0,335,4.0,0
16.08,7,Stage 1 - Verneuil-sur-Vienne › La Souterraine  ,176.4,41.0,1984.0,335,2.0,0
14.08,114,European Continental Championships - Road Race (CC) ,207.9,23.0,1331.0,455,,0
02.08 » 06.08,,Vuelta a Burgos (2.Pro) ,,,,356,,0
,26,Points classification ,,,,356,,0
,78,General classification ,,,,356,,0
06.08,87,Stage 5 - Lermas › Lagunas de Neila ,170.0,196.0,2792.0,356,,0
05.08,15,Stage 4 - Torresandino › Ciudad Romana de Clunia ,169.0,29.0,1361.0,356,,0
04.08,85,Stage 3 - Quintana Martín Galíndez › Villarcayo ,156.0,155.0,2324.0,356,,0
03.08,90,Stage 2 - Vivar del Cid › Villadiego ,158.0,39.0,1659.0,356,,0
02.08,7,Stage 1 - Burgos › Burgos ,157.0,45.0,1521.0,356,2.0,0
31.07,74,Circuito de Getxo - Memorial Hermanos Otxoa (1.1) ,196.5,121.0,2378.0,276,,0
27.07 » 28.07,,Vuelta a Castilla y Leon (2.1) ,,,,141,,0
,6,Points classification ,,,,141,,0
,17,General classification ,,,,141,4.0,0
28.07,16,Stage 2 - Guijuelo › Guijuelo ,189.3,115.0,3105.0,141,,0
27.07,3,Stage 1 - Benavente › Morales del Vino ,156.7,50.0,1879.0,141,7.0,1
25.07,59,Prueba Villafranca - Ordiziako Klasika (1.1) ,165.7,126.0,2391.0,151,,0
26.06,17,National Championships Spain - Road Race (NC) ,186.1,,,95,,0
24.06,13,National Championships Spain - ITT (NC) ,38.5,,,48,,0
26.05 » 29.05,,Boucles de la Mayenne - Crédit Mutuel (2.Pro) ,,,,177,,0
,21,Points classification ,,,,177,,0
,28,General classification ,,,,177,,0
29.05,12,Stage 4 - Martigné-sur-Mayenne › Laval ,180.0,41.0,1918.0,177,,0
28.05,12,Stage 3 - Saint-Berthevin › Château-Gontier-sur-Mayenne ,188.0,42.0,1758.0,177,,0
27.05,40,Stage 2 - Jublains › Pré-en-Pail-Saint-Samson ,171.0,105.0,2392.0,177,,0
26.05,13,Stage 1 - Saint-Pierre-des-Landes › Andouillé ,180.0,49.0,1921.0,177,,0
29.04 » 01.05,,Vuelta Asturias Julio Alvarez Mendo (2.1) ,,,,109,,0
,35,General classification ,,,,109,,0
01.05,41,Stage 3 - Cangas del Narcea › Oviedo ,120.5,128.0,1688.0,109,,0
30.04,35,Stage 2 - Candás › Cangas del Narcea ,202.0,252.0,4265.0,109,,0
29.04,39,Stage 1 - Oviedo › Pola de Lena ,168.9,197.0,2916.0,109,,0
17.04,25,Paris-Roubaix (1.UWT) ,257.2,5.0,1362.0,752,15.0,0
10.04,59,Amstel Gold Race (1.UWT) ,254.1,112.0,3460.0,702,5.0,0
03.04,22,Ronde van Vlaanderen - Tour des Flandres ME (1.UWT) ,272.5,79.0,2289.0,759,18.0,0
30.03,34,Dwars door Vlaanderen - A travers la Flandre ME (1.UWT) ,183.7,50.0,1649.0,647,5.0,0
27.03,8,Gent-Wevelgem in Flanders Fields ME (1.UWT) ,248.8,35.0,1377.0,838,50.0,0
25.03,16,E3 Saxo Bank Classic (1.UWT) ,203.9,59.0,2010.0,636,20.0,0
19.03,23,Milano-Sanremo (1.UWT) ,293.0,63.0,2096.0,936,17.0,0
16.03,63,Milano - Torino (1.Pro) ,199.0,21.0,1166.0,405,,0
06.03 » 13.03,,Paris - Nice (2.UWT) ,,,,1183,,0
,11,Points classification ,,,,1183,,0
,46,General classification ,,,,1183,5.0,0
13.03,48,Stage 8 - Nice › Nice ,115.6,184.0,2436.0,1183,,0
12.03,69,Stage 7 - Nice › Col de Turini  132k,155.2,303.0,3582.0,1183,,0
11.03,7,Stage 6 - Courthézon › Aubagne ,213.6,97.0,2878.0,1183,4.0,0
10.03,75,Stage 5 - Saint-Just-Saint-Rambert › Saint-Sauveur-de-Montagut ,188.8,188.0,3408.0,1183,,0
09.03,110,Stage 4 (ITT) - Domérat › Montluçon ,13.4,18.0,188.0,1183,,0
08.03,13,Stage 3 - Vierzon › Dun-le-Palestel ,190.8,63.0,1929.0,1183,,0
07.03,61,Stage 2 - Auffargis › Orléans ,159.2,8.0,707.0,1183,,0
06.03,7,Stage 1 - Mantes-la-Ville › Mantes-la-Ville ,159.8,56.0,1723.0,1183,4.0,0
27.02,67,Kuurne - Bruxelles - Kuurne (1.Pro) ,195.1,45.0,1829.0,718,,0
26.02,30,Omloop Het Nieuwsblad ME (1.UWT) ,204.2,49.0,1666.0,749,5.0,0
30.01,15,Trofeo Playa de Palma - Palma (1.1) ,169.1,35.0,1552.0,303,6.0,0
27.01,4,Trofeo Alcúdia - Port d'Alcúdia (1.1) ,173.2,62.0,1653.0,272,32.0,0
26.01,113,Trofeo Calvia (1.1) ,154.7,154.0,3211.0,305,,0
