date,result,name,distance,profile,vert,startlist,points,top3
25.09,49,World Championships ME - Road Race (WC)  69k,266.9,160.0,4167.0,1053,15.0,0
19.08 » 11.09,,La Vuelta ciclista a España (2.UWT) ,,,,970,,0
,31,Mountains classification ,,,,970,,0
,24,Points classification ,,,,970,,0
,10,General classification ,,,,970,150.0,0
11.09,47,Stage 21 - Las Rozas › Madrid ,96.7,10.0,773.0,970,,0
10.09,4,Stage 20 - Moralzarzal › Puerto de Navacerrada ,181.0,216.0,3977.0,970,25.0,0
09.09,29,Stage 19 - Talavera de la Reina › Talavera de la Reina ,138.3,101.0,2278.0,970,,0
08.09,4,Stage 18 - Trujillo › Alto del Piornal ,192.0,214.0,3680.0,970,25.0,0
07.09,17,Stage 17 - Aracena › Monasterio de Tentudía ,162.3,161.0,2755.0,970,,0
06.09,28,Stage 16 - Sanlúcar de Barrameda › Tomares ,189.4,28.0,1076.0,970,,0
04.09,8,Stage 15 - Martos › Sierra Nevada  127k,152.6,407.0,4033.0,970,10.0,0
03.09,14,Stage 14 - Montoro › Sierra de La Pandera ,160.3,278.0,3312.0,970,2.0,0
02.09,33,Stage 13 - Ronda › Montilla ,168.4,54.0,1766.0,970,,0
01.09,30,Stage 12 - Salobreña › Peñas Blancas. Estepona ,192.7,273.0,3238.0,970,,0
31.08,54,Stage 11 - ElPozo Alimentación › Cabo de Gata ,191.2,38.0,1592.0,970,,0
30.08,44,Stage 10 (ITT) - Elche › Alicante ,30.9,4.0,179.0,970,,0
28.08,24,Stage 9 - Villaviciosa › Les Praeres. Nava ,171.4,242.0,3675.0,970,,0
27.08,16,Stage 8 - La Pola Llaviana/Pola de Laviana › Colláu Fancuaya ,153.4,335.0,3741.0,970,,0
26.08,39,Stage 7 - Camargo › Cistierna ,190.0,112.0,3359.0,970,,0
25.08,8,Stage 6 - Bilbao › Ascensión al Pico Jano. San Miguel de Aguayo ,181.2,294.0,4120.0,970,10.0,0
24.08,34,Stage 5 - Irún › Bilbao ,187.2,162.0,2978.0,970,,0
23.08,10,Stage 4 - Vitoria-Gasteiz › Laguardia ,152.5,133.0,2319.0,970,6.0,0
21.08,53,Stage 3 - Breda › Breda ,193.2,0.0,255.0,970,,0
20.08,50,Stage 2 - 's-Hertogenbosch › Utrecht ,175.1,10.0,518.0,970,,0
19.08,7,Stage 1 (TTT) - Utrecht › Utrecht ,23.3,0.0,31.0,970,,0
02.08 » 06.08,,Vuelta a Burgos (2.Pro) ,,,,356,,0
,13,Mountains classification ,,,,356,,0
,10,Points classification ,,,,356,,0
,7,General classification ,,,,356,55.0,0
06.08,7,Stage 5 - Lermas › Lagunas de Neila ,170.0,196.0,2792.0,356,2.0,0
05.08,21,Stage 4 - Torresandino › Ciudad Romana de Clunia ,169.0,29.0,1361.0,356,,0
04.08,15,Stage 3 - Quintana Martín Galíndez › Villarcayo ,156.0,155.0,2324.0,356,,0
03.08,65,Stage 2 - Vivar del Cid › Villadiego ,158.0,39.0,1659.0,356,,0
02.08,4,Stage 1 - Burgos › Burgos ,157.0,45.0,1521.0,356,7.0,0
31.07,12,Circuito de Getxo - Memorial Hermanos Otxoa (1.1) ,196.5,121.0,2378.0,276,10.0,0
30.07,DNF,Donostia San Sebastian Klasikoa (1.UWT) ,224.8,231.0,4147.0,724,,0
06.05 » 29.05,,Giro d'Italia (2.UWT) ,,,,816,,0
,6,Mountains classification ,,,,816,,0
,17,Points classification ,,,,816,,0
,1,General classification ,,,,816,400.0,1
29.05,15,Stage 21 (ITT) - Verona › Verona ,17.4,30.0,317.0,816,1.0,0
28.05,6,Stage 20 - Belluno › Marmolada (Passo Fedaia) ,168.0,392.0,4718.0,816,15.0,0
27.05,9,Stage 19 - Marano Lagunare › Santuario di Castelmonte ,178.0,262.0,3489.0,816,8.0,0
26.05,53,Stage 18 - Borgo Valsugana › Treviso ,156.0,34.0,1219.0,816,,0
25.05,6,Stage 17 - Ponte di Legno › Lavarone ,168.0,347.0,3950.0,816,15.0,0
24.05,3,Stage 16 - Salò › Aprica ,202.0,376.0,5268.0,816,35.0,1
22.05,16,Stage 15 - Rivarolo Canavese › Cogne ,177.0,301.0,4019.0,816,,0
21.05,2,Stage 14 - Santena › Torino  74k,147.0,247.0,3167.0,816,50.0,1
20.05,22,Stage 13 - Sanremo › Cuneo ,150.0,51.0,1817.0,816,,0
19.05,40,Stage 12 - Parma › Genova ,204.0,112.0,2867.0,816,,0
18.05,25,Stage 11 - Santarcangelo di Romagna › Reggio Emilia ,203.0,0.0,369.0,816,,0
17.05,23,Stage 10 - Pescara › Jesi ,196.0,86.0,1764.0,816,,0
15.05,1,Stage 9 - Isernia › Blockhaus ,191.0,458.0,5080.0,816,80.0,1
14.05,52,Stage 8 - Napoli › Napoli ,153.0,123.0,2243.0,816,,0
13.05,31,Stage 7 - Diamante › Potenza ,196.0,246.0,4730.0,816,,0
12.05,39,Stage 6 - Palmi › Scalea ,192.0,49.0,1498.0,816,,0
11.05,36,Stage 5 - Catania › Messina ,174.0,31.0,1968.0,816,,0
10.05,15,Stage 4 - Avola › Etna ,172.0,251.0,3626.0,816,1.0,0
08.05,47,Stage 3 - Kaposvár › Balatonfüred ,201.0,7.0,1150.0,816,,0
07.05,32,Stage 2 (ITT) - Budapest › Budapest ,9.2,8.0,81.0,816,,0
06.05,28,Stage 1 - Budapest › Visegrád ,195.0,51.0,1390.0,816,,0
24.04,DNS,Liège-Bastogne-Liège (1.UWT) ,257.2,182.0,4342.0,1101,,0
20.04,26,La Flèche Wallonne (1.UWT) ,202.1,173.0,3160.0,974,9.0,0
21.03 » 27.03,,Volta Ciclista a Catalunya (2.UWT) ,,,,722,,0
,13,General classification ,,,,722,50.0,0
27.03,23,Stage 7 - Barcelona › Barcelona ,138.6,154.0,2121.0,722,,0
26.03,28,Stage 6 - Salou › Cambrils ,168.6,90.0,2706.0,722,,0
25.03,58,Stage 5 - La Pobla de Segur › Vilanova i la Geltrú ,206.3,57.0,2478.0,722,,0
24.03,8,Stage 4 - La Seu d'Urgell › Boí Taüll ,166.7,221.0,3538.0,722,3.0,0
23.03,15,Stage 3 - Perpignan › La Molina ,161.1,175.0,3394.0,722,,0
22.03,67,Stage 2 - L'Escala › Perpignan ,202.4,57.0,2166.0,722,,0
21.03,18,Stage 1 - Sant Feliu de Guíxols › Sant Feliu de Guíxols ,171.2,58.0,1688.0,722,,0
07.03 » 13.03,,Tirreno-Adriatico (2.UWT) ,,,,1061,,0
,18,Mountains classification ,,,,1061,,0
,19,Points classification ,,,,1061,,0
,5,General classification ,,,,1061,120.0,0
13.03,32,Stage 7 - San Benedetto del Tronto › San Benedetto del Tronto ,159.0,19.0,1296.0,1061,,0
12.03,6,Stage 6 - Apecchio › Carpegna ,215.0,266.0,3817.0,1061,7.0,0
11.03,10,Stage 5 - Sefro › Fermo ,155.0,191.0,2402.0,1061,1.0,0
10.03,10,Stage 4 - Cascata delle Marmore › Bellante ,202.0,131.0,3092.0,1061,1.0,0
09.03,83,Stage 3 - Murlo › Terni ,170.0,53.0,2063.0,1061,,0
08.03,64,Stage 2 - Camaiore › Sovicille ,219.0,70.0,2144.0,1061,,0
07.03,47,Stage 1 (ITT) - Lido di Camaiore › Lido di Camaiore ,13.9,0.0,4.0,1061,,0
05.03,18,Strade Bianche (1.UWT) ,184.0,167.0,3107.0,662,17.0,0
20.02 » 26.02,,UAE Tour (2.UWT) ,,,,607,,0
,42,Points classification ,,,,607,,0
,14,General classification ,,,,607,45.0,0
26.02,15,Stage 7 - Al Ain › Jebel Hafeet ,148.0,133.0,1364.0,607,,0
25.02,54,Stage 6 - Expo 2020 Dubai › Expo 2020 Dubai  ,180.0,0.0,388.0,607,,0
24.02,75,Stage 5 - Ras al Khaimah Corniche › Al Marjan Island  ,182.0,2.0,544.0,607,,0
23.02,7,Stage 4 - Fujairah Fort › Jebel Jais ,181.0,188.0,2646.0,607,4.0,0
22.02,54,Stage 3 (ITT) - Ajman › Ajman ,9.0,0.0,9.0,607,,0
21.02,50,Stage 2 - Hudayriyat Island › Abu Dhabi Breakwater ,176.0,1.0,337.0,607,,0
20.02,31,Stage 1 - Madinat Zayed › Madinat Zayed ,184.0,20.0,1303.0,607,,0
14.02,6,Clásica Jaén Paraiso Interior (1.1) ,187.8,180.0,3064.0,166,24.0,0
12.02,18,Vuelta Ciclista a la Region de Murcia Costa Calida (1.1) ,183.2,94.0,2331.0,197,3.0,0
