date,result,name,distance,profile,vert,startlist,points,top3
08.10,71,Il Lombardia (1.UWT) ,253.0,278.0,4852.0,1019,5.0,0
01.10,DNF,Giro dell'Emilia (1.Pro) ,198.7,266.0,3021.0,728,,0
29.09,DNF,Coppa Agostoni - Giro delle Brianze (1.1) ,193.0,121.0,3189.0,358,,0
25.09,56,World Championships ME - Road Race (WC) ,266.9,160.0,4167.0,1053,15.0,0
14.09,117,Grand Prix de Wallonie (1.Pro) ,199.7,93.0,2754.0,362,,0
11.09,28,Grand Prix Cycliste de Montréal (1.UWT) ,221.4,182.0,4124.0,864,7.0,0
09.09,50,Grand Prix Cycliste de Québec (1.UWT) ,201.6,60.0,2508.0,866,5.0,0
28.08,117,Bretagne Classic - Ouest-France (1.UWT) ,254.8,95.0,3116.0,812,5.0,0
01.07 » 24.07,,Tour de France (2.UWT) ,,204.0,3418.0,1550,,0
19.07,DNS,Stage 16 - Carcassonne › Foix ,178.5,204.0,3418.0,1550,,0
17.07,140,Stage 15 - Rodez › Carcassonne ,202.5,64.0,2416.0,1550,,0
16.07,6,Stage 14 - Saint-Etienne › Mende  151k,192.5,170.0,3441.0,1550,26.0,0
15.07,81,Stage 13 - Bourg d'Oisans › Saint-Etienne ,192.6,78.0,2109.0,1550,,0
14.07,48,Stage 12 - Briançon › L'Alpe d'Huez ,165.1,389.0,4660.0,1550,,0
13.07,62,Stage 11 - Albertville › Col du Granon ,151.7,400.0,4070.0,1550,,0
12.07,78,Stage 10 - Morzine › Megève ,148.1,143.0,2733.0,1550,,0
10.07,122,Stage 9 - Aigle › Châtel les portes du Soleil ,192.9,223.0,3743.0,1550,,0
09.07,87,Stage 8 - Dole › Lausanne ,186.3,87.0,2556.0,1550,,0
08.07,46,Stage 7 - Tomblaine › La Super Planche des Belles Filles ,176.3,192.0,2526.0,1550,,0
07.07,22,Stage 6 - Binche › Longwy  84k,219.9,85.0,2477.0,1550,,0
06.07,18,Stage 5 - Lille › Wallers-Arenberg ,157.0,1.0,601.0,1550,,0
05.07,53,Stage 4 - Dunkerque › Calais ,171.5,63.0,1785.0,1550,,0
03.07,58,Stage 3 - Vejle › Sønderborg ,182.0,16.0,1280.0,1550,,0
02.07,102,Stage 2 - Roskilde › Nyborg ,202.2,11.0,1149.0,1550,,0
01.07,63,Stage 1 (ITT) - Copenhagen › Copenhagen ,13.2,0.0,21.0,1550,,0
12.06 » 19.06,,Tour de Suisse (2.UWT) ,,,,767,,0
,20,Mountains classification ,,,,767,,0
,16,Points classification ,,,,767,,0
,3,General classification ,,,,767,160.0,1
19.06,9,Stage 8 (ITT) - Vaduz › Vaduz ,25.6,3.0,131.0,767,2.0,0
18.06,7,Stage 7 - Ambri › Malbun ,194.6,347.0,3881.0,767,4.0,0
17.06,10,Stage 6 - Locarno › Moosalp ,177.5,304.0,4155.0,767,1.0,0
16.06,3,Stage 5 - Ambri › Novazzano ,190.1,195.0,2610.0,767,18.0,1
15.06,18,Stage 4 - Grenchen › Brunnen ,190.8,82.0,2062.0,767,,0
14.06,25,Stage 3 - Aesch › Grenchen ,176.9,119.0,3125.0,767,,0
13.06,41,Stage 2 - Küsnacht › Aesch ,198.0,123.0,2746.0,767,,0
12.06,13,Stage 1 - Küsnacht › Küsnacht  ,177.6,135.0,2746.0,767,,0
31.05,1,Mercan'Tour Classic Alpes-Maritimes (1.1) ,167.9,350.0,4739.0,247,75.0,1
26.04 » 01.05,,Tour de Romandie (2.UWT) ,,,,506,,0
,51,Points classification ,,,,506,,0
,29,General classification ,,,,506,6.0,0
01.05,60,Stage 5 (ITT) - Aigle › Villars ,15.84,172.0,884.0,506,,0
30.04,26,Stage 4 - Aigle › Zinal (Val d'Anniviers) ,180.1,276.0,4158.0,506,,0
29.04,46,Stage 3 - Valbroye › Valbroye ,165.1,107.0,2441.0,506,,0
28.04,15,Stage 2 - Échallens › Échallens ,168.2,83.0,2327.0,506,,0
27.04,15,Stage 1 - La Grande Beroche › Romont ,178.0,115.0,2729.0,506,,0
26.04,82,Prologue - Lausanne › Lausanne ,5.12,0.0,39.0,506,,0
24.04,13,Liège-Bastogne-Liège (1.UWT) ,257.2,182.0,4342.0,1101,38.0,0
20.04,53,La Flèche Wallonne (1.UWT) ,202.1,173.0,3160.0,974,5.0,0
13.04,DNF,De Brabantse Pijl - La Flèche Brabançonne (1.Pro) ,205.1,71.0,2034.0,534,,0
10.04,16,Amstel Gold Race (1.UWT) ,254.1,112.0,3460.0,702,20.0,0
07.03 » 13.03,,Tirreno-Adriatico (2.UWT) ,,,,1061,,0
,41,General classification ,,,,1061,5.0,0
13.03,115,Stage 7 - San Benedetto del Tronto › San Benedetto del Tronto ,159.0,19.0,1296.0,1061,,0
12.03,54,Stage 6 - Apecchio › Carpegna ,215.0,266.0,3817.0,1061,,0
11.03,61,Stage 5 - Sefro › Fermo ,155.0,191.0,2402.0,1061,,0
10.03,41,Stage 4 - Cascata delle Marmore › Bellante ,202.0,131.0,3092.0,1061,,0
09.03,63,Stage 3 - Murlo › Terni ,170.0,53.0,2063.0,1061,,0
08.03,95,Stage 2 - Camaiore › Sovicille ,219.0,70.0,2144.0,1061,,0
07.03,40,Stage 1 (ITT) - Lido di Camaiore › Lido di Camaiore ,13.9,0.0,4.0,1061,,0
05.03,36,Strade Bianche (1.UWT) ,184.0,167.0,3107.0,662,5.0,0
24.02 » 27.02,,Gran Camiño (2.1) ,,,,215,,0
,14,Points classification ,,,,215,,0
,10,General classification ,,,,215,14.0,0
27.02,12,Stage 4 (ITT) - Sarria  › Sarria  ,15.8,20.0,208.0,215,,0
26.02,11,Stage 3 - Maceda  › Luintra ,148.4,251.0,2669.0,215,,0
25.02,5,Stage 2 - Bertamiráns  › Mirador do Ézaro ,177.6,146.0,3006.0,215,4.0,0
24.02,76,Stage 1 - O Porriño › Vigo ,165.0,60.0,1993.0,215,,0
02.02 » 06.02,,Volta a la Comunitat Valenciana (2.Pro) ,,,,610,,0
,22,Mountains classification ,,,,610,,0
,17,Points classification ,,,,610,,0
,6,General classification ,,,,610,60.0,0
06.02,60,Stage 5 - Paterna › Valencia ,92.0,12.0,706.0,610,,0
05.02,60,Stage 4 - Orihuela › Torrevieja  ,193.1,19.0,1237.0,610,,0
04.02,6,Stage 3 - Alicante › Antenas del Maigmó ,155.1,286.0,3628.0,610,3.0,0
03.02,22,Stage 2 - Bétera › Torrent ,171.5,83.0,2429.0,610,,0
02.02,8,Stage 1 - Les Alqueries › Torralba del Pinar ,166.7,162.0,3164.0,610,1.0,0
