date,result,name,distance,profile,vert,startlist,points,top3
25.09,DNF,World Championships ME - Road Race (WC) ,266.9,160.0,4167.0,1053,,0
19.08 » 11.09,,La Vuelta ciclista a España (2.UWT) ,,294.0,4120.0,970,,0
25.08,DNS,Stage 6 - Bilbao › Ascensión al Pico Jano. San Miguel de Aguayo ,181.2,294.0,4120.0,970,,0
24.08,179,Stage 5 - Irún › Bilbao ,187.2,162.0,2978.0,970,,0
23.08,175,Stage 4 - Vitoria-Gasteiz › Laguardia ,152.5,133.0,2319.0,970,,0
21.08,158,Stage 3 - Breda › Breda ,193.2,0.0,255.0,970,,0
20.08,176,Stage 2 - 's-Hertogenbosch › Utrecht ,175.1,10.0,518.0,970,,0
19.08,19,Stage 1 (TTT) - Utrecht › Utrecht ,23.3,0.0,31.0,970,,0
04.08 » 07.08,,Sazka Tour (2.1) ,,,,124,,0
,19,Mountains classification ,,,,124,,0
,31,Points classification ,,,,124,,0
,11,General classification ,,,,124,12.0,0
07.08,21,Stage 4 - Šumperk › Šternberk ,179.9,142.0,3304.0,124,,0
06.08,11,Stage 3 - Moravská Třebová › Dlouhé Stráně ,148.7,287.0,3043.0,124,,0
05.08,17,Stage 2 - Olomouc › Pustevny ,189.3,154.0,2998.0,124,,0
04.08,76,Stage 1 - Uničov › Prostějov ,196.2,29.0,1789.0,124,,0
26.06,5,National Championships Czech Republic - Road Race (NC) ,197.2,,,24,2.0,0
05.06 » 12.06,,Critérium du Dauphiné (2.UWT) ,,,,788,,0
,39,Mountains classification ,,,,788,,0
,18,General classification ,,,,788,28.0,0
12.06,18,Stage 8 - Saint-Alban-Leysse › Plateau de Salaison  126k,138.8,375.0,3782.0,788,,0
11.06,19,Stage 7 - Saint-Chaffrey › Vaujany ,134.8,311.0,3828.0,788,,0
10.06,85,Stage 6 - Rives › Gap ,196.5,74.0,2958.0,788,,0
09.06,80,Stage 5 - Thizy-les-Bourgs › Chaintré ,162.3,60.0,1991.0,788,,0
08.06,101,Stage 4 (ITT) - Montbrison › La Bâtie d’Urfé ,31.9,1.0,96.0,788,,0
07.06,33,Stage 3 - Saint-Paulien › Chastreix-Sancy ,169.0,140.0,2707.0,788,,0
06.06,89,Stage 2 - Saint-Péray › Brives-Charensac ,169.8,91.0,2956.0,788,,0
05.06,105,Stage 1 - La Voulte-sur-Rhône › Beauchastel ,191.8,74.0,2473.0,788,,0
06.05 » 29.05,,Giro d'Italia (2.UWT) ,,,,816,,0
,10,Mountains classification ,,,,816,,0
,35,Points classification ,,,,816,,0
,6,General classification ,,,,816,190.0,0
29.05,26,Stage 21 (ITT) - Verona › Verona ,17.4,30.0,317.0,816,,0
28.05,14,Stage 20 - Belluno › Marmolada (Passo Fedaia) ,168.0,392.0,4718.0,816,2.0,0
27.05,12,Stage 19 - Marano Lagunare › Santuario di Castelmonte ,178.0,262.0,3489.0,816,4.0,0
26.05,34,Stage 18 - Borgo Valsugana › Treviso ,156.0,34.0,1219.0,816,,0
25.05,3,Stage 17 - Ponte di Legno › Lavarone  161k,168.0,347.0,3950.0,816,35.0,1
24.05,1,Stage 16 - Salò › Aprica  152k,202.0,376.0,5268.0,816,80.0,1
22.05,32,Stage 15 - Rivarolo Canavese › Cogne ,177.0,301.0,4019.0,816,,0
21.05,11,Stage 14 - Santena › Torino ,147.0,247.0,3167.0,816,5.0,0
20.05,40,Stage 13 - Sanremo › Cuneo ,150.0,51.0,1817.0,816,,0
19.05,94,Stage 12 - Parma › Genova ,204.0,112.0,2867.0,816,,0
18.05,33,Stage 11 - Santarcangelo di Romagna › Reggio Emilia ,203.0,0.0,369.0,816,,0
17.05,28,Stage 10 - Pescara › Jesi ,196.0,86.0,1764.0,816,,0
15.05,13,Stage 9 - Isernia › Blockhaus ,191.0,458.0,5080.0,816,3.0,0
14.05,74,Stage 8 - Napoli › Napoli ,153.0,123.0,2243.0,816,,0
13.05,42,Stage 7 - Diamante › Potenza ,196.0,246.0,4730.0,816,,0
12.05,46,Stage 6 - Palmi › Scalea ,192.0,49.0,1498.0,816,,0
11.05,70,Stage 5 - Catania › Messina ,174.0,31.0,1968.0,816,,0
10.05,26,Stage 4 - Avola › Etna ,172.0,251.0,3626.0,816,,0
08.05,39,Stage 3 - Kaposvár › Balatonfüred ,201.0,7.0,1150.0,816,,0
07.05,96,Stage 2 (ITT) - Budapest › Budapest ,9.2,8.0,81.0,816,,0
06.05,48,Stage 1 - Budapest › Visegrád ,195.0,51.0,1390.0,816,,0
21.03 » 27.03,,Volta Ciclista a Catalunya (2.UWT) ,,154.0,2121.0,722,,0
27.03,DNF,Stage 7 - Barcelona › Barcelona ,138.6,154.0,2121.0,722,,0
26.03,41,Stage 6 - Salou › Cambrils ,168.6,90.0,2706.0,722,,0
25.03,138,Stage 5 - La Pobla de Segur › Vilanova i la Geltrú ,206.3,57.0,2478.0,722,,0
24.03,19,Stage 4 - La Seu d'Urgell › Boí Taüll ,166.7,221.0,3538.0,722,,0
23.03,132,Stage 3 - Perpignan › La Molina ,161.1,175.0,3394.0,722,,0
22.03,113,Stage 2 - L'Escala › Perpignan ,202.4,57.0,2166.0,722,,0
21.03,162,Stage 1 - Sant Feliu de Guíxols › Sant Feliu de Guíxols ,171.2,58.0,1688.0,722,,0
20.02 » 26.02,,UAE Tour (2.UWT) ,,,,607,,0
,46,Points classification ,,,,607,,0
,24,General classification ,,,,607,12.0,0
26.02,29,Stage 7 - Al Ain › Jebel Hafeet ,148.0,133.0,1364.0,607,,0
25.02,42,Stage 6 - Expo 2020 Dubai › Expo 2020 Dubai  ,180.0,0.0,388.0,607,,0
24.02,54,Stage 5 - Ras al Khaimah Corniche › Al Marjan Island  ,182.0,2.0,544.0,607,,0
23.02,9,Stage 4 - Fujairah Fort › Jebel Jais ,181.0,188.0,2646.0,607,2.0,0
22.02,77,Stage 3 (ITT) - Ajman › Ajman ,9.0,0.0,9.0,607,,0
21.02,62,Stage 2 - Hudayriyat Island › Abu Dhabi Breakwater ,176.0,1.0,337.0,607,,0
20.02,47,Stage 1 - Madinat Zayed › Madinat Zayed ,184.0,20.0,1303.0,607,,0
10.02 » 15.02,,Tour of Oman (2.Pro) ,,,,140,,0
,3,Points classification ,,,,140,,1
,1,General classification ,,,,140,150.0,1
15.02,27,Stage 6 - Al Mouj Muscat › Matrah Corniche ,132.5,65.0,1097.0,140,,0
14.02,1,Stage 5 - Samail › Jabal Al Akhdhar ,150.5,169.0,1967.0,140,30.0,1
13.02,7,Stage 4 - Al Sifah › Muscat ,119.5,145.0,2174.0,140,2.0,0
12.02,2,Stage 3 - Sultan Qaboos University › Qurayyat  ,180.0,92.0,1918.0,140,18.0,1
11.02,40,Stage 2 - Naseem Park › Suhar Corniche ,167.5,0.0,179.0,140,,0
10.02,50,Stage 1 - Al Rustaq Fort › Muscat ,138.0,17.0,684.0,140,,0
