date,result,name,distance,profile,vert,startlist,points,top3
09.10,DNF,Paris - Tours Elite (1.Pro) ,213.5,33.0,1242.0,579,,0
06.10,1,Paris - Bourges (1.1) ,198.0,55.0,1988.0,469,75.0,1
03.10,2,Sparkassen Münsterland Giro (1.Pro) ,205.9,5.0,842.0,225,85.0,1
25.09,42,Classique Paris-Chauny (1.1) ,203.5,67.0,2225.0,364,,0
21.09,1,Omloop van het Houtland Middelkerke-Lichtervelde (1.1) ,196.4,0.0,399.0,289,75.0,1
18.09,2,Gooikse Pijl (1.1) ,199.0,21.0,1893.0,301,55.0,1
17.09,15,Primus Classic (1.Pro) ,199.3,51.0,1937.0,442,12.0,0
14.09,6,Grand Prix de Wallonie (1.Pro) ,199.7,93.0,2754.0,362,40.0,0
24.08,4,Druivenkoers - Overijse (1.1) ,192.0,51.0,1629.0,389,32.0,0
21.08,6,BEMER Cyclassics (1.UWT) ,204.7,30.0,892.0,651,70.0,0
16.08 » 20.08,,PostNord Danmark Rundt - Tour of Denmark (2.Pro) ,,,,296,,0
,3,Points classification ,,,,296,,1
,22,General classification ,,,,296,4.0,0
20.08,39,Stage 5 - Give › Vejle ,126.5,103.0,1786.0,296,,0
19.08,1,Stage 4 - Skive › Skive ,167.3,7.0,884.0,296,30.0,1
18.08,6,Stage 3 - Otterup › Herning ,239.3,10.0,1355.0,296,3.0,0
17.08,18,Stage 2 (ITT) - Assens › Assens ,12.2,0.0,81.0,296,,0
16.08,2,Stage 1 - Allerød › Køge ,222.6,2.0,1016.0,296,18.0,1
01.07 » 24.07,,Tour de France (2.UWT) ,,,,1550,,0
,16,Youth classification ,,,,1550,,0
,2,Points classification ,,,,1550,25.0,1
,91,General classification ,,,,1550,25.0,0
24.07,1,Stage 21 - Paris La Défense › Paris (Champs-Élysées) ,115.6,13.0,748.0,1550,100.0,1
23.07,117,Stage 20 (ITT) - Lacapelle-Marival › Rocamadour ,40.7,39.0,434.0,1550,,0
22.07,2,Stage 19 - Castelnau-Magnoac › Cahors ,188.3,35.0,1316.0,1550,70.0,1
21.07,95,Stage 18 - Lourdes › Hautacam ,143.2,408.0,4036.0,1550,,0
20.07,106,Stage 17 - Saint-Gaudens › Peyragudes ,129.7,324.0,3364.0,1550,,0
19.07,104,Stage 16 - Carcassonne › Foix ,178.5,204.0,3418.0,1550,,0
17.07,1,Stage 15 - Rodez › Carcassonne ,202.5,64.0,2416.0,1550,100.0,1
16.07,136,Stage 14 - Saint-Etienne › Mende ,192.5,170.0,3441.0,1550,,0
15.07,104,Stage 13 - Bourg d'Oisans › Saint-Etienne ,192.6,78.0,2109.0,1550,,0
14.07,130,Stage 12 - Briançon › L'Alpe d'Huez ,165.1,389.0,4660.0,1550,,0
13.07,129,Stage 11 - Albertville › Col du Granon ,151.7,400.0,4070.0,1550,,0
12.07,147,Stage 10 - Morzine › Megève ,148.1,143.0,2733.0,1550,,0
10.07,99,Stage 9 - Aigle › Châtel les portes du Soleil ,192.9,223.0,3743.0,1550,,0
09.07,40,Stage 8 - Dole › Lausanne ,186.3,87.0,2556.0,1550,,0
08.07,139,Stage 7 - Tomblaine › La Super Planche des Belles Filles ,176.3,192.0,2526.0,1550,,0
07.07,31,Stage 6 - Binche › Longwy ,219.9,85.0,2477.0,1550,,0
06.07,8,Stage 5 - Lille › Wallers-Arenberg ,157.0,1.0,601.0,1550,18.0,0
05.07,2,Stage 4 - Dunkerque › Calais ,171.5,63.0,1785.0,1550,70.0,1
03.07,3,Stage 3 - Vejle › Sønderborg ,182.0,16.0,1280.0,1550,50.0,1
02.07,5,Stage 2 - Roskilde › Nyborg ,202.2,11.0,1149.0,1550,32.0,0
01.07,126,Stage 1 (ITT) - Copenhagen › Copenhagen ,13.2,0.0,21.0,1550,,0
26.06,3,National Championships Belgium - Road Race (NC) ,208.7,,,409,7.0,1
15.06 » 19.06,,Baloise Belgium Tour (2.Pro) ,,,,384,,0
,2,Points classification ,,,,384,,1
,8,General classification ,,,,384,50.0,0
19.06,2,Stage 5 - Gingelom › Beringen ,179.9,1.0,685.0,384,18.0,1
18.06,10,Stage 4 - Durbuy › Durbuy ,172.2,182.0,3326.0,384,,0
17.06,16,Stage 3 (ITT) - Scherpenheuvel-Zichem › Scherpenheuvel-Zichem ,11.8,0.0,49.0,384,,0
16.06,1,Stage 2 - Beveren › Knokke-Heist ,175.6,0.0,181.0,384,30.0,1
15.06,3,Stage 1 - Merelbeke › Maarkedal ,165.0,59.0,1798.0,384,12.0,1
22.05,6,Rund um Köln (1.1) ,199.3,88.0,2875.0,199,24.0,0
01.05,11,Eschborn-Frankfurt (1.UWT) ,185.0,89.0,2654.0,309,38.0,0
10.04 » 17.04,,Presidential Cycling Tour of Türkiye (2.Pro) ,,,,209,,0
,1,Points classification ,,,,209,,1
,38,General classification ,,,,209,,0
17.04,DF,Stage 8 - İstanbul › İstanbul ,137.8,58.0,1057.0,209,,0
16.04,4,Stage 7 - Gelibolu › Tekirdağ ,131.3,132.0,2268.0,209,7.0,0
15.04,2,Stage 6 - Edremit (Akçay) › Eceabat (57.Alay Şehitliği) ,201.5,64.0,2127.0,209,18.0,1
14.04,2,Stage 5 - Manisa › Ayvalık ,186.1,6.0,845.0,209,18.0,1
13.04,84,Stage 4 - İzmir (Konak) › Manisa (Spil Milli Park) ,146.2,193.0,1831.0,209,,0
12.04,1,Stage 3 - Çeşme › İzmir (Karşıyaka) ,117.9,13.0,778.0,209,30.0,1
11.04,2,Stage 2 - Selçuk (Efes) › Alaçatı ,156.4,42.0,1492.0,209,18.0,1
10.04,2,Stage 1 - Bodrum › Kuşadası ,202.0,92.0,2046.0,209,18.0,1
06.04,8,Scheldeprijs (1.Pro) ,198.7,1.0,385.0,331,30.0,0
03.04,DNF,Ronde van Vlaanderen - Tour des Flandres ME (1.UWT) ,272.5,79.0,2289.0,759,,0
30.03,29,Dwars door Vlaanderen - A travers la Flandre ME (1.UWT) ,183.7,50.0,1649.0,647,6.0,0
27.03,21,Gent-Wevelgem in Flanders Fields ME (1.UWT) ,248.8,35.0,1377.0,838,14.0,0
19.03,66,Milano-Sanremo (1.UWT) ,293.0,63.0,2096.0,936,5.0,0
06.03 » 13.03,,Paris - Nice (2.UWT) ,,97.0,2878.0,1183,,0
11.03,DNS,Stage 6 - Courthézon › Aubagne ,213.6,97.0,2878.0,1183,,0
10.03,97,Stage 5 - Saint-Just-Saint-Rambert › Saint-Sauveur-de-Montagut ,188.8,188.0,3408.0,1183,,0
09.03,114,Stage 4 (ITT) - Domérat › Montluçon ,13.4,18.0,188.0,1183,,0
08.03,4,Stage 3 - Vierzon › Dun-le-Palestel ,190.8,63.0,1929.0,1183,13.0,0
07.03,146,Stage 2 - Auffargis › Orléans ,159.2,8.0,707.0,1183,,0
06.03,9,Stage 1 - Mantes-la-Ville › Mantes-la-Ville ,159.8,56.0,1723.0,1183,2.0,0
20.02 » 26.02,,UAE Tour (2.UWT) ,,,,607,,0
,27,Youth classification ,,,,607,,0
,1,Points classification ,,,,607,,1
,93,General classification ,,,,607,5.0,0
26.02,82,Stage 7 - Al Ain › Jebel Hafeet ,148.0,133.0,1364.0,607,,0
25.02,6,Stage 6 - Expo 2020 Dubai › Expo 2020 Dubai  ,180.0,0.0,388.0,607,7.0,0
24.02,1,Stage 5 - Ras al Khaimah Corniche › Al Marjan Island  ,182.0,2.0,544.0,607,50.0,1
23.02,122,Stage 4 - Fujairah Fort › Jebel Jais ,181.0,188.0,2646.0,607,,0
22.02,10,Stage 3 (ITT) - Ajman › Ajman ,9.0,0.0,9.0,607,1.0,0
21.02,2,Stage 2 - Hudayriyat Island › Abu Dhabi Breakwater ,176.0,1.0,337.0,607,30.0,1
20.02,1,Stage 1 - Madinat Zayed › Madinat Zayed ,184.0,20.0,1303.0,607,50.0,1
