date,result,name,distance,profile,vert,startlist,points,top3
25.09,47,World Championships ME - Road Race (WC) ,266.9,160.0,4167.0,1053,15.0,0
11.09,62,Grand Prix Cycliste de Montréal (1.UWT) ,221.4,182.0,4124.0,864,5.0,0
09.09,76,Grand Prix Cycliste de Québec (1.UWT) ,201.6,60.0,2508.0,866,5.0,0
16.08 » 20.08,,PostNord Danmark Rundt - Tour of Denmark (2.Pro) ,,,,296,,0
,6,Points classification ,,,,296,,0
,9,General classification ,,,,296,45.0,0
20.08,16,Stage 5 - Give › Vejle ,126.5,103.0,1786.0,296,,0
19.08,4,Stage 4 - Skive › Skive ,167.3,7.0,884.0,296,7.0,0
18.08,5,Stage 3 - Otterup › Herning ,239.3,10.0,1355.0,296,4.0,0
17.08,9,Stage 2 (ITT) - Assens › Assens ,12.2,0.0,81.0,296,,0
16.08,6,Stage 1 - Allerød › Køge ,222.6,2.0,1016.0,296,3.0,0
01.07 » 24.07,,Tour de France (2.UWT) ,,,,1550,,0
,41,Points classification ,,,,1550,,0
,80,General classification ,,,,1550,25.0,0
24.07,4,Stage 21 - Paris La Défense › Paris (Champs-Élysées) ,115.6,13.0,748.0,1550,40.0,0
23.07,90,Stage 20 (ITT) - Lacapelle-Marival › Rocamadour ,40.7,39.0,434.0,1550,,0
22.07,41,Stage 19 - Castelnau-Magnoac › Cahors ,188.3,35.0,1316.0,1550,,0
21.07,120,Stage 18 - Lourdes › Hautacam ,143.2,408.0,4036.0,1550,,0
20.07,65,Stage 17 - Saint-Gaudens › Peyragudes ,129.7,324.0,3364.0,1550,,0
19.07,93,Stage 16 - Carcassonne › Foix ,178.5,204.0,3418.0,1550,,0
17.07,18,Stage 15 - Rodez › Carcassonne ,202.5,64.0,2416.0,1550,,0
16.07,135,Stage 14 - Saint-Etienne › Mende ,192.5,170.0,3441.0,1550,,0
15.07,88,Stage 13 - Bourg d'Oisans › Saint-Etienne ,192.6,78.0,2109.0,1550,,0
14.07,80,Stage 12 - Briançon › L'Alpe d'Huez ,165.1,389.0,4660.0,1550,,0
13.07,147,Stage 11 - Albertville › Col du Granon ,151.7,400.0,4070.0,1550,,0
12.07,138,Stage 10 - Morzine › Megève ,148.1,143.0,2733.0,1550,,0
10.07,78,Stage 9 - Aigle › Châtel les portes du Soleil  106k,192.9,223.0,3743.0,1550,,0
09.07,64,Stage 8 - Dole › Lausanne ,186.3,87.0,2556.0,1550,,0
08.07,129,Stage 7 - Tomblaine › La Super Planche des Belles Filles ,176.3,192.0,2526.0,1550,,0
07.07,118,Stage 6 - Binche › Longwy ,219.9,85.0,2477.0,1550,,0
06.07,6,Stage 5 - Lille › Wallers-Arenberg ,157.0,1.0,601.0,1550,26.0,0
05.07,33,Stage 4 - Dunkerque › Calais ,171.5,63.0,1785.0,1550,,0
03.07,14,Stage 3 - Vejle › Sønderborg ,182.0,16.0,1280.0,1550,2.0,0
02.07,14,Stage 2 - Roskilde › Nyborg ,202.2,11.0,1149.0,1550,2.0,0
01.07,48,Stage 1 (ITT) - Copenhagen › Copenhagen ,13.2,0.0,21.0,1550,,0
26.06,63,National Championships Belgium - Road Race (NC) ,208.7,,,409,,0
05.06 » 12.06,,Critérium du Dauphiné (2.UWT) ,,375.0,3782.0,788,,0
12.06,DNF,Stage 8 - Saint-Alban-Leysse › Plateau de Salaison ,138.8,375.0,3782.0,788,,0
11.06,95,Stage 7 - Saint-Chaffrey › Vaujany  59k,134.8,311.0,3828.0,788,,0
10.06,16,Stage 6 - Rives › Gap ,196.5,74.0,2958.0,788,,0
09.06,6,Stage 5 - Thizy-les-Bourgs › Chaintré ,162.3,60.0,1991.0,788,7.0,0
08.06,58,Stage 4 (ITT) - Montbrison › La Bâtie d’Urfé ,31.9,1.0,96.0,788,,0
07.06,112,Stage 3 - Saint-Paulien › Chastreix-Sancy ,169.0,140.0,2707.0,788,,0
06.06,12,Stage 2 - Saint-Péray › Brives-Charensac ,169.8,91.0,2956.0,788,,0
05.06,6,Stage 1 - La Voulte-sur-Rhône › Beauchastel ,191.8,74.0,2473.0,788,7.0,0
17.04,7,Paris-Roubaix (1.UWT) ,257.2,5.0,1362.0,752,80.0,0
03.04,50,Ronde van Vlaanderen - Tour des Flandres ME (1.UWT) ,272.5,79.0,2289.0,759,5.0,0
27.03,4,Gent-Wevelgem in Flanders Fields ME (1.UWT) ,248.8,35.0,1377.0,838,90.0,0
25.03,15,E3 Saxo Bank Classic (1.UWT) ,203.9,59.0,2010.0,636,22.0,0
23.03,9,Minerva Classic Brugge-De Panne (1.UWT) ,207.9,0.0,246.0,459,46.0,0
06.03 » 13.03,,Paris - Nice (2.UWT) ,,,,1183,,0
,22,Mountains classification ,,,,1183,,0
,20,Points classification ,,,,1183,,0
,37,General classification ,,,,1183,5.0,0
13.03,21,Stage 8 - Nice › Nice ,115.6,184.0,2436.0,1183,,0
12.03,70,Stage 7 - Nice › Col de Turini ,155.2,303.0,3582.0,1183,,0
11.03,12,Stage 6 - Courthézon › Aubagne ,213.6,97.0,2878.0,1183,,0
10.03,85,Stage 5 - Saint-Just-Saint-Rambert › Saint-Sauveur-de-Montagut ,188.8,188.0,3408.0,1183,,0
09.03,34,Stage 4 (ITT) - Domérat › Montluçon ,13.4,18.0,188.0,1183,,0
08.03,18,Stage 3 - Vierzon › Dun-le-Palestel ,190.8,63.0,1929.0,1183,,0
07.03,6,Stage 2 - Auffargis › Orléans ,159.2,8.0,707.0,1183,7.0,0
06.03,11,Stage 1 - Mantes-la-Ville › Mantes-la-Ville ,159.8,56.0,1723.0,1183,,0
27.02,15,Kuurne - Bruxelles - Kuurne (1.Pro) ,195.1,45.0,1829.0,718,12.0,0
26.02,10,Omloop Het Nieuwsblad ME (1.UWT) ,204.2,49.0,1666.0,749,42.0,0
