date,result,name,distance,profile,vert,startlist,points,top3
08.10,48,Il Lombardia (1.UWT) ,253.0,278.0,4852.0,1019,5.0,0
04.10,9,Tre Valli Varesine (1.Pro) ,196.3,152.0,3464.0,922,26.0,0
01.10,57,Giro dell'Emilia (1.Pro) ,198.7,266.0,3021.0,728,,0
29.09,DNF,Coppa Agostoni - Giro delle Brianze (1.1) ,193.0,121.0,3189.0,358,,0
19.08 » 11.09,,La Vuelta ciclista a España (2.UWT) ,,,,970,,0
,13,Mountains classification ,,,,970,,0
,17,Points classification ,,,,970,,0
,56,General classification ,,,,970,20.0,0
11.09,104,Stage 21 - Las Rozas › Madrid ,96.7,10.0,773.0,970,,0
10.09,32,Stage 20 - Moralzarzal › Puerto de Navacerrada  125k,181.0,216.0,3977.0,970,,0
09.09,73,Stage 19 - Talavera de la Reina › Talavera de la Reina ,138.3,101.0,2278.0,970,,0
08.09,82,Stage 18 - Trujillo › Alto del Piornal ,192.0,214.0,3680.0,970,,0
07.09,3,Stage 17 - Aracena › Monasterio de Tentudía  122k,162.3,161.0,2755.0,970,35.0,1
06.09,131,Stage 16 - Sanlúcar de Barrameda › Tomares ,189.4,28.0,1076.0,970,,0
04.09,67,Stage 15 - Martos › Sierra Nevada ,152.6,407.0,4033.0,970,,0
03.09,71,Stage 14 - Montoro › Sierra de La Pandera ,160.3,278.0,3312.0,970,,0
02.09,104,Stage 13 - Ronda › Montilla ,168.4,54.0,1766.0,970,,0
01.09,96,Stage 12 - Salobreña › Peñas Blancas. Estepona ,192.7,273.0,3238.0,970,,0
31.08,147,Stage 11 - ElPozo Alimentación › Cabo de Gata ,191.2,38.0,1592.0,970,,0
30.08,109,Stage 10 (ITT) - Elche › Alicante ,30.9,4.0,179.0,970,,0
28.08,72,Stage 9 - Villaviciosa › Les Praeres. Nava ,171.4,242.0,3675.0,970,,0
27.08,87,Stage 8 - La Pola Llaviana/Pola de Laviana › Colláu Fancuaya ,153.4,335.0,3741.0,970,,0
26.08,1,Stage 7 - Camargo › Cistierna  182k,190.0,112.0,3359.0,970,80.0,1
25.08,82,Stage 6 - Bilbao › Ascensión al Pico Jano. San Miguel de Aguayo ,181.2,294.0,4120.0,970,,0
24.08,83,Stage 5 - Irún › Bilbao ,187.2,162.0,2978.0,970,,0
23.08,57,Stage 4 - Vitoria-Gasteiz › Laguardia ,152.5,133.0,2319.0,970,,0
21.08,170,Stage 3 - Breda › Breda ,193.2,0.0,255.0,970,,0
20.08,148,Stage 2 - 's-Hertogenbosch › Utrecht ,175.1,10.0,518.0,970,,0
19.08,22,Stage 1 (TTT) - Utrecht › Utrecht ,23.3,0.0,31.0,970,,0
09.08 » 11.08,,Tour de l'Ain (2.1) ,,,,198,,0
,15,Mountains classification ,,,,198,,0
,39,General classification ,,,,198,,0
11.08,40,Stage 3 - Plateau d'Hauteville › Lélex ,131.0,261.0,3522.0,198,,0
10.08,38,Stage 2 - Saint-Vulbas › Lagnieu ,144.0,183.0,2853.0,198,,0
09.08,41,Stage 1 - Châtillon-Sur-Chalaronne › Val-Revermont ,152.0,51.0,1269.0,198,,0
31.07,7,Circuito de Getxo - Memorial Hermanos Otxoa (1.1) ,196.5,121.0,2378.0,276,20.0,0
23.07 » 27.07,,Ethias-Tour de Wallonie (2.Pro) ,,,,378,,0
,10,Points classification ,,,,378,,0
,49,General classification ,,,,378,,0
27.07,99,Stage 5 - Le Roeulx › Chapelle-lez-Herlaimont ,214.8,29.0,1703.0,378,,0
26.07,34,Stage 4 - Durbuy › Couvin ,200.8,136.0,3289.0,378,,0
25.07,52,Stage 3 - Visé › Rochefort ,195.6,95.0,2850.0,378,,0
24.07,3,Stage 2 - Verviers › Herve ,176.8,121.0,2748.0,378,12.0,1
23.07,17,Stage 1 - Temploux › Huy ,174.4,98.0,2257.0,378,,0
26.06,2,National Championships Spain - Road Race (NC) ,186.1,,,95,10.0,1
16.06 » 19.06,,La Route d'Occitanie - La Dépêche du Midi (2.1) ,,,,298,,0
,15,Mountains classification ,,,,298,,0
,14,Points classification ,,,,298,,0
,3,General classification ,,,,298,50.0,1
19.06,9,Stage 4 - Les Angles › Auterive ,188.3,63.0,1939.0,298,,0
18.06,3,Stage 3 - Sigean › Les Angles ,188.7,268.0,4503.0,298,7.0,1
17.06,20,Stage 2 - Belmont-sur-Rance › Roquefort-sur-Soulzon ,33.6,97.0,2557.0,298,,0
16.06,71,Stage 1 - Séméac › L'Isle Jourdain ,174.4,51.0,1708.0,298,,0
14.06,55,Mont Ventoux Dénivelé Challenge (1.1) ,154.0,394.0,4521.0,260,,0
31.05,4,Mercan'Tour Classic Alpes-Maritimes (1.1) ,167.9,350.0,4739.0,247,32.0,0
22.05,2,Boucles de l'Aulne - Châteaulin (1.1) ,175.2,86.0,2848.0,133,55.0,1
21.05,4,Tour du Finistère (1.1) ,193.3,115.0,2860.0,137,32.0,0
24.04,DNF,Liège-Bastogne-Liège (1.UWT) ,257.2,182.0,4342.0,1101,,0
20.04,16,La Flèche Wallonne (1.UWT) ,202.1,173.0,3160.0,974,20.0,0
16.04,2,Tour du Jura Cycliste (1.1) ,169.8,129.0,2617.0,142,55.0,1
15.04,1,Classic Grand Besançon Doubs (1.1) ,177.5,187.0,2786.0,145,75.0,1
02.04,81,Gran Premio Miguel Indurain (1.Pro) ,190.0,114.0,2878.0,372,,0
21.03 » 27.03,,Volta Ciclista a Catalunya (2.UWT) ,,,,722,,0
,8,Mountains classification ,,,,722,,0
,20,Points classification ,,,,722,,0
,28,General classification ,,,,722,7.0,0
27.03,57,Stage 7 - Barcelona › Barcelona  69k,138.6,154.0,2121.0,722,,0
26.03,52,Stage 6 - Salou › Cambrils ,168.6,90.0,2706.0,722,,0
25.03,103,Stage 5 - La Pobla de Segur › Vilanova i la Geltrú ,206.3,57.0,2478.0,722,,0
24.03,74,Stage 4 - La Seu d'Urgell › Boí Taüll  112k,166.7,221.0,3538.0,722,,0
23.03,20,Stage 3 - Perpignan › La Molina ,161.1,175.0,3394.0,722,,0
22.03,82,Stage 2 - L'Escala › Perpignan ,202.4,57.0,2166.0,722,,0
21.03,66,Stage 1 - Sant Feliu de Guíxols › Sant Feliu de Guíxols ,171.2,58.0,1688.0,722,,0
24.02 » 27.02,,Gran Camiño (2.1) ,,,,215,,0
,10,Points classification ,,,,215,,0
,9,General classification ,,,,215,16.0,0
27.02,2,Stage 4 (ITT) - Sarria  › Sarria  ,15.8,20.0,208.0,215,12.0,1
26.02,12,Stage 3 - Maceda  › Luintra ,148.4,251.0,2669.0,215,,0
25.02,18,Stage 2 - Bertamiráns  › Mirador do Ézaro ,177.6,146.0,3006.0,215,,0
24.02,27,Stage 1 - O Porriño › Vigo ,165.0,60.0,1993.0,215,,0
12.02,11,Vuelta Ciclista a la Region de Murcia Costa Calida (1.1) ,183.2,94.0,2331.0,197,12.0,0
02.02 » 06.02,,Etoile de Bessèges - Tour du Gard (2.1) ,,,,366,,0
,16,Mountains classification ,,,,366,,0
,15,General classification ,,,,366,6.0,0
06.02,23,Stage 5 (ITT) - Alès › Alès l'Ermitage ,10.64,20.0,171.0,366,,0
05.02,32,Stage 4 - Saint-Hilaire-de-Brethmas › Le Mont Bouquet ,146.71,108.0,1817.0,366,,0
04.02,25,Stage 3 - Bessèges › Bessèges ,155.65,76.0,2051.0,366,,0
03.02,27,Stage 2 - Saint-Christol-lèz-Alès › Rousson ,156.21,67.0,1702.0,366,,0
02.02,66,Stage 1 - Bellegarde › Bellegarde ,160.86,18.0,538.0,366,,0
29.01,61,Trofeo Pollença - Port d'Andratx (1.1) ,170.1,207.0,3429.0,366,,0
28.01,19,Trofeo Serra de Tramuntana (1.1) ,158.9,170.0,3217.0,352,2.0,0
26.01,118,Trofeo Calvia (1.1) ,154.7,154.0,3211.0,305,,0
