date,result,name,distance,profile,vert,startlist,points,top3
08.10,DNF,Il Lombardia (1.UWT) ,253.0,278.0,4852.0,1019,,0
04.10,64,Tre Valli Varesine (1.Pro) ,196.3,152.0,3464.0,922,,0
25.09,60,World Championships ME - Road Race (WC) ,266.9,160.0,4167.0,1053,15.0,0
18.09,DNS,World Championships ME - ITT (WC) ,34.2,17.0,324.0,324,,0
19.08 » 11.09,,La Vuelta ciclista a España (2.UWT) ,,,,970,,0
,3,Youth classification ,,,,970,,1
,38,Mountains classification ,,,,970,,0
,26,Points classification ,,,,970,,0
,5,General classification ,,,,970,200.0,0
11.09,54,Stage 21 - Las Rozas › Madrid ,96.7,10.0,773.0,970,,0
10.09,9,Stage 20 - Moralzarzal › Puerto de Navacerrada ,181.0,216.0,3977.0,970,8.0,0
09.09,43,Stage 19 - Talavera de la Reina › Talavera de la Reina ,138.3,101.0,2278.0,970,,0
08.09,10,Stage 18 - Trujillo › Alto del Piornal  82k,192.0,214.0,3680.0,970,6.0,0
07.09,13,Stage 17 - Aracena › Monasterio de Tentudía ,162.3,161.0,2755.0,970,3.0,0
06.09,27,Stage 16 - Sanlúcar de Barrameda › Tomares ,189.4,28.0,1076.0,970,,0
04.09,11,Stage 15 - Martos › Sierra Nevada ,152.6,407.0,4033.0,970,5.0,0
03.09,4,Stage 14 - Montoro › Sierra de La Pandera ,160.3,278.0,3312.0,970,25.0,0
02.09,39,Stage 13 - Ronda › Montilla ,168.4,54.0,1766.0,970,,0
01.09,23,Stage 12 - Salobreña › Peñas Blancas. Estepona ,192.7,273.0,3238.0,970,,0
31.08,66,Stage 11 - ElPozo Alimentación › Cabo de Gata ,191.2,38.0,1592.0,970,,0
30.08,15,Stage 10 (ITT) - Elche › Alicante ,30.9,4.0,179.0,970,1.0,0
28.08,18,Stage 9 - Villaviciosa › Les Praeres. Nava ,171.4,242.0,3675.0,970,,0
27.08,12,Stage 8 - La Pola Llaviana/Pola de Laviana › Colláu Fancuaya ,153.4,335.0,3741.0,970,4.0,0
26.08,66,Stage 7 - Camargo › Cistierna ,190.0,112.0,3359.0,970,,0
25.08,11,Stage 6 - Bilbao › Ascensión al Pico Jano. San Miguel de Aguayo ,181.2,294.0,4120.0,970,5.0,0
24.08,66,Stage 5 - Irún › Bilbao ,187.2,162.0,2978.0,970,,0
23.08,27,Stage 4 - Vitoria-Gasteiz › Laguardia ,152.5,133.0,2319.0,970,,0
21.08,36,Stage 3 - Breda › Breda ,193.2,0.0,255.0,970,,0
20.08,76,Stage 2 - 's-Hertogenbosch › Utrecht ,175.1,10.0,518.0,970,,0
19.08,5,Stage 1 (TTT) - Utrecht › Utrecht ,23.3,0.0,31.0,970,1.0,0
02.08 » 06.08,,Vuelta a Burgos (2.Pro) ,,,,356,,0
,4,Mountains classification ,,,,356,,0
,8,Points classification ,,,,356,,0
,2,General classification ,,,,356,110.0,1
06.08,1,Stage 5 - Lermas › Lagunas de Neila ,170.0,196.0,2792.0,356,30.0,1
05.08,37,Stage 4 - Torresandino › Ciudad Romana de Clunia ,169.0,29.0,1361.0,356,,0
04.08,17,Stage 3 - Quintana Martín Galíndez › Villarcayo ,156.0,155.0,2324.0,356,,0
03.08,22,Stage 2 - Vivar del Cid › Villadiego ,158.0,39.0,1659.0,356,,0
02.08,37,Stage 1 - Burgos › Burgos ,157.0,45.0,1521.0,356,,0
30.07,DNF,Donostia San Sebastian Klasikoa (1.UWT) ,224.8,231.0,4147.0,724,,0
26.06,1,National Championships Portugal - Road Race (NC) ,167.5,,,46,15.0,1
24.06,3,National Championships Portugal - ITT (NC) ,33.6,,,39,2.0,1
06.05 » 29.05,,Giro d'Italia (2.UWT) ,,34.0,1219.0,816,,0
26.05,DNS,Stage 18 - Borgo Valsugana › Treviso ,156.0,34.0,1219.0,816,,0
25.05,14,Stage 17 - Ponte di Legno › Lavarone ,168.0,347.0,3950.0,816,2.0,0
24.05,8,Stage 16 - Salò › Aprica ,202.0,376.0,5268.0,816,10.0,0
22.05,14,Stage 15 - Rivarolo Canavese › Cogne ,177.0,301.0,4019.0,816,2.0,0
21.05,6,Stage 14 - Santena › Torino  67k,147.0,247.0,3167.0,816,15.0,0
20.05,23,Stage 13 - Sanremo › Cuneo ,150.0,51.0,1817.0,816,,0
19.05,47,Stage 12 - Parma › Genova ,204.0,112.0,2867.0,816,,0
18.05,27,Stage 11 - Santarcangelo di Romagna › Reggio Emilia ,203.0,0.0,369.0,816,,0
17.05,9,Stage 10 - Pescara › Jesi ,196.0,86.0,1764.0,816,8.0,0
15.05,5,Stage 9 - Isernia › Blockhaus ,191.0,458.0,5080.0,816,18.0,0
14.05,68,Stage 8 - Napoli › Napoli ,153.0,123.0,2243.0,816,,0
13.05,8,Stage 7 - Diamante › Potenza ,196.0,246.0,4730.0,816,10.0,0
12.05,26,Stage 6 - Palmi › Scalea ,192.0,49.0,1498.0,816,,0
11.05,66,Stage 5 - Catania › Messina ,174.0,31.0,1968.0,816,,0
10.05,10,Stage 4 - Avola › Etna ,172.0,251.0,3626.0,816,6.0,0
08.05,35,Stage 3 - Kaposvár › Balatonfüred ,201.0,7.0,1150.0,816,,0
07.05,11,Stage 2 (ITT) - Budapest › Budapest ,9.2,8.0,81.0,816,5.0,0
06.05,14,Stage 1 - Budapest › Visegrád ,195.0,51.0,1390.0,816,2.0,0
02.04,DNF,Gran Premio Miguel Indurain (1.Pro) ,190.0,114.0,2878.0,372,,0
21.03 » 27.03,,Volta Ciclista a Catalunya (2.UWT) ,,,,722,,0
,2,Youth classification ,,,,722,,1
,6,Mountains classification ,,,,722,,0
,4,Points classification ,,,,722,,0
,3,General classification ,,,,722,160.0,1
27.03,16,Stage 7 - Barcelona › Barcelona ,138.6,154.0,2121.0,722,,0
26.03,20,Stage 6 - Salou › Cambrils ,168.6,90.0,2706.0,722,,0
25.03,25,Stage 5 - La Pobla de Segur › Vilanova i la Geltrú ,206.3,57.0,2478.0,722,,0
24.03,1,Stage 4 - La Seu d'Urgell › Boí Taüll ,166.7,221.0,3538.0,722,50.0,1
23.03,5,Stage 3 - Perpignan › La Molina ,161.1,175.0,3394.0,722,10.0,0
22.03,35,Stage 2 - L'Escala › Perpignan ,202.4,57.0,2166.0,722,,0
21.03,73,Stage 1 - Sant Feliu de Guíxols › Sant Feliu de Guíxols ,171.2,58.0,1688.0,722,,0
06.03 » 13.03,,Paris - Nice (2.UWT) ,,,,1183,,0
,1,Youth classification ,,,,1183,,1
,18,Mountains classification ,,,,1183,,0
,16,Points classification ,,,,1183,,0
,8,General classification ,,,,1183,90.0,0
13.03,17,Stage 8 - Nice › Nice ,115.6,184.0,2436.0,1183,,0
12.03,5,Stage 7 - Nice › Col de Turini ,155.2,303.0,3582.0,1183,10.0,0
11.03,46,Stage 6 - Courthézon › Aubagne ,213.6,97.0,2878.0,1183,,0
10.03,19,Stage 5 - Saint-Just-Saint-Rambert › Saint-Sauveur-de-Montagut ,188.8,188.0,3408.0,1183,,0
09.03,22,Stage 4 (ITT) - Domérat › Montluçon ,13.4,18.0,188.0,1183,,0
08.03,55,Stage 3 - Vierzon › Dun-le-Palestel ,190.8,63.0,1929.0,1183,,0
07.03,81,Stage 2 - Auffargis › Orléans ,159.2,8.0,707.0,1183,,0
06.03,40,Stage 1 - Mantes-la-Ville › Mantes-la-Ville ,159.8,56.0,1723.0,1183,,0
20.02 » 26.02,,UAE Tour (2.UWT) ,,,,607,,0
,2,Youth classification ,,,,607,,1
,15,Points classification ,,,,607,,0
,5,General classification ,,,,607,120.0,0
26.02,4,Stage 7 - Al Ain › Jebel Hafeet ,148.0,133.0,1364.0,607,13.0,0
25.02,58,Stage 6 - Expo 2020 Dubai › Expo 2020 Dubai  ,180.0,0.0,388.0,607,,0
24.02,57,Stage 5 - Ras al Khaimah Corniche › Al Marjan Island  ,182.0,2.0,544.0,607,,0
23.02,18,Stage 4 - Fujairah Fort › Jebel Jais ,181.0,188.0,2646.0,607,,0
22.02,5,Stage 3 (ITT) - Ajman › Ajman ,9.0,0.0,9.0,607,10.0,0
21.02,34,Stage 2 - Hudayriyat Island › Abu Dhabi Breakwater ,176.0,1.0,337.0,607,,0
20.02,53,Stage 1 - Madinat Zayed › Madinat Zayed ,184.0,20.0,1303.0,607,,0
