date,result,name,distance,profile,vert,startlist,points,top3
08.10,16,Il Lombardia (1.UWT) ,253.0,278.0,4852.0,1019,28.0,0
27.09 » 02.10,,CRO Race (2.1) ,,,,208,,0
,3,Mountains classification ,,,,208,,1
,5,Points classification ,,,,208,,0
,2,General classification ,,,,208,70.0,1
02.10,14,Stage 6 - Sveta Nedelja › Zagreb ,158.0,17.0,581.0,208,,0
01.10,1,Stage 5 - Opatija › Labin ,154.0,117.0,2948.0,208,20.0,1
30.09,25,Stage 4 - Biograd na Moru › Crikvenica ,219.0,60.0,2286.0,208,,0
29.09,1,Stage 3 - Sinj › Primošten ,157.0,61.0,1473.0,208,20.0,1
28.09,34,Stage 2 - Otočac › Zadar ,163.0,27.0,1141.0,208,,0
27.09,17,Stage 1 - Osijek › Ludbreg ,223.5,23.0,746.0,208,,0
01.07 » 24.07,,Tour de France (2.UWT) ,,,,1550,,0
,1,Mountains classification ,,,,1550,100.0,1
,7,Points classification ,,,,1550,,0
,1,General classification ,,,,1550,500.0,1
24.07,76,Stage 21 - Paris La Défense › Paris (Champs-Élysées) ,115.6,13.0,748.0,1550,,0
23.07,2,Stage 20 (ITT) - Lacapelle-Marival › Rocamadour ,40.7,39.0,434.0,1550,70.0,1
22.07,13,Stage 19 - Castelnau-Magnoac › Cahors ,188.3,35.0,1316.0,1550,4.0,0
21.07,1,Stage 18 - Lourdes › Hautacam ,143.2,408.0,4036.0,1550,100.0,1
20.07,2,Stage 17 - Saint-Gaudens › Peyragudes ,129.7,324.0,3364.0,1550,70.0,1
19.07,15,Stage 16 - Carcassonne › Foix ,178.5,204.0,3418.0,1550,1.0,0
17.07,23,Stage 15 - Rodez › Carcassonne ,202.5,64.0,2416.0,1550,,0
16.07,24,Stage 14 - Saint-Etienne › Mende ,192.5,170.0,3441.0,1550,,0
15.07,19,Stage 13 - Bourg d'Oisans › Saint-Etienne ,192.6,78.0,2109.0,1550,,0
14.07,6,Stage 12 - Briançon › L'Alpe d'Huez ,165.1,389.0,4660.0,1550,26.0,0
13.07,1,Stage 11 - Albertville › Col du Granon ,151.7,400.0,4070.0,1550,100.0,1
12.07,21,Stage 10 - Morzine › Megève ,148.1,143.0,2733.0,1550,,0
10.07,6,Stage 9 - Aigle › Châtel les portes du Soleil ,192.9,223.0,3743.0,1550,26.0,0
09.07,8,Stage 8 - Dole › Lausanne ,186.3,87.0,2556.0,1550,18.0,0
08.07,2,Stage 7 - Tomblaine › La Super Planche des Belles Filles ,176.3,192.0,2526.0,1550,70.0,1
07.07,6,Stage 6 - Binche › Longwy ,219.9,85.0,2477.0,1550,26.0,0
06.07,16,Stage 5 - Lille › Wallers-Arenberg ,157.0,1.0,601.0,1550,,0
05.07,30,Stage 4 - Dunkerque › Calais ,171.5,63.0,1785.0,1550,,0
03.07,49,Stage 3 - Vejle › Sønderborg ,182.0,16.0,1280.0,1550,,0
02.07,27,Stage 2 - Roskilde › Nyborg ,202.2,11.0,1149.0,1550,,0
01.07,7,Stage 1 (ITT) - Copenhagen › Copenhagen ,13.2,0.0,21.0,1550,22.0,0
05.06 » 12.06,,Critérium du Dauphiné (2.UWT) ,,,,788,,0
,4,Mountains classification ,,,,788,,0
,10,Points classification ,,,,788,,0
,2,General classification ,,,,788,190.0,1
12.06,1,Stage 8 - Saint-Alban-Leysse › Plateau de Salaison ,138.8,375.0,3782.0,788,50.0,1
11.06,3,Stage 7 - Saint-Chaffrey › Vaujany ,134.8,311.0,3828.0,788,18.0,1
10.06,40,Stage 6 - Rives › Gap ,196.5,74.0,2958.0,788,,0
09.06,60,Stage 5 - Thizy-les-Bourgs › Chaintré ,162.3,60.0,1991.0,788,,0
08.06,7,Stage 4 (ITT) - Montbrison › La Bâtie d’Urfé ,31.9,1.0,96.0,788,4.0,0
07.06,27,Stage 3 - Saint-Paulien › Chastreix-Sancy ,169.0,140.0,2707.0,788,,0
06.06,84,Stage 2 - Saint-Péray › Brives-Charensac ,169.8,91.0,2956.0,788,,0
05.06,86,Stage 1 - La Voulte-sur-Rhône › Beauchastel ,191.8,74.0,2473.0,788,,0
24.04,DNF,Liège-Bastogne-Liège (1.UWT) ,257.2,182.0,4342.0,1101,,0
20.04,DNF,La Flèche Wallonne (1.UWT) ,202.1,173.0,3160.0,974,,0
04.04 » 09.04,,Itzulia Basque Country (2.UWT) ,,,,742,,0
,3,Mountains classification ,,,,742,,1
,9,Points classification ,,,,742,,0
,6,General classification ,,,,742,110.0,0
09.04,5,Stage 6 - Eibar › Arrate ,135.7,275.0,3636.0,742,10.0,0
08.04,8,Stage 5 - Zamudio › Mallabia ,163.76,184.0,3485.0,742,3.0,0
07.04,22,Stage 4 - Vitoria-Gasteiz › Zamudio ,185.6,154.0,2703.0,742,,0
06.04,9,Stage 3 - Llodio › Amurrio ,181.7,186.0,3278.0,742,2.0,0
05.04,29,Stage 2 - Leitza › Viana ,207.92,77.0,2625.0,742,,0
04.04,9,Stage 1 (ITT) - Hondarribia › Hondarribia ,7.51,7.0,100.0,742,2.0,0
17.03,76,Grand Prix de Denain - Porte du Hainaut (1.Pro) ,200.3,8.0,1208.0,252,,0
07.03 » 13.03,,Tirreno-Adriatico (2.UWT) ,,,,1061,,0
,3,Mountains classification ,,,,1061,,1
,2,Points classification ,,,,1061,,1
,2,General classification ,,,,1061,190.0,1
13.03,43,Stage 7 - San Benedetto del Tronto › San Benedetto del Tronto ,159.0,19.0,1296.0,1061,,0
12.03,2,Stage 6 - Apecchio › Carpegna ,215.0,266.0,3817.0,1061,30.0,1
11.03,7,Stage 5 - Sefro › Fermo ,155.0,191.0,2402.0,1061,4.0,0
10.03,2,Stage 4 - Cascata delle Marmore › Bellante ,202.0,131.0,3092.0,1061,30.0,1
09.03,26,Stage 3 - Murlo › Terni ,170.0,53.0,2063.0,1061,,0
08.03,76,Stage 2 - Camaiore › Sovicille ,219.0,70.0,2144.0,1061,,0
07.03,27,Stage 1 (ITT) - Lido di Camaiore › Lido di Camaiore ,13.9,0.0,4.0,1061,,0
27.02,1,Drôme Classic (1.Pro) ,191.5,127.0,2371.0,464,125.0,1
26.02,33,Faun-Ardèche Classic (1.Pro) ,168.5,216.0,3161.0,453,,0
