date,result,name,distance,profile,vert,startlist,points,top3
19.08 » 11.09,,La Vuelta ciclista a España (2.UWT) ,,,,970,,0
,2,Youth classification ,,,,970,,1
,37,Mountains classification ,,,,970,,0
,12,Points classification ,,,,970,,0
,3,General classification ,,,,970,240.0,1
11.09,27,Stage 21 - Las Rozas › Madrid ,96.7,10.0,773.0,970,,0
10.09,3,Stage 20 - Moralzarzal › Puerto de Navacerrada ,181.0,216.0,3977.0,970,35.0,1
09.09,39,Stage 19 - Talavera de la Reina › Talavera de la Reina ,138.3,101.0,2278.0,970,,0
08.09,8,Stage 18 - Trujillo › Alto del Piornal ,192.0,214.0,3680.0,970,10.0,0
07.09,16,Stage 17 - Aracena › Monasterio de Tentudía ,162.3,161.0,2755.0,970,,0
06.09,15,Stage 16 - Sanlúcar de Barrameda › Tomares ,189.4,28.0,1076.0,970,1.0,0
04.09,7,Stage 15 - Martos › Sierra Nevada ,152.6,407.0,4033.0,970,12.0,0
03.09,9,Stage 14 - Montoro › Sierra de La Pandera ,160.3,278.0,3312.0,970,8.0,0
02.09,28,Stage 13 - Ronda › Montilla ,168.4,54.0,1766.0,970,,0
01.09,18,Stage 12 - Salobreña › Peñas Blancas. Estepona ,192.7,273.0,3238.0,970,,0
31.08,62,Stage 11 - ElPozo Alimentación › Cabo de Gata ,191.2,38.0,1592.0,970,,0
30.08,17,Stage 10 (ITT) - Elche › Alicante ,30.9,4.0,179.0,970,,0
28.08,6,Stage 9 - Villaviciosa › Les Praeres. Nava ,171.4,242.0,3675.0,970,15.0,0
27.08,13,Stage 8 - La Pola Llaviana/Pola de Laviana › Colláu Fancuaya ,153.4,335.0,3741.0,970,3.0,0
26.08,38,Stage 7 - Camargo › Cistierna ,190.0,112.0,3359.0,970,,0
25.08,4,Stage 6 - Bilbao › Ascensión al Pico Jano. San Miguel de Aguayo ,181.2,294.0,4120.0,970,25.0,0
24.08,79,Stage 5 - Irún › Bilbao ,187.2,162.0,2978.0,970,,0
23.08,37,Stage 4 - Vitoria-Gasteiz › Laguardia ,152.5,133.0,2319.0,970,,0
21.08,61,Stage 3 - Breda › Breda ,193.2,0.0,255.0,970,,0
20.08,49,Stage 2 - 's-Hertogenbosch › Utrecht ,175.1,10.0,518.0,970,,0
19.08,5,Stage 1 (TTT) - Utrecht › Utrecht ,23.3,0.0,31.0,970,1.0,0
31.07,1,Circuito de Getxo - Memorial Hermanos Otxoa (1.1) ,196.5,121.0,2378.0,276,75.0,1
30.07,DNF,Donostia San Sebastian Klasikoa (1.UWT) ,224.8,231.0,4147.0,724,,0
25.07,4,Prueba Villafranca - Ordiziako Klasika (1.1) ,165.7,126.0,2391.0,151,32.0,0
26.06,4,National Championships Spain - Road Race (NC) ,186.1,,,95,4.0,0
24.06,7,National Championships Spain - ITT (NC) ,38.5,,,48,,0
05.06 » 12.06,,Critérium du Dauphiné (2.UWT) ,,74.0,2958.0,788,,0
10.06,DNS,Stage 6 - Rives › Gap ,196.5,74.0,2958.0,788,,0
09.06,47,Stage 5 - Thizy-les-Bourgs › Chaintré ,162.3,60.0,1991.0,788,,0
08.06,10,Stage 4 (ITT) - Montbrison › La Bâtie d’Urfé ,31.9,1.0,96.0,788,1.0,0
07.06,14,Stage 3 - Saint-Paulien › Chastreix-Sancy ,169.0,140.0,2707.0,788,,0
06.06,33,Stage 2 - Saint-Péray › Brives-Charensac ,169.8,91.0,2956.0,788,,0
05.06,54,Stage 1 - La Voulte-sur-Rhône › Beauchastel ,191.8,74.0,2473.0,788,,0
26.04 » 01.05,,Tour de Romandie (2.UWT) ,,,,506,,0
,1,Youth classification ,,,,506,,1
,8,Points classification ,,,,506,,0
,4,General classification ,,,,506,140.0,0
01.05,8,Stage 5 (ITT) - Aigle › Villars ,15.84,172.0,884.0,506,3.0,0
30.04,3,Stage 4 - Aigle › Zinal (Val d'Anniviers) ,180.1,276.0,4158.0,506,18.0,1
29.04,30,Stage 3 - Valbroye › Valbroye ,165.1,107.0,2441.0,506,,0
28.04,38,Stage 2 - Échallens › Échallens ,168.2,83.0,2327.0,506,,0
27.04,8,Stage 1 - La Grande Beroche › Romont ,178.0,115.0,2729.0,506,3.0,0
26.04,10,Prologue - Lausanne › Lausanne ,5.12,0.0,39.0,506,1.0,0
20.04,DNF,La Flèche Wallonne (1.UWT) ,202.1,173.0,3160.0,974,,0
13.04,23,De Brabantse Pijl - La Flèche Brabançonne (1.Pro) ,205.1,71.0,2034.0,534,3.0,0
10.04,DNF,Amstel Gold Race (1.UWT) ,254.1,112.0,3460.0,702,,0
21.03 » 27.03,,Volta Ciclista a Catalunya (2.UWT) ,,,,722,,0
,3,Youth classification ,,,,722,,1
,7,Mountains classification ,,,,722,,0
,9,Points classification ,,,,722,,0
,5,General classification ,,,,722,120.0,0
27.03,4,Stage 7 - Barcelona › Barcelona ,138.6,154.0,2121.0,722,13.0,0
26.03,21,Stage 6 - Salou › Cambrils ,168.6,90.0,2706.0,722,,0
25.03,11,Stage 5 - La Pobla de Segur › Vilanova i la Geltrú ,206.3,57.0,2478.0,722,,0
24.03,6,Stage 4 - La Seu d'Urgell › Boí Taüll ,166.7,221.0,3538.0,722,7.0,0
23.03,2,Stage 3 - Perpignan › La Molina ,161.1,175.0,3394.0,722,30.0,1
22.03,27,Stage 2 - L'Escala › Perpignan ,202.4,57.0,2166.0,722,,0
21.03,19,Stage 1 - Sant Feliu de Guíxols › Sant Feliu de Guíxols ,171.2,58.0,1688.0,722,,0
02.03,2,Trofeo Laigueglia (1.Pro)  54k,202.0,151.0,2973.0,320,85.0,1
27.02,4,Drôme Classic (1.Pro) ,191.5,127.0,2371.0,464,50.0,0
26.02,14,Faun-Ardèche Classic (1.Pro) ,168.5,216.0,3161.0,453,14.0,0
02.02 » 06.02,,Volta a la Comunitat Valenciana (2.Pro) ,,,,610,,0
,4,Youth classification ,,,,610,,0
,35,Points classification ,,,,610,,0
,19,General classification ,,,,610,10.0,0
06.02,31,Stage 5 - Paterna › Valencia ,92.0,12.0,706.0,610,,0
05.02,44,Stage 4 - Orihuela › Torrevieja  ,193.1,19.0,1237.0,610,,0
04.02,32,Stage 3 - Alicante › Antenas del Maigmó ,155.1,286.0,3628.0,610,,0
03.02,16,Stage 2 - Bétera › Torrent ,171.5,83.0,2429.0,610,,0
02.02,13,Stage 1 - Les Alqueries › Torralba del Pinar ,166.7,162.0,3164.0,610,,0
