date,result,name,distance,profile,vert,startlist,points,top3
02.10,9.0,Tour de Vendée (1.1) ,206.9,40.0,1917.0,162,16.0,0
25.09,43.0,Classique Paris-Chauny (1.1) ,203.5,67.0,2225.0,364,,0
18.09,5.0,Grand Prix d'Isbergues - Pas de Calais (1.1) ,197.6,12.0,1150.0,237,28.0,0
14.09,15.0,Grand Prix de Wallonie (1.Pro) ,199.7,93.0,2754.0,362,12.0,0
11.09,7.0,GP de Fourmies / La Voix du Nord (1.Pro) ,197.6,47.0,2111.0,371,35.0,0
04.09,42.0,Tour du Doubs (1.1) ,204.0,104.0,2974.0,314,,0
28.08,74.0,Bretagne Classic - Ouest-France (1.UWT) ,254.8,95.0,3116.0,812,5.0,0
24.08,23.0,Druivenkoers - Overijse (1.1) ,192.0,51.0,1629.0,389,,0
16.08 » 19.08,,Tour du Limousin - Nouvelle Aquitaine (2.1) ,,,,335,,0
,13.0,General classification ,,,,335,8.0,0
19.08,15.0,Stage 4 - Saint-Laurent-sur-Gorre › Limoges ,174.8,84.0,2488.0,335,,0
18.08,14.0,Stage 3 - Donzenac › Malemort  ,181.7,145.0,3016.0,335,,0
17.08,23.0,Stage 2 - Le Grand Périgueux Champcevinel › Ribérac  ,184.7,33.0,1931.0,335,,0
16.08,1.0,Stage 1 - Verneuil-sur-Vienne › La Souterraine  ,176.4,41.0,1984.0,335,20.0,1
14.08,8.0,La Polynormande (1.1) ,168.9,59.0,2156.0,229,18.0,0
10.08,7.0,Circuit Franco-Belge (1.Pro) ,175.2,78.0,2007.0,344,35.0,0
31.07,11.0,Circuito de Getxo - Memorial Hermanos Otxoa (1.1) ,196.5,121.0,2378.0,276,12.0,0
27.07 » 28.07,,Vuelta a Castilla y Leon (2.1) ,,,,141,,0
,11.0,Points classification ,,,,141,,0
,18.0,General classification ,,,,141,3.0,0
28.07,19.0,Stage 2 - Guijuelo › Guijuelo ,189.3,115.0,3105.0,141,,0
27.07,5.0,Stage 1 - Benavente › Morales del Vino ,156.7,50.0,1879.0,141,4.0,0
25.07,63.0,Prueba Villafranca - Ordiziako Klasika (1.1) ,165.7,126.0,2391.0,151,,0
26.06,28.0,National Championships France - Road Race (NC) ,240.0,,,400,,0
16.06 » 19.06,,La Route d'Occitanie - La Dépêche du Midi (2.1) ,,,,298,,0
,13.0,Points classification ,,,,298,,0
,56.0,General classification ,,,,298,,0
19.06,50.0,Stage 4 - Les Angles › Auterive ,188.3,63.0,1939.0,298,,0
18.06,70.0,Stage 3 - Sigean › Les Angles ,188.7,268.0,4503.0,298,,0
17.06,3.0,Stage 2 - Belmont-sur-Rance › Roquefort-sur-Soulzon ,33.6,97.0,2557.0,298,7.0,1
16.06,58.0,Stage 1 - Séméac › L'Isle Jourdain ,174.4,51.0,1708.0,298,,0
14.06,82.0,Mont Ventoux Dénivelé Challenge (1.1) ,154.0,394.0,4521.0,260,,0
26.05 » 29.05,,Boucles de la Mayenne - Crédit Mutuel (2.Pro) ,,,,177,,0
,6.0,Points classification ,,,,177,,0
,4.0,General classification ,,,,177,80.0,0
29.05,8.0,Stage 4 - Martigné-sur-Mayenne › Laval ,180.0,41.0,1918.0,177,1.0,0
28.05,14.0,Stage 3 - Saint-Berthevin › Château-Gontier-sur-Mayenne ,188.0,42.0,1758.0,177,,0
27.05,5.0,Stage 2 - Jublains › Pré-en-Pail-Saint-Samson ,171.0,105.0,2392.0,177,4.0,0
26.05,6.0,Stage 1 - Saint-Pierre-des-Landes › Andouillé ,180.0,49.0,1921.0,177,3.0,0
22.05,8.0,Boucles de l'Aulne - Châteaulin (1.1) ,175.2,86.0,2848.0,133,18.0,0
21.05,1.0,Tour du Finistère (1.1) ,193.3,115.0,2860.0,137,75.0,1
15.05,43.0,Tro-Bro Léon (1.Pro) ,207.8,38.0,1674.0,247,,0
14.05,1.0,Grand Prix du Morbihan (1.Pro) ,185.4,80.0,2471.0,193,125.0,1
03.05 » 08.05,,4 Jours de Dunkerque / Grand Prix des Hauts de France (2.Pro) ,,,,159,,0
,13.0,Points classification ,,,,159,,0
,8.0,General classification ,,,,159,50.0,0
08.05,11.0,Stage 6 - Ardres › Dunkerque ,182.9,8.0,668.0,159,,0
07.05,8.0,Stage 5 - Roubaix › Cassel ,183.7,95.0,2336.0,159,1.0,0
06.05,35.0,Stage 4 - Mazingarbe › Aire-sur-la-Lys ,170.8,15.0,1129.0,159,,0
05.05,3.0,Stage 3 - Péronne › Mont-Saint-Éloi ,170.0,30.0,1573.0,159,12.0,1
04.05,47.0,Stage 2 - Béthune › Maubeuge ,181.5,18.0,1089.0,159,,0
03.05,101.0,Stage 1 - Dunkerque › Aniche ,161.1,7.0,713.0,159,,0
16.04,4.0,Tour du Jura Cycliste (1.1) ,169.8,129.0,2617.0,142,32.0,0
12.04,12.0,Paris - Camembert (1.1) ,213.8,105.0,2779.0,108,10.0,0
10.04,87.0,Amstel Gold Race (1.UWT) ,254.1,112.0,3460.0,702,5.0,0
05.04 » 08.04,,Circuit Cycliste Sarthe - Pays de la Loire (2.1) ,,,,239,,0
,33.0,Points classification ,,,,239,,0
,20.0,General classification ,,,,239,1.0,0
08.04,23.0,Stage 4 - La Chapelle-Saint-Aubin › La Chapelle-Saint-Aubin ,136.4,27.0,1876.0,239,,0
07.04,26.0,Stage 3 - Sablé-sur-Sarthe › Sablé-sur-Sarthe ,176.5,5.0,1077.0,239,,0
06.04,18.0,Stage 2 - Le Lude › Le Lude ,174.7,32.0,1346.0,239,,0
05.04,13.0,Stage 1 - Mamers › Mamers ,192.3,67.0,2651.0,239,,0
01.04,74.0,La Route Adélie de Vitré (1.1) ,176.7,68.0,2578.0,130,,0
19.03,138.0,Milano-Sanremo (1.UWT) ,293.0,63.0,2096.0,936,5.0,0
16.03,23.0,Milano - Torino (1.Pro) ,199.0,21.0,1166.0,405,3.0,0
07.03 » 13.03,,Tirreno-Adriatico (2.UWT) ,,,,1061,,0
,56.0,General classification ,,,,1061,5.0,0
13.03,80.0,Stage 7 - San Benedetto del Tronto › San Benedetto del Tronto ,159.0,19.0,1296.0,1061,,0
12.03,60.0,Stage 6 - Apecchio › Carpegna ,215.0,266.0,3817.0,1061,,0
11.03,92.0,Stage 5 - Sefro › Fermo ,155.0,191.0,2402.0,1061,,0
10.03,43.0,Stage 4 - Cascata delle Marmore › Bellante ,202.0,131.0,3092.0,1061,,0
09.03,33.0,Stage 3 - Murlo › Terni ,170.0,53.0,2063.0,1061,,0
08.03,12.0,Stage 2 - Camaiore › Sovicille ,219.0,70.0,2144.0,1061,,0
07.03,126.0,Stage 1 (ITT) - Lido di Camaiore › Lido di Camaiore ,13.9,0.0,4.0,1061,,0
27.02,17.0,Drôme Classic (1.Pro) ,191.5,127.0,2371.0,464,9.0,0
26.02,82.0,Faun-Ardèche Classic (1.Pro) ,168.5,216.0,3161.0,453,,0
18.02 » 20.02,,Tour des Alpes Maritimes et du Var (2.1) ,,,,292,,0
,35.0,Points classification ,,,,292,,0
,25.0,General classification ,,,,292,,0
20.02,14.0,Stage 3 - Villefranche-sur-Mer › Blausasc ,112.6,178.0,2650.0,292,,0
19.02,34.0,Stage 2 - Puget-Théniers › La Turbie ,149.1,175.0,2663.0,292,,0
18.02,16.0,Stage 1 - Saint-Raphaël  › La Seyne-sur-Mer ,176.3,47.0,1955.0,292,,0
30.01,34.0,Grand Prix Cycliste de Marseille La Marseillaise (1.1) ,174.3,120.0,2921.0,325,,0
