date,result,name,distance,profile,vert,startlist,points,top3
24.09,8.0,World Championships WE - Road Race (WC) ,164.3,125.0,2655.0,1596,90.0,0
07.09 » 11.09,,Ceratizit Challenge by La Vuelta (2.WWT) ,,,,1461,,0
,5.0,Mountains classification ,,,,1461,,0
,9.0,Points classification ,,,,1461,,0
,10.0,General classification ,,,,1461,70.0,0
11.09,19.0,Stage 5 - Madrid › Madrid ,95.7,69.0,1666.0,1461,,0
10.09,9.0,Stage 4 - Palencia › Segovia ,160.4,47.0,1627.0,1461,2.0,0
09.09,8.0,Stage 3 - Camargo › Aguilar de Campoo ,96.4,81.0,1800.0,1461,3.0,0
08.09,6.0,Stage 2 - Colindres › Colindres ,105.9,143.0,2169.0,1461,7.0,0
07.09,7.0,Stage 1 (TTT) - Marina de Cudeyo › Marina de Cudeyo ,19.9,3.0,176.0,1461,0.67,0
27.08,57.0,Classic Lorient Agglomération - Trophée Ceratizit (1.WWT) ,158.4,68.0,1907.0,1083,5.0,0
24.07 » 31.07,,Tour de France Femmes (2.WWT) ,,,,1808,,0
,3.0,Mountains classification ,,,,1808,,1
,7.0,Points classification ,,,,1808,,0
,3.0,General classification ,,,,1808,160.0,1
31.07,4.0,Stage 8 - Lure › La Super Planche des Belles Filles ,123.3,226.0,2466.0,1808,13.0,0
30.07,5.0,Stage 7 - Sélestat › Le Markstein  78k,127.1,229.0,2883.0,1808,10.0,0
29.07,7.0,Stage 6 - Saint-Dié-des-Vosges › Rosheim ,128.6,64.0,1673.0,1808,4.0,0
28.07,16.0,Stage 5 - Bar-le-Duc › Saint-Dié-des-Vosges ,175.6,26.0,1572.0,1808,,0
27.07,16.0,Stage 4 - Troyes › Bar-Sur-Aube ,126.8,69.0,1415.0,1808,,0
26.07,6.0,Stage 3 - Reims › Épernay ,133.6,70.0,1418.0,1808,7.0,0
25.07,3.0,Stage 2 - Meaux › Provins ,136.4,15.0,894.0,1808,18.0,1
24.07,18.0,Stage 1 - Paris (Tour Eiffel) › Paris (Champs-Élysées) ,81.7,3.0,357.0,1808,,0
06.06 » 11.06,,Women's Tour (2.WWT) ,,,,939,,0
,2.0,Mountains classification ,,,,939,,1
,5.0,Points classification ,,,,939,,0
,3.0,General classification ,,,,939,160.0,1
11.06,20.0,Stage 6 - Chipping Norton › Oxford ,142.9,13.0,905.0,939,,0
10.06,2.0,Stage 5 - Pembrey Country Park › Black Mountain ,106.6,101.0,1803.0,939,30.0,1
09.06,2.0,Stage 4 - Wrexham › Welshpool ,144.7,63.0,1842.0,939,30.0,1
08.06,29.0,Stage 3 - Tewkesbury › Gloucester ,107.9,58.0,1314.0,939,,0
07.06,19.0,Stage 2 - Harlow › Harlow ,92.1,13.0,736.0,939,,0
06.06,32.0,Stage 1 - Colchester  › Bury St Edmunds ,142.1,9.0,920.0,939,,0
27.05 » 29.05,,RideLondon Classique (2.WWT) ,,,,990,,0
,7.0,Mountains classification ,,,,990,,0
,19.0,General classification ,,,,990,24.0,0
29.05,32.0,Stage 3 - London › London ,85.3,35.0,983.0,990,,0
28.05,37.0,Stage 2 - Chelmsford › Epping ,141.7,34.0,1313.0,990,,0
27.05,19.0,Stage 1 - Maldon › Maldon ,136.5,15.0,914.0,990,,0
19.05 » 22.05,,Vuelta a Burgos Feminas (2.WWT) ,,,,1016,,0
,8.0,Mountains classification ,,,,1016,,0
,13.0,Points classification ,,,,1016,,0
,11.0,General classification ,,,,1016,60.0,0
22.05,11.0,Stage 4 - Covarrubias › Lagunas de Neila ,125.1,183.0,2283.0,1016,,0
21.05,5.0,Stage 3 - Medina de Pomar › Ojo Guareña ,113.4,44.0,1181.0,1016,10.0,0
20.05,14.0,Stage 2 - Sasamón › Aguilar de Campoo ,128.0,38.0,1256.0,1016,,0
19.05,28.0,Stage 1 - Pedrosa del Príncipe › Aranda de Duero ,121.9,26.0,1178.0,1016,,0
17.05,12.0,Durango - Durango Emakumeen Saria (1.1) ,113.0,101.0,1409.0,492,10.0,0
24.04,9.0,Liège-Bastogne-Liège Femmes (1.WWT) ,142.1,136.0,2257.0,1162,46.0,0
20.04,12.0,La Flèche Wallonne Féminine (1.WWT) ,133.4,155.0,2099.0,1110,34.0,0
13.04,2.0,De Brabantse Pijl - La Flèche Brabançonne (1.Pro) ,141.2,69.0,1556.0,965,85.0,1
10.04,5.0,Amstel Gold Race Ladies Edition (1.WWT) ,128.5,86.0,1593.0,1247,80.0,0
03.04,8.0,Ronde van Vlaanderen - Tour des Flandres WE (1.WWT) ,158.6,54.0,1454.0,1553,50.0,0
27.03,31.0,Gent-Wevelgem In Flanders Fields WE (1.WWT) ,159.0,31.0,813.0,1331,5.0,0
05.03,4.0,Strade Bianche Donne (1.WWT) ,136.0,111.0,1944.0,1222,90.0,0
26.02,41.0,Omloop Het Nieuwsblad WE (1.Pro) ,128.4,43.0,1028.0,1186,,0
17.02 » 20.02,,Setmana Valenciana-Volta Comunitat Valenciana Fémines (2.1) ,,,,1138,,0
,7.0,Mountains classification ,,,,1138,,0
,6.0,General classification ,,,,1138,24.0,0
20.02,22.0,Stage 4 - Sagunt › Valencia ,118.0,27.0,1076.0,1138,,0
19.02,10.0,Stage 3 - Vila-Real › Vistabella del Maestrat ,135.0,160.0,2872.0,1138,,0
18.02,36.0,Stage 2 - Altea › Cocentaina ,117.0,81.0,2260.0,1138,,0
17.02,12.0,Stage 1 - Tavernes de la Valldigna › Gandia ,114.0,63.0,1328.0,1138,,0
