date,result,name,distance,profile,vert,startlist,points,top3
08.10,DNF,Il Lombardia (1.UWT) ,253.0,278.0,4852.0,1019,,0
04.10,DNF,Tre Valli Varesine (1.Pro) ,196.3,152.0,3464.0,922,,0
01.10,18,Giro dell'Emilia (1.Pro) ,198.7,266.0,3021.0,728,8.0,0
25.09,13,World Championships ME - Road Race (WC)  67k,266.9,160.0,4167.0,1053,55.0,0
15.09,11,Coppa Sabatini - Gran Premio città di Peccioli (1.Pro) ,198.9,113.0,2519.0,319,20.0,0
14.09,2,Giro della Toscana - Memorial Alfredo Martini (1.1) ,199.2,129.0,2298.0,227,55.0,1
16.08 » 19.08,,Tour du Limousin - Nouvelle Aquitaine (2.1) ,,,,335,,0
,3,Mountains classification ,,,,335,,1
,5,General classification ,,,,335,28.0,0
19.08,19,Stage 4 - Saint-Laurent-sur-Gorre › Limoges ,174.8,84.0,2488.0,335,,0
18.08,6,Stage 3 - Donzenac › Malemort  ,181.7,145.0,3016.0,335,3.0,0
17.08,56,Stage 2 - Le Grand Périgueux Champcevinel › Ribérac  ,184.7,33.0,1931.0,335,,0
16.08,37,Stage 1 - Verneuil-sur-Vienne › La Souterraine  ,176.4,41.0,1984.0,335,,0
14.08,2,La Polynormande (1.1) ,168.9,59.0,2156.0,229,55.0,1
04.08 » 07.08,,Sazka Tour (2.1) ,,,,124,,0
,14,Mountains classification ,,,,124,,0
,1,Points classification ,,,,124,,1
,1,General classification ,,,,124,100.0,1
07.08,3,Stage 4 - Šumperk › Šternberk ,179.9,142.0,3304.0,124,7.0,1
06.08,6,Stage 3 - Moravská Třebová › Dlouhé Stráně ,148.7,287.0,3043.0,124,3.0,0
05.08,1,Stage 2 - Olomouc › Pustevny ,189.3,154.0,2998.0,124,20.0,1
04.08,56,Stage 1 - Uničov › Prostějov ,196.2,29.0,1789.0,124,,0
30.07,10,Donostia San Sebastian Klasikoa (1.UWT) ,224.8,231.0,4147.0,724,42.0,0
23.07 » 27.07,,Ethias-Tour de Wallonie (2.Pro) ,,,,378,,0
,25,Mountains classification ,,,,378,,0
,14,Points classification ,,,,378,,0
,4,General classification ,,,,378,80.0,0
27.07,20,Stage 5 - Le Roeulx › Chapelle-lez-Herlaimont ,214.8,29.0,1703.0,378,,0
26.07,25,Stage 4 - Durbuy › Couvin ,200.8,136.0,3289.0,378,,0
25.07,45,Stage 3 - Visé › Rochefort ,195.6,95.0,2850.0,378,,0
24.07,6,Stage 2 - Verviers › Herve ,176.8,121.0,2748.0,378,3.0,0
23.07,6,Stage 1 - Temploux › Huy ,174.4,98.0,2257.0,378,3.0,0
26.06,2,National Championships Italy - Road Race (NC) ,237.1,,,202,10.0,1
15.06 » 19.06,,Baloise Belgium Tour (2.Pro) ,,,,384,,0
,7,Points classification ,,,,384,,0
,4,General classification ,,,,384,80.0,0
19.06,50,Stage 5 - Gingelom › Beringen ,179.9,1.0,685.0,384,,0
18.06,4,Stage 4 - Durbuy › Durbuy  81k,172.2,182.0,3326.0,384,7.0,0
17.06,34,Stage 3 (ITT) - Scherpenheuvel-Zichem › Scherpenheuvel-Zichem ,11.8,0.0,49.0,384,,0
16.06,37,Stage 2 - Beveren › Knokke-Heist ,175.6,0.0,181.0,384,,0
15.06,6,Stage 1 - Merelbeke › Maarkedal ,165.0,59.0,1798.0,384,3.0,0
10.06,4,Grosser Preis des Kantons Aargau (1.1) ,173.8,136.0,2902.0,338,32.0,0
02.06,DNF,Giro dell'Appennino (1.1) ,191.7,180.0,3054.0,92,,0
06.05 » 29.05,,Giro d'Italia (2.UWT) ,,,,816,,0
,28,Mountains classification ,,,,816,,0
,39,Points classification ,,,,816,,0
,32,General classification ,,,,816,20.0,0
29.05,36,Stage 21 (ITT) - Verona › Verona ,17.4,30.0,317.0,816,,0
28.05,47,Stage 20 - Belluno › Marmolada (Passo Fedaia) ,168.0,392.0,4718.0,816,,0
27.05,48,Stage 19 - Marano Lagunare › Santuario di Castelmonte ,178.0,262.0,3489.0,816,,0
26.05,35,Stage 18 - Borgo Valsugana › Treviso ,156.0,34.0,1219.0,816,,0
25.05,51,Stage 17 - Ponte di Legno › Lavarone ,168.0,347.0,3950.0,816,,0
24.05,58,Stage 16 - Salò › Aprica  97k,202.0,376.0,5268.0,816,,0
22.05,40,Stage 15 - Rivarolo Canavese › Cogne ,177.0,301.0,4019.0,816,,0
21.05,23,Stage 14 - Santena › Torino ,147.0,247.0,3167.0,816,,0
20.05,31,Stage 13 - Sanremo › Cuneo ,150.0,51.0,1817.0,816,,0
19.05,2,Stage 12 - Parma › Genova  137k,204.0,112.0,2867.0,816,50.0,1
18.05,74,Stage 11 - Santarcangelo di Romagna › Reggio Emilia ,203.0,0.0,369.0,816,,0
17.05,30,Stage 10 - Pescara › Jesi ,196.0,86.0,1764.0,816,,0
15.05,32,Stage 9 - Isernia › Blockhaus ,191.0,458.0,5080.0,816,,0
14.05,21,Stage 8 - Napoli › Napoli ,153.0,123.0,2243.0,816,,0
13.05,101,Stage 7 - Diamante › Potenza ,196.0,246.0,4730.0,816,,0
12.05,93,Stage 6 - Palmi › Scalea ,192.0,49.0,1498.0,816,,0
11.05,39,Stage 5 - Catania › Messina ,174.0,31.0,1968.0,816,,0
10.05,68,Stage 4 - Avola › Etna ,172.0,251.0,3626.0,816,,0
08.05,146,Stage 3 - Kaposvár › Balatonfüred ,201.0,7.0,1150.0,816,,0
07.05,88,Stage 2 (ITT) - Budapest › Budapest ,9.2,8.0,81.0,816,,0
06.05,50,Stage 1 - Budapest › Visegrád ,195.0,51.0,1390.0,816,,0
27.03,DNS,GP Industria  (1.Pro) ,192.2,93.0,2259.0,133,,0
19.03,19,Milano-Sanremo (1.UWT) ,293.0,63.0,2096.0,936,22.0,0
16.03,85,Milano - Torino (1.Pro) ,199.0,21.0,1166.0,405,,0
07.03 » 13.03,,Tirreno-Adriatico (2.UWT) ,,,,1061,,0
,24,General classification ,,,,1061,12.0,0
13.03,44,Stage 7 - San Benedetto del Tronto › San Benedetto del Tronto ,159.0,19.0,1296.0,1061,,0
12.03,30,Stage 6 - Apecchio › Carpegna ,215.0,266.0,3817.0,1061,,0
11.03,23,Stage 5 - Sefro › Fermo ,155.0,191.0,2402.0,1061,,0
10.03,24,Stage 4 - Cascata delle Marmore › Bellante ,202.0,131.0,3092.0,1061,,0
09.03,66,Stage 3 - Murlo › Terni ,170.0,53.0,2063.0,1061,,0
08.03,70,Stage 2 - Camaiore › Sovicille ,219.0,70.0,2144.0,1061,,0
07.03,77,Stage 1 (ITT) - Lido di Camaiore › Lido di Camaiore ,13.9,0.0,4.0,1061,,0
05.03,13,Strade Bianche (1.UWT) ,184.0,167.0,3107.0,662,30.0,0
02.03,4,Trofeo Laigueglia (1.Pro) ,202.0,151.0,2973.0,320,50.0,0
27.02,18,Drôme Classic (1.Pro) ,191.5,127.0,2371.0,464,8.0,0
26.02,15,Faun-Ardèche Classic (1.Pro) ,168.5,216.0,3161.0,453,12.0,0
