date,result,name,distance,profile,vert,startlist,points,top3
19.08 » 11.09,,La Vuelta ciclista a España (2.UWT) ,,,,970,,0
,11,Mountains classification ,,,,970,,0
,16,Points classification ,,,,970,,0
,11,General classification ,,,,970,140.0,0
11.09,110,Stage 21 - Las Rozas › Madrid ,96.7,10.0,773.0,970,,0
10.09,7,Stage 20 - Moralzarzal › Puerto de Navacerrada  135k,181.0,216.0,3977.0,970,12.0,0
09.09,44,Stage 19 - Talavera de la Reina › Talavera de la Reina ,138.3,101.0,2278.0,970,,0
08.09,14,Stage 18 - Trujillo › Alto del Piornal ,192.0,214.0,3680.0,970,2.0,0
07.09,23,Stage 17 - Aracena › Monasterio de Tentudía ,162.3,161.0,2755.0,970,,0
06.09,29,Stage 16 - Sanlúcar de Barrameda › Tomares ,189.4,28.0,1076.0,970,,0
04.09,9,Stage 15 - Martos › Sierra Nevada  127k,152.6,407.0,4033.0,970,8.0,0
03.09,12,Stage 14 - Montoro › Sierra de La Pandera ,160.3,278.0,3312.0,970,4.0,0
02.09,37,Stage 13 - Ronda › Montilla ,168.4,54.0,1766.0,970,,0
01.09,34,Stage 12 - Salobreña › Peñas Blancas. Estepona ,192.7,273.0,3238.0,970,,0
31.08,64,Stage 11 - ElPozo Alimentación › Cabo de Gata ,191.2,38.0,1592.0,970,,0
30.08,26,Stage 10 (ITT) - Elche › Alicante ,30.9,4.0,179.0,970,,0
28.08,1,Stage 9 - Villaviciosa › Les Praeres. Nava  127k,171.4,242.0,3675.0,970,80.0,1
27.08,41,Stage 8 - La Pola Llaviana/Pola de Laviana › Colláu Fancuaya ,153.4,335.0,3741.0,970,,0
26.08,53,Stage 7 - Camargo › Cistierna ,190.0,112.0,3359.0,970,,0
25.08,27,Stage 6 - Bilbao › Ascensión al Pico Jano. San Miguel de Aguayo ,181.2,294.0,4120.0,970,,0
24.08,52,Stage 5 - Irún › Bilbao ,187.2,162.0,2978.0,970,,0
23.08,30,Stage 4 - Vitoria-Gasteiz › Laguardia ,152.5,133.0,2319.0,970,,0
21.08,68,Stage 3 - Breda › Breda ,193.2,0.0,255.0,970,,0
20.08,143,Stage 2 - 's-Hertogenbosch › Utrecht ,175.1,10.0,518.0,970,,0
19.08,19,Stage 1 (TTT) - Utrecht › Utrecht ,23.3,0.0,31.0,970,,0
01.07 » 24.07,,Tour de France (2.UWT) ,,,,1550,,0
,7,Mountains classification ,,,,1550,,0
,40,Points classification ,,,,1550,,0
,7,General classification ,,,,1550,240.0,0
24.07,62,Stage 21 - Paris La Défense › Paris (Champs-Élysées) ,115.6,13.0,748.0,1550,,0
23.07,70,Stage 20 (ITT) - Lacapelle-Marival › Rocamadour ,40.7,39.0,434.0,1550,,0
22.07,21,Stage 19 - Castelnau-Magnoac › Cahors ,188.3,35.0,1316.0,1550,,0
21.07,11,Stage 18 - Lourdes › Hautacam ,143.2,408.0,4036.0,1550,8.0,0
20.07,9,Stage 17 - Saint-Gaudens › Peyragudes ,129.7,324.0,3364.0,1550,14.0,0
19.07,24,Stage 16 - Carcassonne › Foix ,178.5,204.0,3418.0,1550,,0
17.07,29,Stage 15 - Rodez › Carcassonne ,202.5,64.0,2416.0,1550,,0
16.07,10,Stage 14 - Saint-Etienne › Mende  152k,192.5,170.0,3441.0,1550,10.0,0
15.07,44,Stage 13 - Bourg d'Oisans › Saint-Etienne ,192.6,78.0,2109.0,1550,,0
14.07,2,Stage 12 - Briançon › L'Alpe d'Huez  141k,165.1,389.0,4660.0,1550,70.0,1
13.07,20,Stage 11 - Albertville › Col du Granon ,151.7,400.0,4070.0,1550,,0
12.07,33,Stage 10 - Morzine › Megève ,148.1,143.0,2733.0,1550,,0
10.07,22,Stage 9 - Aigle › Châtel les portes du Soleil ,192.9,223.0,3743.0,1550,,0
09.07,26,Stage 8 - Dole › Lausanne ,186.3,87.0,2556.0,1550,,0
08.07,15,Stage 7 - Tomblaine › La Super Planche des Belles Filles ,176.3,192.0,2526.0,1550,1.0,0
07.07,28,Stage 6 - Binche › Longwy ,219.9,85.0,2477.0,1550,,0
06.07,82,Stage 5 - Lille › Wallers-Arenberg ,157.0,1.0,601.0,1550,,0
05.07,66,Stage 4 - Dunkerque › Calais ,171.5,63.0,1785.0,1550,,0
03.07,101,Stage 3 - Vejle › Sønderborg ,182.0,16.0,1280.0,1550,,0
02.07,93,Stage 2 - Roskilde › Nyborg ,202.2,11.0,1149.0,1550,,0
01.07,24,Stage 1 (ITT) - Copenhagen › Copenhagen ,13.2,0.0,21.0,1550,,0
05.06 » 12.06,,Critérium du Dauphiné (2.UWT) ,,,,788,,0
,26,Mountains classification ,,,,788,,0
,35,Points classification ,,,,788,,0
,6,General classification ,,,,788,110.0,0
12.06,7,Stage 8 - Saint-Alban-Leysse › Plateau de Salaison ,138.8,375.0,3782.0,788,4.0,0
11.06,8,Stage 7 - Saint-Chaffrey › Vaujany ,134.8,311.0,3828.0,788,3.0,0
10.06,51,Stage 6 - Rives › Gap ,196.5,74.0,2958.0,788,,0
09.06,34,Stage 5 - Thizy-les-Bourgs › Chaintré ,162.3,60.0,1991.0,788,,0
08.06,35,Stage 4 (ITT) - Montbrison › La Bâtie d’Urfé ,31.9,1.0,96.0,788,,0
07.06,25,Stage 3 - Saint-Paulien › Chastreix-Sancy ,169.0,140.0,2707.0,788,,0
06.06,50,Stage 2 - Saint-Péray › Brives-Charensac ,169.8,91.0,2956.0,788,,0
05.06,100,Stage 1 - La Voulte-sur-Rhône › Beauchastel ,191.8,74.0,2473.0,788,,0
02.06,1,Giro dell'Appennino (1.1) ,191.7,180.0,3054.0,92,75.0,1
31.05,6,Mercan'Tour Classic Alpes-Maritimes (1.1) ,167.9,350.0,4739.0,247,24.0,0
26.04 » 01.05,,Tour de Romandie (2.UWT) ,,,,506,,0
,32,General classification ,,,,506,5.0,0
01.05,43,Stage 5 (ITT) - Aigle › Villars ,15.84,172.0,884.0,506,,0
30.04,29,Stage 4 - Aigle › Zinal (Val d'Anniviers) ,180.1,276.0,4158.0,506,,0
29.04,48,Stage 3 - Valbroye › Valbroye ,165.1,107.0,2441.0,506,,0
28.04,61,Stage 2 - Échallens › Échallens ,168.2,83.0,2327.0,506,,0
27.04,52,Stage 1 - La Grande Beroche › Romont ,178.0,115.0,2729.0,506,,0
26.04,78,Prologue - Lausanne › Lausanne ,5.12,0.0,39.0,506,,0
12.04 » 15.04,,Giro di Sicilia - Tour of Sicily (2.1) ,,,,104,,0
,5,Mountains classification ,,,,104,,0
,12,Points classification ,,,,104,,0
,3,General classification ,,,,104,50.0,1
15.04,2,Stage 4 - Ragalna › Etna ,140.0,313.0,3562.0,104,12.0,1
14.04,33,Stage 3 - Realmonte › Piazza Armerina ,171.0,125.0,2813.0,104,,0
13.04,14,Stage 2 - Palma di Montechiaro › Caltanissetta ,152.0,117.0,2433.0,104,,0
12.04,47,Stage 1 - Milazzo › Bagheria ,199.0,38.0,1629.0,104,,0
21.03 » 27.03,,Volta Ciclista a Catalunya (2.UWT) ,,,,722,,0
,46,General classification ,,,,722,5.0,0
27.03,60,Stage 7 - Barcelona › Barcelona  66k,138.6,154.0,2121.0,722,,0
26.03,97,Stage 6 - Salou › Cambrils ,168.6,90.0,2706.0,722,,0
25.03,29,Stage 5 - La Pobla de Segur › Vilanova i la Geltrú ,206.3,57.0,2478.0,722,,0
24.03,27,Stage 4 - La Seu d'Urgell › Boí Taüll ,166.7,221.0,3538.0,722,,0
23.03,32,Stage 3 - Perpignan › La Molina ,161.1,175.0,3394.0,722,,0
22.03,92,Stage 2 - L'Escala › Perpignan ,202.4,57.0,2166.0,722,,0
21.03,56,Stage 1 - Sant Feliu de Guíxols › Sant Feliu de Guíxols ,171.2,58.0,1688.0,722,,0
20.02 » 26.02,,UAE Tour (2.UWT) ,,,,607,,0
,17,General classification ,,,,607,32.0,0
26.02,19,Stage 7 - Al Ain › Jebel Hafeet ,148.0,133.0,1364.0,607,,0
25.02,60,Stage 6 - Expo 2020 Dubai › Expo 2020 Dubai  ,180.0,0.0,388.0,607,,0
24.02,56,Stage 5 - Ras al Khaimah Corniche › Al Marjan Island  ,182.0,2.0,544.0,607,,0
23.02,19,Stage 4 - Fujairah Fort › Jebel Jais ,181.0,188.0,2646.0,607,,0
22.02,78,Stage 3 (ITT) - Ajman › Ajman ,9.0,0.0,9.0,607,,0
21.02,87,Stage 2 - Hudayriyat Island › Abu Dhabi Breakwater ,176.0,1.0,337.0,607,,0
20.02,85,Stage 1 - Madinat Zayed › Madinat Zayed ,184.0,20.0,1303.0,607,,0
26.01,DNS,Trofeo Calvia (1.1) ,154.7,154.0,3211.0,305,,0
