date,result,name,distance,profile,vert,startlist,points,top3
09.10,5,Paris - Tours Elite (1.Pro)  50k,213.5,33.0,1242.0,579,45.0,0
06.10,6,Paris - Bourges (1.1) ,198.0,55.0,1988.0,469,24.0,0
02.10,3,Tour de Vendée (1.1) ,206.9,40.0,1917.0,162,40.0,1
25.09,8,Classique Paris-Chauny (1.1) ,203.5,67.0,2225.0,364,18.0,0
18.09,4,Grand Prix d'Isbergues - Pas de Calais (1.1) ,197.6,12.0,1150.0,237,32.0,0
17.09,16,Primus Classic (1.Pro) ,199.3,51.0,1937.0,442,10.0,0
16.09,4,Kampioenschap van Vlaanderen (1.1) ,195.3,0.0,697.0,226,32.0,0
14.09,27,Grand Prix de Wallonie (1.Pro) ,199.7,93.0,2754.0,362,,0
11.09,10,GP de Fourmies / La Voix du Nord (1.Pro) ,197.6,47.0,2111.0,371,22.0,0
28.08,68,Bretagne Classic - Ouest-France (1.UWT) ,254.8,95.0,3116.0,812,5.0,0
23.08 » 26.08,,Tour Poitou - Charentes en Nouvelle Aquitaine (2.1) ,,,,182,,0
,11,Points classification ,,,,182,,0
,40,General classification ,,,,182,,0
26.08,9,Stage 5 - Mansle › Poitiers ,185.1,27.0,1368.0,182,,0
25.08,82,Stage 4 (ITT) - Smarves › Vivonne ,21.4,5.0,167.0,182,,0
25.08,36,Stage 3 - Nieuil-l'Espoir › Vivonne ,90.7,14.0,600.0,182,,0
24.08,6,Stage 2 - Périgny › Vars ,195.5,19.0,1240.0,182,3.0,0
23.08,13,Stage 1 - Chauray › Périgny ,193.1,4.0,1019.0,182,,0
14.08,117,European Continental Championships - Road Race (CC) ,207.9,23.0,1331.0,455,,0
10.08,DNF,Circuit Franco-Belge (1.Pro) ,175.2,78.0,2007.0,344,,0
07.08,61,Tour of Leuven - Memorial Jef Scherens (1.1) ,199.3,41.0,1911.0,265,,0
01.07 » 24.07,,Tour de France (2.UWT) ,,,,1550,,0
,20,Youth classification ,,,,1550,,0
,29,Points classification ,,,,1550,,0
,102,General classification ,,,,1550,25.0,0
24.07,11,Stage 21 - Paris La Défense › Paris (Champs-Élysées) ,115.6,13.0,748.0,1550,8.0,0
23.07,133,Stage 20 (ITT) - Lacapelle-Marival › Rocamadour ,40.7,39.0,434.0,1550,,0
22.07,93,Stage 19 - Castelnau-Magnoac › Cahors ,188.3,35.0,1316.0,1550,,0
21.07,112,Stage 18 - Lourdes › Hautacam ,143.2,408.0,4036.0,1550,,0
20.07,110,Stage 17 - Saint-Gaudens › Peyragudes ,129.7,324.0,3364.0,1550,,0
19.07,125,Stage 16 - Carcassonne › Foix ,178.5,204.0,3418.0,1550,,0
17.07,8,Stage 15 - Rodez › Carcassonne ,202.5,64.0,2416.0,1550,18.0,0
16.07,142,Stage 14 - Saint-Etienne › Mende ,192.5,170.0,3441.0,1550,,0
15.07,9,Stage 13 - Bourg d'Oisans › Saint-Etienne ,192.6,78.0,2109.0,1550,14.0,0
14.07,144,Stage 12 - Briançon › L'Alpe d'Huez ,165.1,389.0,4660.0,1550,,0
13.07,132,Stage 11 - Albertville › Col du Granon ,151.7,400.0,4070.0,1550,,0
12.07,117,Stage 10 - Morzine › Megève ,148.1,143.0,2733.0,1550,,0
10.07,127,Stage 9 - Aigle › Châtel les portes du Soleil ,192.9,223.0,3743.0,1550,,0
09.07,138,Stage 8 - Dole › Lausanne ,186.3,87.0,2556.0,1550,,0
08.07,146,Stage 7 - Tomblaine › La Super Planche des Belles Filles ,176.3,192.0,2526.0,1550,,0
07.07,116,Stage 6 - Binche › Longwy ,219.9,85.0,2477.0,1550,,0
06.07,10,Stage 5 - Lille › Wallers-Arenberg ,157.0,1.0,601.0,1550,10.0,0
05.07,6,Stage 4 - Dunkerque › Calais ,171.5,63.0,1785.0,1550,26.0,0
03.07,54,Stage 3 - Vejle › Sønderborg ,182.0,16.0,1280.0,1550,,0
02.07,9,Stage 2 - Roskilde › Nyborg ,202.2,11.0,1149.0,1550,14.0,0
01.07,174,Stage 1 (ITT) - Copenhagen › Copenhagen ,13.2,0.0,21.0,1550,,0
26.06,46,National Championships Italy - Road Race (NC) ,237.1,,,202,,0
05.06 » 12.06,,Critérium du Dauphiné (2.UWT) ,,311.0,3828.0,788,,0
11.06,DNF,Stage 7 - Saint-Chaffrey › Vaujany ,134.8,311.0,3828.0,788,,0
10.06,12,Stage 6 - Rives › Gap ,196.5,74.0,2958.0,788,,0
09.06,16,Stage 5 - Thizy-les-Bourgs › Chaintré ,162.3,60.0,1991.0,788,,0
08.06,141,Stage 4 (ITT) - Montbrison › La Bâtie d’Urfé ,31.9,1.0,96.0,788,,0
07.06,114,Stage 3 - Saint-Paulien › Chastreix-Sancy ,169.0,140.0,2707.0,788,,0
06.06,144,Stage 2 - Saint-Péray › Brives-Charensac ,169.8,91.0,2956.0,788,,0
05.06,129,Stage 1 - La Voulte-sur-Rhône › Beauchastel ,191.8,74.0,2473.0,788,,0
29.05,2,Marcel Kint Classic (1.1) ,199.0,40.0,1599.0,143,55.0,1
26.05,16,Circuit de Wallonie (1.1) ,192.2,58.0,2030.0,130,5.0,0
15.05,2,Tro-Bro Léon (1.Pro) ,207.8,38.0,1674.0,247,85.0,1
14.05,5,Grand Prix du Morbihan (1.Pro) ,185.4,80.0,2471.0,193,45.0,0
17.04,83,Paris-Roubaix (1.UWT) ,257.2,5.0,1362.0,752,5.0,0
12.04,8,Paris - Camembert (1.1) ,213.8,105.0,2779.0,108,18.0,0
06.04,18,Scheldeprijs (1.Pro) ,198.7,1.0,385.0,331,8.0,0
03.04,25,Ronde van Vlaanderen - Tour des Flandres ME (1.UWT)  205k,272.5,79.0,2289.0,759,15.0,0
30.03,44,Dwars door Vlaanderen - A travers la Flandre ME (1.UWT) ,183.7,50.0,1649.0,647,5.0,0
27.03,74,Gent-Wevelgem in Flanders Fields ME (1.UWT) ,248.8,35.0,1377.0,838,5.0,0
23.03,23,Minerva Classic Brugge-De Panne (1.UWT) ,207.9,0.0,246.0,459,12.0,0
18.03,8,Bredene Koksijde Classic (1.Pro) ,200.9,10.0,696.0,230,30.0,0
17.03,27,Grand Prix de Denain - Porte du Hainaut (1.Pro) ,200.3,8.0,1208.0,252,,0
06.03 » 13.03,,Paris - Nice (2.UWT) ,,184.0,2436.0,1183,,0
13.03,DNF,Stage 8 - Nice › Nice ,115.6,184.0,2436.0,1183,,0
12.03,87,Stage 7 - Nice › Col de Turini ,155.2,303.0,3582.0,1183,,0
11.03,10,Stage 6 - Courthézon › Aubagne ,213.6,97.0,2878.0,1183,1.0,0
10.03,111,Stage 5 - Saint-Just-Saint-Rambert › Saint-Sauveur-de-Montagut ,188.8,188.0,3408.0,1183,,0
09.03,117,Stage 4 (ITT) - Domérat › Montluçon ,13.4,18.0,188.0,1183,,0
08.03,63,Stage 3 - Vierzon › Dun-le-Palestel ,190.8,63.0,1929.0,1183,,0
07.03,7,Stage 2 - Auffargis › Orléans ,159.2,8.0,707.0,1183,4.0,0
06.03,69,Stage 1 - Mantes-la-Ville › Mantes-la-Ville ,159.8,56.0,1723.0,1183,,0
01.03,14,Le Samyn (1.1) ,209.0,10.0,1541.0,298,7.0,0
27.02,130,Kuurne - Bruxelles - Kuurne (1.Pro) ,195.1,45.0,1829.0,718,,0
26.02,26,Omloop Het Nieuwsblad ME (1.UWT) ,204.2,49.0,1666.0,749,9.0,0
02.02 » 06.02,,Volta a la Comunitat Valenciana (2.Pro) ,,,,610,,0
,24,Youth classification ,,,,610,,0
,15,Points classification ,,,,610,,0
,91,General classification ,,,,610,,0
06.02,11,Stage 5 - Paterna › Valencia ,92.0,12.0,706.0,610,,0
05.02,10,Stage 4 - Orihuela › Torrevieja  ,193.1,19.0,1237.0,610,,0
04.02,109,Stage 3 - Alicante › Antenas del Maigmó ,155.1,286.0,3628.0,610,,0
03.02,6,Stage 2 - Bétera › Torrent ,171.5,83.0,2429.0,610,3.0,0
02.02,125,Stage 1 - Les Alqueries › Torralba del Pinar ,166.7,162.0,3164.0,610,,0
