date,result,name,distance,profile,vert,startlist,points,top3
19.08 » 11.09,,La Vuelta ciclista a España (2.UWT) ,,,,970,,0
,1,Points classification ,,,,970,80.0,1
,102,General classification ,,,,970,20.0,0
11.09,2,Stage 21 - Las Rozas › Madrid ,96.7,10.0,773.0,970,50.0,1
10.09,121,Stage 20 - Moralzarzal › Puerto de Navacerrada ,181.0,216.0,3977.0,970,,0
09.09,1,Stage 19 - Talavera de la Reina › Talavera de la Reina ,138.3,101.0,2278.0,970,80.0,1
08.09,133,Stage 18 - Trujillo › Alto del Piornal ,192.0,214.0,3680.0,970,,0
07.09,128,Stage 17 - Aracena › Monasterio de Tentudía ,162.3,161.0,2755.0,970,,0
06.09,1,Stage 16 - Sanlúcar de Barrameda › Tomares ,189.4,28.0,1076.0,970,80.0,1
04.09,141,Stage 15 - Martos › Sierra Nevada  100k,152.6,407.0,4033.0,970,,0
03.09,133,Stage 14 - Montoro › Sierra de La Pandera  70k,160.3,278.0,3312.0,970,,0
02.09,1,Stage 13 - Ronda › Montilla ,168.4,54.0,1766.0,970,80.0,1
01.09,143,Stage 12 - Salobreña › Peñas Blancas. Estepona ,192.7,273.0,3238.0,970,,0
31.08,5,Stage 11 - ElPozo Alimentación › Cabo de Gata ,191.2,38.0,1592.0,970,18.0,0
30.08,33,Stage 10 (ITT) - Elche › Alicante ,30.9,4.0,179.0,970,,0
28.08,115,Stage 9 - Villaviciosa › Les Praeres. Nava ,171.4,242.0,3675.0,970,,0
27.08,110,Stage 8 - La Pola Llaviana/Pola de Laviana › Colláu Fancuaya  123k,153.4,335.0,3741.0,970,,0
26.08,9,Stage 7 - Camargo › Cistierna ,190.0,112.0,3359.0,970,8.0,0
25.08,167,Stage 6 - Bilbao › Ascensión al Pico Jano. San Miguel de Aguayo ,181.2,294.0,4120.0,970,,0
24.08,139,Stage 5 - Irún › Bilbao ,187.2,162.0,2978.0,970,,0
23.08,2,Stage 4 - Vitoria-Gasteiz › Laguardia ,152.5,133.0,2319.0,970,50.0,1
21.08,2,Stage 3 - Breda › Breda ,193.2,0.0,255.0,970,50.0,1
20.08,2,Stage 2 - 's-Hertogenbosch › Utrecht ,175.1,10.0,518.0,970,50.0,1
19.08,8,Stage 1 (TTT) - Utrecht › Utrecht ,23.3,0.0,31.0,970,,0
14.08,10,European Continental Championships - Road Race (CC) ,207.9,23.0,1331.0,455,14.0,0
01.07 » 24.07,,Tour de France (2.UWT) ,,,,1550,,0
,30,Mountains classification ,,,,1550,,0
,6,Points classification ,,,,1550,,0
,98,General classification ,,,,1550,25.0,0
24.07,55,Stage 21 - Paris La Défense › Paris (Champs-Élysées) ,115.6,13.0,748.0,1550,,0
23.07,81,Stage 20 (ITT) - Lacapelle-Marival › Rocamadour ,40.7,39.0,434.0,1550,,0
22.07,118,Stage 19 - Castelnau-Magnoac › Cahors ,188.3,35.0,1316.0,1550,,0
21.07,124,Stage 18 - Lourdes › Hautacam ,143.2,408.0,4036.0,1550,,0
20.07,121,Stage 17 - Saint-Gaudens › Peyragudes ,129.7,324.0,3364.0,1550,,0
19.07,128,Stage 16 - Carcassonne › Foix ,178.5,204.0,3418.0,1550,,0
17.07,3,Stage 15 - Rodez › Carcassonne ,202.5,64.0,2416.0,1550,50.0,1
16.07,152,Stage 14 - Saint-Etienne › Mende ,192.5,170.0,3441.0,1550,,0
15.07,1,Stage 13 - Bourg d'Oisans › Saint-Etienne  152k,192.6,78.0,2109.0,1550,100.0,1
14.07,86,Stage 12 - Briançon › L'Alpe d'Huez ,165.1,389.0,4660.0,1550,,0
13.07,100,Stage 11 - Albertville › Col du Granon ,151.7,400.0,4070.0,1550,,0
12.07,100,Stage 10 - Morzine › Megève  79k,148.1,143.0,2733.0,1550,,0
10.07,123,Stage 9 - Aigle › Châtel les portes du Soleil ,192.9,223.0,3743.0,1550,,0
09.07,145,Stage 8 - Dole › Lausanne ,186.3,87.0,2556.0,1550,,0
08.07,163,Stage 7 - Tomblaine › La Super Planche des Belles Filles  60k,176.3,192.0,2526.0,1550,,0
07.07,155,Stage 6 - Binche › Longwy ,219.9,85.0,2477.0,1550,,0
06.07,36,Stage 5 - Lille › Wallers-Arenberg ,157.0,1.0,601.0,1550,,0
05.07,12,Stage 4 - Dunkerque › Calais ,171.5,63.0,1785.0,1550,6.0,0
03.07,12,Stage 3 - Vejle › Sønderborg ,182.0,16.0,1280.0,1550,6.0,0
02.07,3,Stage 2 - Roskilde › Nyborg ,202.2,11.0,1149.0,1550,50.0,1
01.07,6,Stage 1 (ITT) - Copenhagen › Copenhagen ,13.2,0.0,21.0,1550,26.0,0
26.06,2,National Championships Denmark - Road Race (NC) ,211.0,,,101,10.0,1
23.06,4,National Championships Denmark - ITT (NC) ,39.6,,,67,,0
15.06 » 19.06,,Baloise Belgium Tour (2.Pro) ,,,,384,,0
,1,Points classification ,,,,384,,1
,7,General classification ,,,,384,55.0,0
19.06,7,Stage 5 - Gingelom › Beringen ,179.9,1.0,685.0,384,2.0,0
18.06,9,Stage 4 - Durbuy › Durbuy ,172.2,182.0,3326.0,384,,0
17.06,2,Stage 3 (ITT) - Scherpenheuvel-Zichem › Scherpenheuvel-Zichem ,11.8,0.0,49.0,384,18.0,1
16.06,3,Stage 2 - Beveren › Knokke-Heist ,175.6,0.0,181.0,384,12.0,1
15.06,1,Stage 1 - Merelbeke › Maarkedal ,165.0,59.0,1798.0,384,30.0,1
24.05 » 29.05,,Tour of Norway (2.Pro) ,,,,282,,0
,32,Mountains classification ,,,,282,,0
,13,Points classification ,,,,282,,0
,38,General classification ,,,,282,,0
29.05,3,Stage 6 - Stavanger › Stavanger ,149.3,38.0,1231.0,282,12.0,1
28.05,18,Stage 5 - Flekkefjord › Sandnes ,181.7,134.0,2781.0,282,,0
27.05,7,Stage 4 - Hovden › Kristiansand ,232.1,41.0,1655.0,282,2.0,0
26.05,94,Stage 3 - Gol › Stavsro/Gaustatoppen ,175.8,261.0,3371.0,282,,0
25.05,33,Stage 2 - Ulvik › Geilo ,123.8,87.0,2421.0,282,,0
24.05,91,Stage 1 - Bergen › Voss ,173.6,99.0,2225.0,282,,0
22.05,1,Fyen Rundt - Tour of Funen (1.2) ,189.2,28.0,1455.0,36,15.0,1
21.05,3,Grand Prix Herning (1.2) ,179.8,1.0,678.0,40,7.0,1
17.04,DNF,Paris-Roubaix (1.UWT) ,257.2,5.0,1362.0,752,,0
05.04 » 08.04,,Circuit Cycliste Sarthe - Pays de la Loire (2.1) ,,,,239,,0
,1,Points classification ,,,,239,,1
,24,General classification ,,,,239,,0
08.04,47,Stage 4 - La Chapelle-Saint-Aubin › La Chapelle-Saint-Aubin ,136.4,27.0,1876.0,239,,0
07.04,1,Stage 3 - Sablé-sur-Sarthe › Sablé-sur-Sarthe ,176.5,5.0,1077.0,239,20.0,1
06.04,2,Stage 2 - Le Lude › Le Lude ,174.7,32.0,1346.0,239,12.0,1
05.04,1,Stage 1 - Mamers › Mamers ,192.3,67.0,2651.0,239,20.0,1
03.04,8,Ronde van Vlaanderen - Tour des Flandres ME (1.UWT) ,272.5,79.0,2289.0,759,70.0,0
30.03,69,Dwars door Vlaanderen - A travers la Flandre ME (1.UWT) ,183.7,50.0,1649.0,647,5.0,0
27.03,7,Gent-Wevelgem in Flanders Fields ME (1.UWT) ,248.8,35.0,1377.0,838,60.0,0
25.03,24,E3 Saxo Bank Classic (1.UWT) ,203.9,59.0,2010.0,636,11.0,0
19.03,6,Milano-Sanremo (1.UWT) ,293.0,63.0,2096.0,936,90.0,0
06.03 » 13.03,,Paris - Nice (2.UWT) ,,,,1183,,0
,3,Points classification ,,,,1183,,1
,35,General classification ,,,,1183,5.0,0
13.03,34,Stage 8 - Nice › Nice ,115.6,184.0,2436.0,1183,,0
12.03,77,Stage 7 - Nice › Col de Turini  119k,155.2,303.0,3582.0,1183,,0
11.03,2,Stage 6 - Courthézon › Aubagne ,213.6,97.0,2878.0,1183,30.0,1
10.03,53,Stage 5 - Saint-Just-Saint-Rambert › Saint-Sauveur-de-Montagut ,188.8,188.0,3408.0,1183,,0
09.03,9,Stage 4 (ITT) - Domérat › Montluçon ,13.4,18.0,188.0,1183,2.0,0
08.03,1,Stage 3 - Vierzon › Dun-le-Palestel ,190.8,63.0,1929.0,1183,50.0,1
07.03,5,Stage 2 - Auffargis › Orléans ,159.2,8.0,707.0,1183,10.0,0
06.03,5,Stage 1 - Mantes-la-Ville › Mantes-la-Ville ,159.8,56.0,1723.0,1183,10.0,0
02.02 » 06.02,,Etoile de Bessèges - Tour du Gard (2.1) ,,,,366,,0
,18,Mountains classification ,,,,366,,0
,1,Points classification ,,,,366,,1
,37,General classification ,,,,366,,0
06.02,2,Stage 5 (ITT) - Alès › Alès l'Ermitage ,10.64,20.0,171.0,366,12.0,1
05.02,98,Stage 4 - Saint-Hilaire-de-Brethmas › Le Mont Bouquet ,146.71,108.0,1817.0,366,,0
04.02,58,Stage 3 - Bessèges › Bessèges ,155.65,76.0,2051.0,366,,0
03.02,2,Stage 2 - Saint-Christol-lèz-Alès › Rousson ,156.21,67.0,1702.0,366,12.0,1
02.02,1,Stage 1 - Bellegarde › Bellegarde ,160.86,18.0,538.0,366,20.0,1
30.01,2,Grand Prix Cycliste de Marseille La Marseillaise (1.1) ,174.3,120.0,2921.0,325,55.0,1
