date,result,name,distance,profile,vert,startlist,points,top3
25.09,78,World Championships ME - Road Race (WC) ,266.9,160.0,4167.0,1053,15.0,0
18.09,17,World Championships ME - ITT (WC) ,34.2,17.0,324.0,324,10.0,0
04.09 » 08.09,,Tour of Britain (2.Pro) ,,,,154,,0
,14,Mountains classification ,,,,154,,0
,31,Points classification ,,,,154,,0
,10,General classification ,,,,154,40.0,0
08.09,26,Stage 5 - West Bridgford › Mansfield ,186.8,19.0,1421.0,154,,0
07.09,19,"Stage 4 - Redcar › Duncombe Park, Helmsley ",149.5,101.0,2223.0,154,,0
06.09,11,Stage 3 - Durham › Sunderland ,163.6,54.0,2002.0,154,,0
05.09,40,Stage 2 - Hawick › Duns ,175.2,68.0,1965.0,154,,0
04.09,39,Stage 1 - Aberdeen › Glenshee Ski Centre ,181.3,65.0,2309.0,154,,0
21.08,34,BEMER Cyclassics (1.UWT) ,204.7,30.0,892.0,651,5.0,0
16.08 » 20.08,,PostNord Danmark Rundt - Tour of Denmark (2.Pro) ,,,,296,,0
,1,Youth classification ,,,,296,,1
,5,Points classification ,,,,296,,0
,2,General classification ,,,,296,110.0,1
20.08,2,Stage 5 - Give › Vejle ,126.5,103.0,1786.0,296,18.0,1
19.08,22,Stage 4 - Skive › Skive ,167.3,7.0,884.0,296,,0
18.08,11,Stage 3 - Otterup › Herning ,239.3,10.0,1355.0,296,,0
17.08,1,Stage 2 (ITT) - Assens › Assens ,12.2,0.0,81.0,296,30.0,1
16.08,12,Stage 1 - Allerød › Køge ,222.6,2.0,1016.0,296,,0
30.07 » 05.08,,Tour de Pologne (2.UWT) ,,,,467,,0
,26,Points classification ,,,,467,,0
,81,General classification ,,,,467,5.0,0
05.08,30,Stage 7 - Valsir › Kraków ,177.8,36.0,1875.0,467,,0
04.08,2,Stage 6 (ITT) - Nowy Targ (Gronków) › Stacja Narciarska Rusiński ,11.8,28.0,337.0,467,30.0,1
03.08,46,Stage 5 - Łańcut › Rzeszów ,178.1,78.0,2179.0,467,,0
02.08,81,Stage 4 - Lesko › Sanok ,179.4,103.0,2621.0,467,,0
01.08,115,Stage 3 - Kraśnik › Przemyśl ,237.9,93.0,1545.0,467,,0
31.07,25,Stage 2 - Chełm › Zamość ,205.6,4.0,966.0,467,,0
30.07,29,Stage 1 - Kielce › Lublin ,218.8,10.0,1231.0,467,,0
26.06,3,National Championships United States - Road Race (NC) ,186.1,,,15,7.0,1
23.06,2,National Championships United States - ITT (NC) ,34.9,,,6,7.0,1
08.06 » 12.06,,ZLM Tour (2.Pro) ,,,,80,,0
,6,Youth classification ,,,,80,,0
,30,Points classification ,,,,80,,0
,23,General classification ,,,,80,3.0,0
12.06,10,Stage 5 - Made › Rijsbergen ,160.5,0.0,113.0,80,,0
11.06,33,Stage 4 - Sint Willebrord › Mierlo ,196.5,0.0,204.0,80,,0
10.06,17,Stage 3 - Heythuysen › Buchten ,192.5,17.0,1247.0,80,,0
09.06,45,Stage 2 - Veere › Goes ,183.2,0.0,103.0,80,,0
08.06,18,Stage 1 - Kapelle › Kapelle ,100.9,0.0,175.0,80,,0
05.06,42,Brussels Cycling Classic (1.Pro) ,203.9,33.0,1850.0,362,,0
24.05 » 29.05,,Tour of Norway (2.Pro) ,,,,282,,0
,3,Youth classification ,,,,282,,1
,16,Points classification ,,,,282,,0
,6,General classification ,,,,282,60.0,0
29.05,15,Stage 6 - Stavanger › Stavanger ,149.3,38.0,1231.0,282,,0
28.05,6,Stage 5 - Flekkefjord › Sandnes ,181.7,134.0,2781.0,282,3.0,0
27.05,29,Stage 4 - Hovden › Kristiansand ,232.1,41.0,1655.0,282,,0
26.05,9,Stage 3 - Gol › Stavsro/Gaustatoppen ,175.8,261.0,3371.0,282,,0
25.05,16,Stage 2 - Ulvik › Geilo ,123.8,87.0,2421.0,282,,0
24.05,28,Stage 1 - Bergen › Voss ,173.6,99.0,2225.0,282,,0
26.04 » 01.05,,Tour de Romandie (2.UWT) ,,,,506,,0
,11,Youth classification ,,,,506,,0
,23,Mountains classification ,,,,506,,0
,52,Points classification ,,,,506,,0
,48,General classification ,,,,506,5.0,0
01.05,48,Stage 5 (ITT) - Aigle › Villars ,15.84,172.0,884.0,506,,0
30.04,60,Stage 4 - Aigle › Zinal (Val d'Anniviers) ,180.1,276.0,4158.0,506,,0
29.04,57,Stage 3 - Valbroye › Valbroye ,165.1,107.0,2441.0,506,,0
28.04,24,Stage 2 - Échallens › Échallens ,168.2,83.0,2327.0,506,,0
27.04,48,Stage 1 - La Grande Beroche › Romont ,178.0,115.0,2729.0,506,,0
26.04,13,Prologue - Lausanne › Lausanne ,5.12,0.0,39.0,506,,0
17.04,OTL,Paris-Roubaix (1.UWT) ,257.2,5.0,1362.0,752,,0
13.04,1,De Brabantse Pijl - La Flèche Brabançonne (1.Pro)  56k,205.1,71.0,2034.0,534,125.0,1
10.04,125,Amstel Gold Race (1.UWT) ,254.1,112.0,3460.0,702,5.0,0
03.04,69,Ronde van Vlaanderen - Tour des Flandres ME (1.UWT) ,272.5,79.0,2289.0,759,5.0,0
30.03,15,Dwars door Vlaanderen - A travers la Flandre ME (1.UWT) ,183.7,50.0,1649.0,647,22.0,0
25.03,79,E3 Saxo Bank Classic (1.UWT) ,203.9,59.0,2010.0,636,5.0,0
17.03,43,Grand Prix de Denain - Porte du Hainaut (1.Pro) ,200.3,8.0,1208.0,252,,0
27.02,29,Kuurne - Bruxelles - Kuurne (1.Pro) ,195.1,45.0,1829.0,718,,0
26.02,108,Omloop Het Nieuwsblad ME (1.UWT) ,204.2,49.0,1666.0,749,5.0,0
16.02 » 20.02,,Vuelta a Andalucia Ruta Ciclista Del Sol (2.Pro) ,,,,423,,0
,28,Mountains classification ,,,,423,,0
,3,Points classification ,,,,423,,1
,17,General classification ,,,,423,14.0,0
20.02,4,Stage 5 - Huesa › Chiclana de Segura ,146.4,151.0,2899.0,423,7.0,0
19.02,37,Stage 4 - Cúllar Vega › Baza ,167.4,118.0,2987.0,423,,0
18.02,1,Stage 3 - Lucena › Otura ,153.2,111.0,2873.0,423,30.0,1
17.02,44,Stage 2 - Archidona › Alcalá la Real ,150.6,143.0,2986.0,423,,0
16.02,29,Stage 1 - Ubrique › Iznájar ,200.7,121.0,3460.0,423,,0
02.02 » 06.02,,Etoile de Bessèges - Tour du Gard (2.1) ,,,,366,,0
,7,Youth classification ,,,,366,,0
,4,Mountains classification ,,,,366,,0
,31,General classification ,,,,366,,0
06.02,26,Stage 5 (ITT) - Alès › Alès l'Ermitage ,10.64,20.0,171.0,366,,0
05.02,57,Stage 4 - Saint-Hilaire-de-Brethmas › Le Mont Bouquet ,146.71,108.0,1817.0,366,,0
04.02,44,Stage 3 - Bessèges › Bessèges ,155.65,76.0,2051.0,366,,0
03.02,37,Stage 2 - Saint-Christol-lèz-Alès › Rousson ,156.21,67.0,1702.0,366,,0
02.02,60,Stage 1 - Bellegarde › Bellegarde ,160.86,18.0,538.0,366,,0
