date,result,name,distance,profile,vert,startlist,points,top3
16.10,1,Veneto Classic (1.1) ,190.0,130.0,2533.0,159,75.0,1
12.10,45,Giro del Veneto (1.1) ,159.8,65.0,1530.0,201,,0
08.10,81,Il Lombardia (1.UWT) ,253.0,278.0,4852.0,1019,5.0,0
06.10,125,Gran Piemonte (1.Pro) ,198.0,44.0,1426.0,424,,0
03.10,61,Coppa Bernocchi - GP BPM (1.Pro) ,190.7,84.0,2087.0,405,,0
01.10,55,Giro dell'Emilia (1.Pro) ,198.7,266.0,3021.0,728,,0
29.09,41,Coppa Agostoni - Giro delle Brianze (1.1) ,193.0,121.0,3189.0,358,,0
15.09,9,Coppa Sabatini - Gran Premio città di Peccioli (1.Pro) ,198.9,113.0,2519.0,319,26.0,0
14.09,1,Giro della Toscana - Memorial Alfredo Martini (1.1) ,199.2,129.0,2298.0,227,75.0,1
11.09,60,GP de Fourmies / La Voix du Nord (1.Pro) ,197.6,47.0,2111.0,371,,0
01.07 » 24.07,,Tour de France (2.UWT) ,,,,1550,,0
,26,Youth classification ,,,,1550,,0
,119,Points classification ,,,,1550,,0
,126,General classification ,,,,1550,25.0,0
24.07,121,Stage 21 - Paris La Défense › Paris (Champs-Élysées) ,115.6,13.0,748.0,1550,,0
23.07,121,Stage 20 (ITT) - Lacapelle-Marival › Rocamadour ,40.7,39.0,434.0,1550,,0
22.07,92,Stage 19 - Castelnau-Magnoac › Cahors ,188.3,35.0,1316.0,1550,,0
21.07,99,Stage 18 - Lourdes › Hautacam ,143.2,408.0,4036.0,1550,,0
20.07,134,Stage 17 - Saint-Gaudens › Peyragudes ,129.7,324.0,3364.0,1550,,0
19.07,103,Stage 16 - Carcassonne › Foix ,178.5,204.0,3418.0,1550,,0
17.07,115,Stage 15 - Rodez › Carcassonne ,202.5,64.0,2416.0,1550,,0
16.07,81,Stage 14 - Saint-Etienne › Mende ,192.5,170.0,3441.0,1550,,0
15.07,93,Stage 13 - Bourg d'Oisans › Saint-Etienne ,192.6,78.0,2109.0,1550,,0
14.07,103,Stage 12 - Briançon › L'Alpe d'Huez ,165.1,389.0,4660.0,1550,,0
13.07,152,Stage 11 - Albertville › Col du Granon ,151.7,400.0,4070.0,1550,,0
12.07,142,Stage 10 - Morzine › Megève ,148.1,143.0,2733.0,1550,,0
10.07,146,Stage 9 - Aigle › Châtel les portes du Soleil ,192.9,223.0,3743.0,1550,,0
09.07,106,Stage 8 - Dole › Lausanne ,186.3,87.0,2556.0,1550,,0
08.07,171,Stage 7 - Tomblaine › La Super Planche des Belles Filles ,176.3,192.0,2526.0,1550,,0
07.07,171,Stage 6 - Binche › Longwy ,219.9,85.0,2477.0,1550,,0
06.07,169,Stage 5 - Lille › Wallers-Arenberg ,157.0,1.0,601.0,1550,,0
05.07,158,Stage 4 - Dunkerque › Calais ,171.5,63.0,1785.0,1550,,0
03.07,166,Stage 3 - Vejle › Sønderborg ,182.0,16.0,1280.0,1550,,0
02.07,168,Stage 2 - Roskilde › Nyborg ,202.2,11.0,1149.0,1550,,0
01.07,148,Stage 1 (ITT) - Copenhagen › Copenhagen ,13.2,0.0,21.0,1550,,0
26.06,DNS,National Championships Switzerland - Road Race (NC) ,192.0,,,98,,0
12.06 » 19.06,,Tour de Suisse (2.UWT) ,,304.0,4155.0,767,,0
17.06,DNS,Stage 6 - Locarno › Moosalp ,177.5,304.0,4155.0,767,,0
16.06,21,Stage 5 - Ambri › Novazzano ,190.1,195.0,2610.0,767,,0
15.06,15,Stage 4 - Grenchen › Brunnen ,190.8,82.0,2062.0,767,,0
14.06,29,Stage 3 - Aesch › Grenchen ,176.9,119.0,3125.0,767,,0
13.06,31,Stage 2 - Küsnacht › Aesch ,198.0,123.0,2746.0,767,,0
12.06,4,Stage 1 - Küsnacht › Küsnacht  ,177.6,135.0,2746.0,767,13.0,0
10.06,1,Grosser Preis des Kantons Aargau (1.1) ,173.8,136.0,2902.0,338,75.0,1
26.04 » 01.05,,Tour de Romandie (2.UWT) ,,,,506,,0
,5,Youth classification ,,,,506,,0
,19,Mountains classification ,,,,506,,0
,21,Points classification ,,,,506,,0
,21,General classification ,,,,506,18.0,0
01.05,59,Stage 5 (ITT) - Aigle › Villars ,15.84,172.0,884.0,506,,0
30.04,20,Stage 4 - Aigle › Zinal (Val d'Anniviers) ,180.1,276.0,4158.0,506,,0
29.04,25,Stage 3 - Valbroye › Valbroye ,165.1,107.0,2441.0,506,,0
28.04,27,Stage 2 - Échallens › Échallens ,168.2,83.0,2327.0,506,,0
27.04,3,Stage 1 - La Grande Beroche › Romont ,178.0,115.0,2729.0,506,18.0,1
26.04,44,Prologue - Lausanne › Lausanne ,5.12,0.0,39.0,506,,0
24.04,9,Liège-Bastogne-Liège (1.UWT) ,257.2,182.0,4342.0,1101,60.0,0
20.04,32,La Flèche Wallonne (1.UWT) ,202.1,173.0,3160.0,974,5.0,0
13.04,26,De Brabantse Pijl - La Flèche Brabançonne (1.Pro) ,205.1,71.0,2034.0,534,,0
10.04,9,Amstel Gold Race (1.UWT) ,254.1,112.0,3460.0,702,46.0,0
02.04,8,Gran Premio Miguel Indurain (1.Pro) ,190.0,114.0,2878.0,372,30.0,0
27.03,9,GP Industria  (1.Pro) ,192.2,93.0,2259.0,133,26.0,0
22.03 » 26.03,,Settimana Internazionale Coppi e Bartali (2.1) ,,,,253,,0
,2,Youth classification ,,,,253,,1
,8,Points classification ,,,,253,,0
,3,General classification ,,,,253,50.0,1
26.03,19,Stage 5 - Casalguidi › Cantagrillo ,160.0,143.0,2051.0,253,,0
25.03,24,Stage 4 - Montecatini › Montecatini ,158.7,97.0,2446.0,253,,0
24.03,3,Stage 3 - San Marino › San Marino ,147.0,326.0,3963.0,253,7.0,1
23.03,7,Stage 2 - Riccione › Longiano ,165.9,162.0,2686.0,253,2.0,0
22.03,10,Stage 1 - Riccione › Riccione ,164.6,155.0,2969.0,253,,0
20.03,1,Per Sempre Alfredo (1.1) ,172.7,136.0,2976.0,82,75.0,1
