date,result,name,distance,profile,vert,startlist,points,top3
09.10,2,Memorial Rik Van Steenbergen / Kempen Classic (1.1) ,174.7,0.0,232.0,120.0,55.0,1
06.10,134,Gran Piemonte (1.Pro) ,198.0,44.0,1426.0,424.0,,0
23.09,80,Zwevezele koers (NAT) ,153.5,,,,,0
20.09,6,Textielprijs Vichte (NAT) ,168.5,,,,,0
18.09,110,Gooikse Pijl (1.1) ,199.0,21.0,1893.0,301.0,,0
17.09,DNF,Primus Classic (1.Pro) ,199.3,51.0,1937.0,442.0,,0
16.09,61,Kampioenschap van Vlaanderen (1.1) ,195.3,0.0,697.0,226.0,,0
07.08,44,Commonwealth Games - Road Race (JR) ,160.0,,,90.0,,0
30.07 » 05.08,,Tour de Pologne (2.UWT) ,,28.0,337.0,467.0,,0
04.08,DNS,Stage 6 (ITT) - Nowy Targ (Gronków) › Stacja Narciarska Rusiński ,11.8,28.0,337.0,467.0,,0
03.08,115,Stage 5 - Łańcut › Rzeszów ,178.1,78.0,2179.0,467.0,,0
02.08,121,Stage 4 - Lesko › Sanok ,179.4,103.0,2621.0,467.0,,0
01.08,106,Stage 3 - Kraśnik › Przemyśl ,237.9,93.0,1545.0,467.0,,0
31.07,10,Stage 2 - Chełm › Zamość ,205.6,4.0,966.0,467.0,1.0,0
30.07,8,Stage 1 - Kielce › Lublin ,218.8,10.0,1231.0,467.0,3.0,0
26.06,1,National Championships Great Britain - Road Race (NC) ,201.0,,,96.0,15.0,1
06.06,96,Ronde van Limburg (1.1) ,202.6,32.0,1651.0,312.0,,0
04.06,3,Heylen Vastgoed Heistse Pijl (1.1) ,192.8,5.0,572.0,210.0,40.0,1
06.05 » 29.05,,Giro d'Italia (2.UWT) ,,,,816.0,,0
,3,Points classification ,,,,816.0,10.0,1
,145,General classification ,,,,816.0,20.0,0
29.05,145,Stage 21 (ITT) - Verona › Verona ,17.4,30.0,317.0,816.0,,0
28.05,149,Stage 20 - Belluno › Marmolada (Passo Fedaia) ,168.0,392.0,4718.0,816.0,,0
27.05,138,Stage 19 - Marano Lagunare › Santuario di Castelmonte ,178.0,262.0,3489.0,816.0,,0
26.05,8,Stage 18 - Borgo Valsugana › Treviso ,156.0,34.0,1219.0,816.0,10.0,0
25.05,143,Stage 17 - Ponte di Legno › Lavarone ,168.0,347.0,3950.0,816.0,,0
24.05,151,Stage 16 - Salò › Aprica ,202.0,376.0,5268.0,816.0,,0
22.05,152,Stage 15 - Rivarolo Canavese › Cogne ,177.0,301.0,4019.0,816.0,,0
21.05,130,Stage 14 - Santena › Torino ,147.0,247.0,3167.0,816.0,,0
20.05,3,Stage 13 - Sanremo › Cuneo ,150.0,51.0,1817.0,816.0,35.0,1
19.05,151,Stage 12 - Parma › Genova ,204.0,112.0,2867.0,816.0,,0
18.05,6,Stage 11 - Santarcangelo di Romagna › Reggio Emilia ,203.0,0.0,369.0,816.0,15.0,0
17.05,151,Stage 10 - Pescara › Jesi ,196.0,86.0,1764.0,816.0,,0
15.05,162,Stage 9 - Isernia › Blockhaus ,191.0,458.0,5080.0,816.0,,0
14.05,166,Stage 8 - Napoli › Napoli ,153.0,123.0,2243.0,816.0,,0
13.05,108,Stage 7 - Diamante › Potenza ,196.0,246.0,4730.0,816.0,,0
12.05,3,Stage 6 - Palmi › Scalea ,192.0,49.0,1498.0,816.0,35.0,1
11.05,157,Stage 5 - Catania › Messina ,174.0,31.0,1968.0,816.0,,0
10.05,172,Stage 4 - Avola › Etna ,172.0,251.0,3626.0,816.0,,0
08.05,1,Stage 3 - Kaposvár › Balatonfüred ,201.0,7.0,1150.0,816.0,80.0,1
07.05,125,Stage 2 (ITT) - Budapest › Budapest ,9.2,8.0,81.0,816.0,,0
06.05,147,Stage 1 - Budapest › Visegrád ,195.0,51.0,1390.0,816.0,,0
05.04 » 08.04,,Circuit Cycliste Sarthe - Pays de la Loire (2.1) ,,,,239.0,,0
,8,Points classification ,,,,239.0,,0
,52,General classification ,,,,239.0,,0
08.04,61,Stage 4 - La Chapelle-Saint-Aubin › La Chapelle-Saint-Aubin ,136.4,27.0,1876.0,239.0,,0
07.04,3,Stage 3 - Sablé-sur-Sarthe › Sablé-sur-Sarthe ,176.5,5.0,1077.0,239.0,7.0,1
06.04,10,Stage 2 - Le Lude › Le Lude ,174.7,32.0,1346.0,239.0,,0
05.04,21,Stage 1 - Mamers › Mamers ,192.3,67.0,2651.0,239.0,,0
23.03,26,Minerva Classic Brugge-De Panne (1.UWT) ,207.9,0.0,246.0,459.0,9.0,0
16.03,1,Milano - Torino (1.Pro) ,199.0,21.0,1166.0,405.0,125.0,1
07.03 » 13.03,,Tirreno-Adriatico (2.UWT) ,,,,1061.0,,0
,128,General classification ,,,,1061.0,5.0,0
13.03,31,Stage 7 - San Benedetto del Tronto › San Benedetto del Tronto ,159.0,19.0,1296.0,1061.0,,0
12.03,141,Stage 6 - Apecchio › Carpegna ,215.0,266.0,3817.0,1061.0,,0
11.03,123,Stage 5 - Sefro › Fermo ,155.0,191.0,2402.0,1061.0,,0
10.03,118,Stage 4 - Cascata delle Marmore › Bellante ,202.0,131.0,3092.0,1061.0,,0
09.03,27,Stage 3 - Murlo › Terni ,170.0,53.0,2063.0,1061.0,,0
08.03,69,Stage 2 - Camaiore › Sovicille ,219.0,70.0,2144.0,1061.0,,0
07.03,101,Stage 1 (ITT) - Lido di Camaiore › Lido di Camaiore ,13.9,0.0,4.0,1061.0,,0
20.02 » 26.02,,UAE Tour (2.UWT) ,,,,607.0,,0
,12,Points classification ,,,,607.0,,0
,88,General classification ,,,,607.0,5.0,0
26.02,85,Stage 7 - Al Ain › Jebel Hafeet ,148.0,133.0,1364.0,607.0,,0
25.02,28,Stage 6 - Expo 2020 Dubai › Expo 2020 Dubai  ,180.0,0.0,388.0,607.0,,0
24.02,83,Stage 5 - Ras al Khaimah Corniche › Al Marjan Island  ,182.0,2.0,544.0,607.0,,0
23.02,91,Stage 4 - Fujairah Fort › Jebel Jais ,181.0,188.0,2646.0,607.0,,0
22.02,49,Stage 3 (ITT) - Ajman › Ajman ,9.0,0.0,9.0,607.0,,0
21.02,1,Stage 2 - Hudayriyat Island › Abu Dhabi Breakwater ,176.0,1.0,337.0,607.0,50.0,1
20.02,16,Stage 1 - Madinat Zayed › Madinat Zayed ,184.0,20.0,1303.0,607.0,,0
10.02 » 15.02,,Tour of Oman (2.Pro) ,,,,140.0,,0
,4,Points classification ,,,,140.0,,0
,68,General classification ,,,,140.0,,0
15.02,6,Stage 6 - Al Mouj Muscat › Matrah Corniche ,132.5,65.0,1097.0,140.0,3.0,0
14.02,74,Stage 5 - Samail › Jabal Al Akhdhar ,150.5,169.0,1967.0,140.0,,0
13.02,68,Stage 4 - Al Sifah › Muscat ,119.5,145.0,2174.0,140.0,,0
12.02,82,Stage 3 - Sultan Qaboos University › Qurayyat  ,180.0,92.0,1918.0,140.0,,0
11.02,1,Stage 2 - Naseem Park › Suhar Corniche ,167.5,0.0,179.0,140.0,30.0,1
10.02,2,Stage 1 - Al Rustaq Fort › Muscat ,138.0,17.0,684.0,140.0,18.0,1
