date,result,name,distance,profile,vert,startlist,points,top3
08.10,61,Il Lombardia (1.UWT) ,253.0,278.0,4852.0,1019,5.0,0
06.10,2,Gran Piemonte (1.Pro) ,198.0,44.0,1426.0,424,85.0,1
27.09 » 02.10,,CRO Race (2.1) ,,,,208,,0
,10,Mountains classification ,,,,208,,0
,2,Points classification ,,,,208,,1
,1,General classification ,,,,208,100.0,1
02.10,2,Stage 6 - Sveta Nedelja › Zagreb ,158.0,17.0,581.0,208,12.0,1
01.10,3,Stage 5 - Opatija › Labin ,154.0,117.0,2948.0,208,7.0,1
30.09,3,Stage 4 - Biograd na Moru › Crikvenica ,219.0,60.0,2286.0,208,7.0,1
29.09,3,Stage 3 - Sinj › Primošten ,157.0,61.0,1473.0,208,7.0,1
28.09,25,Stage 2 - Otočac › Zadar ,163.0,27.0,1141.0,208,,0
27.09,7,Stage 1 - Osijek › Ludbreg ,223.5,23.0,746.0,208,2.0,0
11.09,DNF,Grand Prix Cycliste de Montréal (1.UWT) ,221.4,182.0,4124.0,864,,0
09.09,54,Grand Prix Cycliste de Québec (1.UWT) ,201.6,60.0,2508.0,866,5.0,0
30.07,DNF,Donostia San Sebastian Klasikoa (1.UWT) ,224.8,231.0,4147.0,724,,0
01.07 » 24.07,,Tour de France (2.UWT) ,,,,1550,,0
,48,Mountains classification ,,,,1550,,0
,59,Points classification ,,,,1550,,0
,85,General classification ,,,,1550,25.0,0
24.07,56,Stage 21 - Paris La Défense › Paris (Champs-Élysées) ,115.6,13.0,748.0,1550,,0
23.07,66,Stage 20 (ITT) - Lacapelle-Marival › Rocamadour ,40.7,39.0,434.0,1550,,0
22.07,111,Stage 19 - Castelnau-Magnoac › Cahors  138k,188.3,35.0,1316.0,1550,,0
21.07,129,Stage 18 - Lourdes › Hautacam ,143.2,408.0,4036.0,1550,,0
20.07,123,Stage 17 - Saint-Gaudens › Peyragudes ,129.7,324.0,3364.0,1550,,0
19.07,113,Stage 16 - Carcassonne › Foix ,178.5,204.0,3418.0,1550,,0
17.07,68,Stage 15 - Rodez › Carcassonne ,202.5,64.0,2416.0,1550,,0
16.07,119,Stage 14 - Saint-Etienne › Mende ,192.5,170.0,3441.0,1550,,0
15.07,92,Stage 13 - Bourg d'Oisans › Saint-Etienne ,192.6,78.0,2109.0,1550,,0
14.07,110,Stage 12 - Briançon › L'Alpe d'Huez ,165.1,389.0,4660.0,1550,,0
13.07,84,Stage 11 - Albertville › Col du Granon ,151.7,400.0,4070.0,1550,,0
12.07,90,Stage 10 - Morzine › Megève ,148.1,143.0,2733.0,1550,,0
10.07,136,Stage 9 - Aigle › Châtel les portes du Soleil ,192.9,223.0,3743.0,1550,,0
09.07,97,Stage 8 - Dole › Lausanne ,186.3,87.0,2556.0,1550,,0
08.07,58,Stage 7 - Tomblaine › La Super Planche des Belles Filles ,176.3,192.0,2526.0,1550,,0
07.07,74,Stage 6 - Binche › Longwy ,219.9,85.0,2477.0,1550,,0
06.07,34,Stage 5 - Lille › Wallers-Arenberg ,157.0,1.0,601.0,1550,,0
05.07,160,Stage 4 - Dunkerque › Calais ,171.5,63.0,1785.0,1550,,0
03.07,99,Stage 3 - Vejle › Sønderborg ,182.0,16.0,1280.0,1550,,0
02.07,58,Stage 2 - Roskilde › Nyborg ,202.2,11.0,1149.0,1550,,0
01.07,31,Stage 1 (ITT) - Copenhagen › Copenhagen ,13.2,0.0,21.0,1550,,0
23.06,2,National Championships Slovenia - ITT (NC) ,28.8,,,58,7.0,1
15.06 » 19.06,,Tour of Slovenia (2.Pro) ,,,,245,,0
,8,Mountains classification ,,,,245,,0
,5,Points classification ,,,,245,,0
,15,General classification ,,,,245,20.0,0
19.06,2,Stage 5 - Vrhnika › Novo mesto ,155.7,67.0,1437.0,245,18.0,1
18.06,37,Stage 4 - Laško › Velika planina ,152.4,209.0,2861.0,245,,0
17.06,6,Stage 3 - Žalec › Celje ,144.6,143.0,2104.0,245,3.0,0
16.06,85,Stage 2 - Ptuj › Rogaška Slatina ,174.2,60.0,1998.0,245,,0
15.06,7,Stage 1 - Nova Gorica › Postojna ,164.7,126.0,3060.0,245,2.0,0
24.04,37,Liège-Bastogne-Liège (1.UWT) ,257.2,182.0,4342.0,1101,5.0,0
17.04,5,Paris-Roubaix (1.UWT) ,257.2,5.0,1362.0,752,100.0,0
10.04,13,Amstel Gold Race (1.UWT) ,254.1,112.0,3460.0,702,30.0,0
03.04,21,Ronde van Vlaanderen - Tour des Flandres ME (1.UWT) ,272.5,79.0,2289.0,759,19.0,0
27.03,9,Gent-Wevelgem in Flanders Fields ME (1.UWT) ,248.8,35.0,1377.0,838,46.0,0
25.03,4,E3 Saxo Bank Classic (1.UWT)  79k,203.9,59.0,2010.0,636,90.0,0
19.03,1,Milano-Sanremo (1.UWT) ,293.0,63.0,2096.0,936,275.0,1
05.03,DNF,Strade Bianche (1.UWT) ,184.0,167.0,3107.0,662,,0
27.02,50,Kuurne - Bruxelles - Kuurne (1.Pro) ,195.1,45.0,1829.0,718,,0
26.02,17,Omloop Het Nieuwsblad ME (1.UWT) ,204.2,49.0,1666.0,749,18.0,0
02.02 » 06.02,,Volta a la Comunitat Valenciana (2.Pro) ,,,,610,,0
,8,Points classification ,,,,610,,0
,11,General classification ,,,,610,36.0,0
06.02,34,Stage 5 - Paterna › Valencia ,92.0,12.0,706.0,610,,0
05.02,9,Stage 4 - Orihuela › Torrevieja  ,193.1,19.0,1237.0,610,,0
04.02,22,Stage 3 - Alicante › Antenas del Maigmó ,155.1,286.0,3628.0,610,,0
03.02,4,Stage 2 - Bétera › Torrent ,171.5,83.0,2429.0,610,7.0,0
02.02,9,Stage 1 - Les Alqueries › Torralba del Pinar ,166.7,162.0,3164.0,610,,0
