date,result,name,distance,profile,vert,startlist,points,top3
12.10,DNF,Giro del Veneto (1.1) ,159.8,65.0,1530.0,201.0,,0
25.09,DNF,World Championships ME - Road Race (WC) ,266.9,160.0,4167.0,1053.0,,0
21.09,5,World Championships - Mixed Relay TTT (WC) ,28.2,11.0,226.0,91.0,0.5,0
14.09,1,Grand Prix de Wallonie (1.Pro) ,199.7,93.0,2754.0,362.0,125.0,1
08.09,1,Izegem Koers (NAT) ,167.4,,,,,1
31.08,1,Stadsprijs Geraardsbergen (NAT) ,162.0,,,,,1
24.08,35,Druivenkoers - Overijse (1.1) ,192.0,51.0,1629.0,389.0,,0
01.07 » 24.07,,Tour de France (2.UWT) ,,400.0,4070.0,1550.0,,0
13.07,DNF,Stage 11 - Albertville › Col du Granon  73k,151.7,400.0,4070.0,1550.0,,0
12.07,97,Stage 10 - Morzine › Megève ,148.1,143.0,2733.0,1550.0,,0
10.07,114,Stage 9 - Aigle › Châtel les portes du Soleil ,192.9,223.0,3743.0,1550.0,,0
09.07,130,Stage 8 - Dole › Lausanne ,186.3,87.0,2556.0,1550.0,,0
08.07,76,Stage 7 - Tomblaine › La Super Planche des Belles Filles ,176.3,192.0,2526.0,1550.0,,0
07.07,144,Stage 6 - Binche › Longwy ,219.9,85.0,2477.0,1550.0,,0
06.07,80,Stage 5 - Lille › Wallers-Arenberg ,157.0,1.0,601.0,1550.0,,0
05.07,75,Stage 4 - Dunkerque › Calais ,171.5,63.0,1785.0,1550.0,,0
03.07,25,Stage 3 - Vejle › Sønderborg ,182.0,16.0,1280.0,1550.0,,0
02.07,19,Stage 2 - Roskilde › Nyborg ,202.2,11.0,1149.0,1550.0,,0
01.07,5,Stage 1 (ITT) - Copenhagen › Copenhagen ,13.2,0.0,21.0,1550.0,32.0,0
06.05 » 29.05,,Giro d'Italia (2.UWT) ,,,,816.0,,0
,21,Mountains classification ,,,,816.0,,0
,4,Points classification ,,,,816.0,,0
,57,General classification ,,,,816.0,20.0,0
29.05,3,Stage 21 (ITT) - Verona › Verona ,17.4,30.0,317.0,816.0,35.0,1
28.05,61,Stage 20 - Belluno › Marmolada (Passo Fedaia)  116k,168.0,392.0,4718.0,816.0,,0
27.05,82,Stage 19 - Marano Lagunare › Santuario di Castelmonte ,178.0,262.0,3489.0,816.0,,0
26.05,134,Stage 18 - Borgo Valsugana › Treviso ,156.0,34.0,1219.0,816.0,,0
25.05,12,Stage 17 - Ponte di Legno › Lavarone  161k,168.0,347.0,3950.0,816.0,4.0,0
24.05,94,Stage 16 - Salò › Aprica ,202.0,376.0,5268.0,816.0,,0
22.05,46,Stage 15 - Rivarolo Canavese › Cogne  62k,177.0,301.0,4019.0,816.0,,0
21.05,117,Stage 14 - Santena › Torino ,147.0,247.0,3167.0,816.0,,0
20.05,103,Stage 13 - Sanremo › Cuneo ,150.0,51.0,1817.0,816.0,,0
19.05,20,Stage 12 - Parma › Genova  136k,204.0,112.0,2867.0,816.0,,0
18.05,117,Stage 11 - Santarcangelo di Romagna › Reggio Emilia ,203.0,0.0,369.0,816.0,,0
17.05,2,Stage 10 - Pescara › Jesi ,196.0,86.0,1764.0,816.0,50.0,1
15.05,82,Stage 9 - Isernia › Blockhaus ,191.0,458.0,5080.0,816.0,,0
14.05,7,Stage 8 - Napoli › Napoli  151k,153.0,123.0,2243.0,816.0,12.0,0
13.05,62,Stage 7 - Diamante › Potenza ,196.0,246.0,4730.0,816.0,,0
12.05,100,Stage 6 - Palmi › Scalea ,192.0,49.0,1498.0,816.0,,0
11.05,78,Stage 5 - Catania › Messina ,174.0,31.0,1968.0,816.0,,0
10.05,97,Stage 4 - Avola › Etna ,172.0,251.0,3626.0,816.0,,0
08.05,17,Stage 3 - Kaposvár › Balatonfüred ,201.0,7.0,1150.0,816.0,,0
07.05,2,Stage 2 (ITT) - Budapest › Budapest ,9.2,8.0,81.0,816.0,50.0,1
06.05,1,Stage 1 - Budapest › Visegrád ,195.0,51.0,1390.0,816.0,80.0,1
17.04,9,Paris-Roubaix (1.UWT) ,257.2,5.0,1362.0,752.0,60.0,0
10.04,4,Amstel Gold Race (1.UWT) ,254.1,112.0,3460.0,702.0,90.0,0
03.04,1,Ronde van Vlaanderen - Tour des Flandres ME (1.UWT) ,272.5,79.0,2289.0,759.0,275.0,1
30.03,1,Dwars door Vlaanderen - A travers la Flandre ME (1.UWT)  68k,183.7,50.0,1649.0,647.0,225.0,1
22.03 » 26.03,,Settimana Internazionale Coppi e Bartali (2.1) ,,,,253.0,,0
,10,Mountains classification ,,,,253.0,,0
,4,Points classification ,,,,253.0,,0
,30,General classification ,,,,253.0,,0
26.03,22,Stage 5 - Casalguidi › Cantagrillo ,160.0,143.0,2051.0,253.0,,0
25.03,1,Stage 4 - Montecatini › Montecatini ,158.7,97.0,2446.0,253.0,20.0,1
24.03,51,Stage 3 - San Marino › San Marino ,147.0,326.0,3963.0,253.0,,0
23.03,30,Stage 2 - Riccione › Longiano ,165.9,162.0,2686.0,253.0,,0
22.03,4,Stage 1 - Riccione › Riccione ,164.6,155.0,2969.0,253.0,5.0,0
19.03,3,Milano-Sanremo (1.UWT) ,293.0,63.0,2096.0,936.0,150.0,1
