date,result,name,distance,profile,vert,startlist,points,top3
09.10,8,Paris - Tours Elite (1.Pro) ,213.5,33.0,1242.0,579,30.0,0
06.10,26,Paris - Bourges (1.1) ,198.0,55.0,1988.0,469,,0
02.10,5,Tour de Vendée (1.1) ,206.9,40.0,1917.0,162,28.0,0
25.09,10,Classique Paris-Chauny (1.1) ,203.5,67.0,2225.0,364,14.0,0
11.09,67,Grand Prix Cycliste de Montréal (1.UWT) ,221.4,182.0,4124.0,864,5.0,0
09.09,11,Grand Prix Cycliste de Québec (1.UWT) ,201.6,60.0,2508.0,866,38.0,0
04.09,3,Tour du Doubs (1.1) ,204.0,104.0,2974.0,314,40.0,1
24.08,1,Druivenkoers - Overijse (1.1) ,192.0,51.0,1629.0,389,75.0,1
21.08,19,BEMER Cyclassics (1.UWT) ,204.7,30.0,892.0,651,16.0,0
14.08,36,La Polynormande (1.1) ,168.9,59.0,2156.0,229,,0
01.07 » 24.07,,Tour de France (2.UWT) ,,,,1550,,0
,14,Youth classification ,,,,1550,,0
,47,Mountains classification ,,,,1550,,0
,91,Points classification ,,,,1550,,0
,73,General classification ,,,,1550,25.0,0
24.07,96,Stage 21 - Paris La Défense › Paris (Champs-Élysées) ,115.6,13.0,748.0,1550,,0
23.07,49,Stage 20 (ITT) - Lacapelle-Marival › Rocamadour ,40.7,39.0,434.0,1550,,0
22.07,53,Stage 19 - Castelnau-Magnoac › Cahors ,188.3,35.0,1316.0,1550,,0
21.07,48,Stage 18 - Lourdes › Hautacam ,143.2,408.0,4036.0,1550,,0
20.07,81,Stage 17 - Saint-Gaudens › Peyragudes ,129.7,324.0,3364.0,1550,,0
19.07,73,Stage 16 - Carcassonne › Foix ,178.5,204.0,3418.0,1550,,0
17.07,150,Stage 15 - Rodez › Carcassonne ,202.5,64.0,2416.0,1550,,0
16.07,102,Stage 14 - Saint-Etienne › Mende ,192.5,170.0,3441.0,1550,,0
15.07,134,Stage 13 - Bourg d'Oisans › Saint-Etienne ,192.6,78.0,2109.0,1550,,0
14.07,104,Stage 12 - Briançon › L'Alpe d'Huez ,165.1,389.0,4660.0,1550,,0
13.07,54,Stage 11 - Albertville › Col du Granon ,151.7,400.0,4070.0,1550,,0
12.07,81,Stage 10 - Morzine › Megève ,148.1,143.0,2733.0,1550,,0
10.07,64,Stage 9 - Aigle › Châtel les portes du Soleil ,192.9,223.0,3743.0,1550,,0
09.07,88,Stage 8 - Dole › Lausanne ,186.3,87.0,2556.0,1550,,0
08.07,81,Stage 7 - Tomblaine › La Super Planche des Belles Filles ,176.3,192.0,2526.0,1550,,0
07.07,135,Stage 6 - Binche › Longwy ,219.9,85.0,2477.0,1550,,0
06.07,127,Stage 5 - Lille › Wallers-Arenberg ,157.0,1.0,601.0,1550,,0
05.07,48,Stage 4 - Dunkerque › Calais ,171.5,63.0,1785.0,1550,,0
03.07,111,Stage 3 - Vejle › Sønderborg ,182.0,16.0,1280.0,1550,,0
02.07,75,Stage 2 - Roskilde › Nyborg ,202.2,11.0,1149.0,1550,,0
01.07,116,Stage 1 (ITT) - Copenhagen › Copenhagen ,13.2,0.0,21.0,1550,,0
26.06,45,National Championships France - Road Race (NC) ,240.0,,,400,,0
23.06,15,National Championships France - ITT (NC) ,44.3,,,35,,0
05.06 » 12.06,,Critérium du Dauphiné (2.UWT) ,,,,788,,0
,14,Youth classification ,,,,788,,0
,22,Points classification ,,,,788,,0
,60,General classification ,,,,788,5.0,0
12.06,43,Stage 8 - Saint-Alban-Leysse › Plateau de Salaison ,138.8,375.0,3782.0,788,,0
11.06,79,Stage 7 - Saint-Chaffrey › Vaujany ,134.8,311.0,3828.0,788,,0
10.06,9,Stage 6 - Rives › Gap ,196.5,74.0,2958.0,788,2.0,0
09.06,9,Stage 5 - Thizy-les-Bourgs › Chaintré ,162.3,60.0,1991.0,788,2.0,0
08.06,37,Stage 4 (ITT) - Montbrison › La Bâtie d’Urfé ,31.9,1.0,96.0,788,,0
07.06,100,Stage 3 - Saint-Paulien › Chastreix-Sancy ,169.0,140.0,2707.0,788,,0
06.06,11,Stage 2 - Saint-Péray › Brives-Charensac ,169.8,91.0,2956.0,788,,0
05.06,20,Stage 1 - La Voulte-sur-Rhône › Beauchastel ,191.8,74.0,2473.0,788,,0
29.05,56,Marcel Kint Classic (1.1) ,199.0,40.0,1599.0,143,,0
22.05,20,Rund um Köln (1.1) ,199.3,88.0,2875.0,199,1.0,0
15.05,6,Tro-Bro Léon (1.Pro) ,207.8,38.0,1674.0,247,40.0,0
24.04,106,Liège-Bastogne-Liège (1.UWT) ,257.2,182.0,4342.0,1101,5.0,0
17.04,15,Paris-Roubaix (1.UWT) ,257.2,5.0,1362.0,752,30.0,0
12.04,6,Paris - Camembert (1.1) ,213.8,105.0,2779.0,108,24.0,0
03.04,17,Ronde van Vlaanderen - Tour des Flandres ME (1.UWT) ,272.5,79.0,2289.0,759,26.0,0
30.03,19,Dwars door Vlaanderen - A travers la Flandre ME (1.UWT) ,183.7,50.0,1649.0,647,16.0,0
20.03,DNF,Cholet - Pays de la Loire (1.1) ,202.0,41.0,1714.0,83,,0
19.03,3,Classic Loire Atlantique (1.1) ,182.8,83.0,2452.0,98,40.0,1
06.03 » 13.03,,Paris - Nice (2.UWT) ,,,,1183,,0
,12,Youth classification ,,,,1183,,0
,56,General classification ,,,,1183,5.0,0
13.03,47,Stage 8 - Nice › Nice ,115.6,184.0,2436.0,1183,,0
12.03,94,Stage 7 - Nice › Col de Turini ,155.2,303.0,3582.0,1183,,0
11.03,84,Stage 6 - Courthézon › Aubagne ,213.6,97.0,2878.0,1183,,0
10.03,121,Stage 5 - Saint-Just-Saint-Rambert › Saint-Sauveur-de-Montagut ,188.8,188.0,3408.0,1183,,0
09.03,115,Stage 4 (ITT) - Domérat › Montluçon ,13.4,18.0,188.0,1183,,0
08.03,130,Stage 3 - Vierzon › Dun-le-Palestel ,190.8,63.0,1929.0,1183,,0
07.03,36,Stage 2 - Auffargis › Orléans ,159.2,8.0,707.0,1183,,0
06.03,127,Stage 1 - Mantes-la-Ville › Mantes-la-Ville ,159.8,56.0,1723.0,1183,,0
26.02,14,Omloop Het Nieuwsblad ME (1.UWT) ,204.2,49.0,1666.0,749,26.0,0
14.02,22,Clásica Jaén Paraiso Interior (1.1) ,187.8,180.0,3064.0,166,,0
12.02,3,Vuelta Ciclista a la Region de Murcia Costa Calida (1.1) ,183.2,94.0,2331.0,197,40.0,1
02.02 » 06.02,,Etoile de Bessèges - Tour du Gard (2.1) ,,,,366,,0
,5,Youth classification ,,,,366,,0
,20,Mountains classification ,,,,366,,0
,29,General classification ,,,,366,,0
06.02,41,Stage 5 (ITT) - Alès › Alès l'Ermitage ,10.64,20.0,171.0,366,,0
05.02,40,Stage 4 - Saint-Hilaire-de-Brethmas › Le Mont Bouquet ,146.71,108.0,1817.0,366,,0
04.02,23,Stage 3 - Bessèges › Bessèges ,155.65,76.0,2051.0,366,,0
03.02,111,Stage 2 - Saint-Christol-lèz-Alès › Rousson ,156.21,67.0,1702.0,366,,0
02.02,33,Stage 1 - Bellegarde › Bellegarde ,160.86,18.0,538.0,366,,0
30.01,18,Trofeo Playa de Palma - Palma (1.1) ,169.1,35.0,1552.0,303,3.0,0
27.01,5,Trofeo Alcúdia - Port d'Alcúdia (1.1) ,173.2,62.0,1653.0,272,28.0,0
26.01,117,Trofeo Calvia (1.1) ,154.7,154.0,3211.0,305,,0
