date,result,name,distance,profile,vert,startlist,points,top3
16.10,5,Veneto Classic (1.1) ,190.0,130.0,2533.0,159,28.0,0
12.10,1,Giro del Veneto (1.1) ,159.8,65.0,1530.0,201,75.0,1
09.10,26,Paris - Tours Elite (1.Pro) ,213.5,33.0,1242.0,579,,0
06.10,57,Gran Piemonte (1.Pro) ,198.0,44.0,1426.0,424,,0
03.10,4,Coppa Bernocchi - GP BPM (1.Pro) ,190.7,84.0,2087.0,405,50.0,0
25.09,5,World Championships ME - Road Race (WC) ,266.9,160.0,4167.0,1053,130.0,0
13.09 » 17.09,,Skoda Tour Luxembourg (2.Pro) ,,,,177,,0
,21,Mountains classification ,,,,177,,0
,1,Points classification ,,,,177,,1
,6,General classification ,,,,177,60.0,0
17.09,5,Stage 5 - Mersch › Luxembourg ,178.4,146.0,3186.0,177,4.0,0
16.09,11,Stage 4 (ITT) - Remich › Remich ,26.1,38.0,303.0,177,,0
15.09,4,Stage 3 - Rosport › Diekirch ,188.4,99.0,2940.0,177,7.0,0
14.09,1,Stage 2 - Junglinster › Schifflange ,163.4,55.0,2060.0,177,30.0,1
13.09,4,Stage 1 - Luxembourg › Luxembourg ,163.8,132.0,2554.0,177,7.0,0
28.08,88,Bretagne Classic - Ouest-France (1.UWT) ,254.8,95.0,3116.0,812,5.0,0
21.08,12,BEMER Cyclassics (1.UWT) ,204.7,30.0,892.0,651,34.0,0
16.08 » 19.08,,Tour du Limousin - Nouvelle Aquitaine (2.1) ,,,,335,,0
,14,General classification ,,,,335,7.0,0
19.08,7,Stage 4 - Saint-Laurent-sur-Gorre › Limoges ,174.8,84.0,2488.0,335,2.0,0
18.08,12,Stage 3 - Donzenac › Malemort  ,181.7,145.0,3016.0,335,,0
17.08,4,Stage 2 - Le Grand Périgueux Champcevinel › Ribérac  ,184.7,33.0,1931.0,335,5.0,0
16.08,2,Stage 1 - Verneuil-sur-Vienne › La Souterraine  ,176.4,41.0,1984.0,335,12.0,1
14.08,64,European Continental Championships - Road Race (CC) ,207.9,23.0,1331.0,455,,0
02.08 » 06.08,,Vuelta a Burgos (2.Pro) ,,,,356,,0
,61,General classification ,,,,356,,0
06.08,64,Stage 5 - Lermas › Lagunas de Neila ,170.0,196.0,2792.0,356,,0
05.08,63,Stage 4 - Torresandino › Ciudad Romana de Clunia ,169.0,29.0,1361.0,356,,0
04.08,56,Stage 3 - Quintana Martín Galíndez › Villarcayo ,156.0,155.0,2324.0,356,,0
03.08,28,Stage 2 - Vivar del Cid › Villadiego ,158.0,39.0,1659.0,356,,0
02.08,76,Stage 1 - Burgos › Burgos ,157.0,45.0,1521.0,356,,0
23.07 » 27.07,,Ethias-Tour de Wallonie (2.Pro) ,,,,378,,0
,12,Points classification ,,,,378,,0
,19,General classification ,,,,378,10.0,0
27.07,5,Stage 5 - Le Roeulx › Chapelle-lez-Herlaimont  202k,214.8,29.0,1703.0,378,4.0,0
26.07,6,Stage 4 - Durbuy › Couvin ,200.8,136.0,3289.0,378,3.0,0
25.07,16,Stage 3 - Visé › Rochefort  104k,195.6,95.0,2850.0,378,,0
24.07,23,Stage 2 - Verviers › Herve ,176.8,121.0,2748.0,378,,0
23.07,81,Stage 1 - Temploux › Huy ,174.4,98.0,2257.0,378,,0
26.06,DNF,National Championships Italy - Road Race (NC) ,237.1,,,202,,0
12.06 » 19.06,,Tour de Suisse (2.UWT) ,,304.0,4155.0,767,,0
17.06,DNS,Stage 6 - Locarno › Moosalp ,177.5,304.0,4155.0,767,,0
16.06,73,Stage 5 - Ambri › Novazzano ,190.1,195.0,2610.0,767,,0
15.06,22,Stage 4 - Grenchen › Brunnen ,190.8,82.0,2062.0,767,,0
14.06,6,Stage 3 - Aesch › Grenchen ,176.9,119.0,3125.0,767,7.0,0
13.06,5,Stage 2 - Küsnacht › Aesch ,198.0,123.0,2746.0,767,10.0,0
12.06,121,Stage 1 - Küsnacht › Küsnacht  ,177.6,135.0,2746.0,767,,0
10.06,9,Grosser Preis des Kantons Aargau (1.1) ,173.8,136.0,2902.0,338,16.0,0
17.04,43,Paris-Roubaix (1.UWT) ,257.2,5.0,1362.0,752,5.0,0
13.04,22,De Brabantse Pijl - La Flèche Brabançonne (1.Pro) ,205.1,71.0,2034.0,534,4.0,0
10.04,17,Amstel Gold Race (1.UWT) ,254.1,112.0,3460.0,702,18.0,0
03.04,34,Ronde van Vlaanderen - Tour des Flandres ME (1.UWT) ,272.5,79.0,2289.0,759,6.0,0
30.03,30,Dwars door Vlaanderen - A travers la Flandre ME (1.UWT) ,183.7,50.0,1649.0,647,5.0,0
27.03,70,Gent-Wevelgem in Flanders Fields ME (1.UWT) ,248.8,35.0,1377.0,838,5.0,0
06.03 » 13.03,,Paris - Nice (2.UWT) ,,188.0,3408.0,1183,,0
10.03,DNS,Stage 5 - Saint-Just-Saint-Rambert › Saint-Sauveur-de-Montagut ,188.8,188.0,3408.0,1183,,0
09.03,124,Stage 4 (ITT) - Domérat › Montluçon ,13.4,18.0,188.0,1183,,0
08.03,117,Stage 3 - Vierzon › Dun-le-Palestel ,190.8,63.0,1929.0,1183,,0
07.03,142,Stage 2 - Auffargis › Orléans ,159.2,8.0,707.0,1183,,0
06.03,108,Stage 1 - Mantes-la-Ville › Mantes-la-Ville ,159.8,56.0,1723.0,1183,,0
01.03,1,Le Samyn (1.1) ,209.0,10.0,1541.0,298,75.0,1
27.02,9,Kuurne - Bruxelles - Kuurne (1.Pro) ,195.1,45.0,1829.0,718,26.0,0
26.02,7,Omloop Het Nieuwsblad ME (1.UWT) ,204.2,49.0,1666.0,749,60.0,0
16.02 » 20.02,,Vuelta a Andalucia Ruta Ciclista Del Sol (2.Pro) ,,,,423,,0
,30,Points classification ,,,,423,,0
,39,General classification ,,,,423,,0
20.02,91,Stage 5 - Huesa › Chiclana de Segura ,146.4,151.0,2899.0,423,,0
19.02,48,Stage 4 - Cúllar Vega › Baza ,167.4,118.0,2987.0,423,,0
18.02,23,Stage 3 - Lucena › Otura ,153.2,111.0,2873.0,423,,0
17.02,52,Stage 2 - Archidona › Alcalá la Real ,150.6,143.0,2986.0,423,,0
16.02,9,Stage 1 - Ubrique › Iznájar ,200.7,121.0,3460.0,423,,0
13.02,24,Clasica de Almeria (1.Pro) ,188.2,30.0,1751.0,224,2.0,0
12.02,2,Vuelta Ciclista a la Region de Murcia Costa Calida (1.1) ,183.2,94.0,2331.0,197,55.0,1
02.02 » 06.02,,Volta a la Comunitat Valenciana (2.Pro) ,,,,610,,0
,23,Points classification ,,,,610,,0
,80,General classification ,,,,610,,0
06.02,6,Stage 5 - Paterna › Valencia ,92.0,12.0,706.0,610,3.0,0
05.02,22,Stage 4 - Orihuela › Torrevieja  ,193.1,19.0,1237.0,610,,0
04.02,110,Stage 3 - Alicante › Antenas del Maigmó ,155.1,286.0,3628.0,610,,0
03.02,140,Stage 2 - Bétera › Torrent ,171.5,83.0,2429.0,610,,0
02.02,56,Stage 1 - Les Alqueries › Torralba del Pinar ,166.7,162.0,3164.0,610,,0
30.01,DNS,Grand Prix Cycliste de Marseille La Marseillaise (1.1) ,174.3,120.0,2921.0,325,,0
