date,result,name,distance,profile,vert,startlist,points,top3
08.10,DNF,Il Lombardia (1.UWT) ,253.0,278.0,4852.0,1019,,0
04.10,89,Tre Valli Varesine (1.Pro) ,196.3,152.0,3464.0,922,,0
25.09,10,World Championships ME - Road Race (WC)  71k,266.9,160.0,4167.0,1053,70.0,0
13.09 » 17.09,,Skoda Tour Luxembourg (2.Pro) ,,,,177,,0
,1,Youth classification ,,,,177,,1
,2,Points classification ,,,,177,,1
,1,General classification ,,,,177,150.0,1
17.09,2,Stage 5 - Mersch › Luxembourg ,178.4,146.0,3186.0,177,18.0,1
16.09,1,Stage 4 (ITT) - Remich › Remich ,26.1,38.0,303.0,177,30.0,1
15.09,14,Stage 3 - Rosport › Diekirch ,188.4,99.0,2940.0,177,,0
14.09,5,Stage 2 - Junglinster › Schifflange ,163.4,55.0,2060.0,177,4.0,0
13.09,20,Stage 1 - Luxembourg › Luxembourg ,163.8,132.0,2554.0,177,,0
24.08 » 28.08,,Deutschland Tour (2.Pro) ,,93.0,2586.0,458,,0
28.08,DNF,Stage 4 - Schiltach › Stuttgart ,186.6,93.0,2586.0,458,,0
27.08,7,Stage 3 - Freiburg  › Schauinsland ,148.9,203.0,2065.0,458,2.0,0
26.08,13,Stage 2 - Meiningen › Marburg ,200.7,87.0,2467.0,458,,0
25.08,31,Stage 1 - Weimar › Meiningen ,171.7,62.0,2103.0,458,,0
24.08,17,Prologue - Weimar › Weimar ,2.6,1.0,17.0,458,,0
16.08 » 20.08,,PostNord Danmark Rundt - Tour of Denmark (2.Pro) ,,,,296,,0
,2,Youth classification ,,,,296,,1
,7,Points classification ,,,,296,,0
,3,General classification ,,,,296,90.0,1
20.08,3,Stage 5 - Give › Vejle ,126.5,103.0,1786.0,296,12.0,1
19.08,28,Stage 4 - Skive › Skive ,167.3,7.0,884.0,296,,0
18.08,19,Stage 3 - Otterup › Herning ,239.3,10.0,1355.0,296,,0
17.08,2,Stage 2 (ITT) - Assens › Assens ,12.2,0.0,81.0,296,18.0,1
16.08,30,Stage 1 - Allerød › Køge ,222.6,2.0,1016.0,296,,0
09.08 » 11.08,,Tour de l'Ain (2.1) ,,,,198,,0
,1,Youth classification ,,,,198,,1
,5,Mountains classification ,,,,198,,0
,1,Points classification ,,,,198,,1
,2,General classification ,,,,198,70.0,1
11.08,4,Stage 3 - Plateau d'Hauteville › Lélex ,131.0,261.0,3522.0,198,5.0,0
10.08,2,Stage 2 - Saint-Vulbas › Lagnieu ,144.0,183.0,2853.0,198,12.0,1
09.08,6,Stage 1 - Châtillon-Sur-Chalaronne › Val-Revermont ,152.0,51.0,1269.0,198,3.0,0
31.07,52,Circuito de Getxo - Memorial Hermanos Otxoa (1.1) ,196.5,121.0,2378.0,276,,0
30.07,8,Donostia San Sebastian Klasikoa (1.UWT) ,224.8,231.0,4147.0,724,50.0,0
23.07 » 27.07,,Ethias-Tour de Wallonie (2.Pro) ,,,,378,,0
,2,Youth classification ,,,,378,,1
,20,Mountains classification ,,,,378,,0
,3,Points classification ,,,,378,,1
,3,General classification ,,,,378,90.0,1
27.07,8,Stage 5 - Le Roeulx › Chapelle-lez-Herlaimont ,214.8,29.0,1703.0,378,1.0,0
26.07,4,Stage 4 - Durbuy › Couvin ,200.8,136.0,3289.0,378,7.0,0
25.07,29,Stage 3 - Visé › Rochefort ,195.6,95.0,2850.0,378,,0
24.07,5,Stage 2 - Verviers › Herve ,176.8,121.0,2748.0,378,4.0,0
23.07,4,Stage 1 - Temploux › Huy ,174.4,98.0,2257.0,378,7.0,0
26.06,8,National Championships Denmark - Road Race (NC) ,211.0,,,101,,0
23.06,3,National Championships Denmark - ITT (NC) ,39.6,,,67,2.0,1
16.06 » 19.06,,La Route d'Occitanie - La Dépêche du Midi (2.1) ,,,,298,,0
,2,Youth classification ,,,,298,,1
,25,Mountains classification ,,,,298,,0
,8,Points classification ,,,,298,,0
,5,General classification ,,,,298,28.0,0
19.06,6,Stage 4 - Les Angles › Auterive ,188.3,63.0,1939.0,298,3.0,0
18.06,5,Stage 3 - Sigean › Les Angles ,188.7,268.0,4503.0,298,4.0,0
17.06,33,Stage 2 - Belmont-sur-Rance › Roquefort-sur-Soulzon ,33.6,97.0,2557.0,298,,0
16.06,17,Stage 1 - Séméac › L'Isle Jourdain ,174.4,51.0,1708.0,298,,0
14.06,15,Mont Ventoux Dénivelé Challenge (1.1) ,154.0,394.0,4521.0,260,6.0,0
06.05 » 29.05,,Giro d'Italia (2.UWT) ,,,,816,,0
,11,Youth classification ,,,,816,,0
,82,Points classification ,,,,816,,0
,40,General classification ,,,,816,20.0,0
29.05,22,Stage 21 (ITT) - Verona › Verona ,17.4,30.0,317.0,816,,0
28.05,36,Stage 20 - Belluno › Marmolada (Passo Fedaia) ,168.0,392.0,4718.0,816,,0
27.05,44,Stage 19 - Marano Lagunare › Santuario di Castelmonte ,178.0,262.0,3489.0,816,,0
26.05,69,Stage 18 - Borgo Valsugana › Treviso ,156.0,34.0,1219.0,816,,0
25.05,58,Stage 17 - Ponte di Legno › Lavarone ,168.0,347.0,3950.0,816,,0
24.05,37,Stage 16 - Salò › Aprica ,202.0,376.0,5268.0,816,,0
22.05,105,Stage 15 - Rivarolo Canavese › Cogne ,177.0,301.0,4019.0,816,,0
21.05,44,Stage 14 - Santena › Torino ,147.0,247.0,3167.0,816,,0
20.05,47,Stage 13 - Sanremo › Cuneo ,150.0,51.0,1817.0,816,,0
19.05,25,Stage 12 - Parma › Genova ,204.0,112.0,2867.0,816,,0
18.05,92,Stage 11 - Santarcangelo di Romagna › Reggio Emilia ,203.0,0.0,369.0,816,,0
17.05,63,Stage 10 - Pescara › Jesi ,196.0,86.0,1764.0,816,,0
15.05,27,Stage 9 - Isernia › Blockhaus ,191.0,458.0,5080.0,816,,0
14.05,89,Stage 8 - Napoli › Napoli  141k,153.0,123.0,2243.0,816,,0
13.05,85,Stage 7 - Diamante › Potenza ,196.0,246.0,4730.0,816,,0
12.05,70,Stage 6 - Palmi › Scalea ,192.0,49.0,1498.0,816,,0
11.05,67,Stage 5 - Catania › Messina ,174.0,31.0,1968.0,816,,0
10.05,40,Stage 4 - Avola › Etna ,172.0,251.0,3626.0,816,,0
08.05,25,Stage 3 - Kaposvár › Balatonfüred ,201.0,7.0,1150.0,816,,0
07.05,21,Stage 2 (ITT) - Budapest › Budapest ,9.2,8.0,81.0,816,,0
06.05,10,Stage 1 - Budapest › Visegrád ,195.0,51.0,1390.0,816,6.0,0
24.04,66,Liège-Bastogne-Liège (1.UWT) ,257.2,182.0,4342.0,1101,5.0,0
20.04,18,La Flèche Wallonne (1.UWT) ,202.1,173.0,3160.0,974,17.0,0
21.03 » 27.03,,Volta Ciclista a Catalunya (2.UWT) ,,,,722,,0
,6,Youth classification ,,,,722,,0
,17,Mountains classification ,,,,722,,0
,16,General classification ,,,,722,36.0,0
27.03,19,Stage 7 - Barcelona › Barcelona ,138.6,154.0,2121.0,722,,0
26.03,9,Stage 6 - Salou › Cambrils ,168.6,90.0,2706.0,722,2.0,0
25.03,79,Stage 5 - La Pobla de Segur › Vilanova i la Geltrú ,206.3,57.0,2478.0,722,,0
24.03,26,Stage 4 - La Seu d'Urgell › Boí Taüll ,166.7,221.0,3538.0,722,,0
23.03,30,Stage 3 - Perpignan › La Molina ,161.1,175.0,3394.0,722,,0
22.03,10,Stage 2 - L'Escala › Perpignan ,202.4,57.0,2166.0,722,1.0,0
21.03,6,Stage 1 - Sant Feliu de Guíxols › Sant Feliu de Guíxols ,171.2,58.0,1688.0,722,7.0,0
18.02 » 20.02,,Tour des Alpes Maritimes et du Var (2.1) ,,178.0,2650.0,292,,0
20.02,DNS,Stage 3 - Villefranche-sur-Mer › Blausasc ,112.6,178.0,2650.0,292,,0
19.02,57,Stage 2 - Puget-Théniers › La Turbie ,149.1,175.0,2663.0,292,,0
18.02,20,Stage 1 - Saint-Raphaël  › La Seyne-sur-Mer ,176.3,47.0,1955.0,292,,0
10.02 » 13.02,,Tour de la Provence (2.Pro) ,,,,318,,0
,1,Youth classification ,,,,318,,1
,3,Mountains classification ,,,,318,,1
,6,Points classification ,,,,318,,0
,3,General classification ,,,,318,90.0,1
13.02,2,Stage 3 - Manosque › Montagne de Lure ,166.1,206.0,3223.0,318,18.0,1
12.02,13,Stage 2 - Arles › Manosque ,180.6,69.0,2202.0,318,,0
11.02,7,Stage 1 - Istres › Les Saintes-Maries-de-la-Mer ,151.8,2.0,360.0,318,2.0,0
10.02,15,Prologue - Berre-l'Étang › Berre-l'Étang ,7.1,0.0,14.0,318,,0
