date,result,name,distance,profile,vert,startlist,points,top3
25.09,17,World Championships ME - Road Race (WC)  72k,266.9,160.0,4167.0,1053,38.0,0
21.09,1,World Championships - Mixed Relay TTT (WC) ,28.2,11.0,226.0,91,6.67,1
11.09,6,Grand Prix Cycliste de Montréal (1.UWT) ,221.4,182.0,4124.0,864,70.0,0
09.09,19,Grand Prix Cycliste de Québec (1.UWT) ,201.6,60.0,2508.0,866,16.0,0
28.08,28,Bretagne Classic - Ouest-France (1.UWT) ,254.8,95.0,3116.0,812,7.0,0
16.08 » 20.08,,PostNord Danmark Rundt - Tour of Denmark (2.Pro) ,,,,296,,0
,17,Points classification ,,,,296,,0
,6,General classification ,,,,296,60.0,0
20.08,5,Stage 5 - Give › Vejle ,126.5,103.0,1786.0,296,4.0,0
19.08,55,Stage 4 - Skive › Skive ,167.3,7.0,884.0,296,,0
18.08,18,Stage 3 - Otterup › Herning ,239.3,10.0,1355.0,296,,0
17.08,14,Stage 2 (ITT) - Assens › Assens ,12.2,0.0,81.0,296,,0
16.08,34,Stage 1 - Allerød › Køge ,222.6,2.0,1016.0,296,,0
30.07 » 05.08,,Tour de Pologne (2.UWT) ,,78.0,2179.0,467,,0
03.08,DNS,Stage 5 - Łańcut › Rzeszów ,178.1,78.0,2179.0,467,,0
02.08,28,Stage 4 - Lesko › Sanok ,179.4,103.0,2621.0,467,,0
01.08,6,Stage 3 - Kraśnik › Przemyśl ,237.9,93.0,1545.0,467,7.0,0
31.07,39,Stage 2 - Chełm › Zamość ,205.6,4.0,966.0,467,,0
30.07,55,Stage 1 - Kielce › Lublin ,218.8,10.0,1231.0,467,,0
26.06,4,National Championships Switzerland - Road Race (NC) ,192.0,,,98,4.0,0
23.06,2,National Championships Switzerland - ITT (NC) ,38.0,,,62,7.0,1
15.06 » 19.06,,Baloise Belgium Tour (2.Pro) ,,,,384,,0
,10,Points classification ,,,,384,,0
,1,General classification ,,,,384,150.0,1
19.06,42,Stage 5 - Gingelom › Beringen ,179.9,1.0,685.0,384,,0
18.06,2,Stage 4 - Durbuy › Durbuy  80k,172.2,182.0,3326.0,384,18.0,1
17.06,11,Stage 3 (ITT) - Scherpenheuvel-Zichem › Scherpenheuvel-Zichem ,11.8,0.0,49.0,384,,0
16.06,41,Stage 2 - Beveren › Knokke-Heist ,175.6,0.0,181.0,384,,0
15.06,18,Stage 1 - Merelbeke › Maarkedal ,165.0,59.0,1798.0,384,,0
10.06,16,Grosser Preis des Kantons Aargau (1.1) ,173.8,136.0,2902.0,338,5.0,0
06.05 » 29.05,,Giro d'Italia (2.UWT) ,,,,816,,0
,24,Youth classification ,,,,816,,0
,20,Mountains classification ,,,,816,,0
,24,Points classification ,,,,816,,0
,75,General classification ,,,,816,20.0,0
29.05,6,Stage 21 (ITT) - Verona › Verona ,17.4,30.0,317.0,816,15.0,0
28.05,147,Stage 20 - Belluno › Marmolada (Passo Fedaia) ,168.0,392.0,4718.0,816,,0
27.05,2,Stage 19 - Marano Lagunare › Santuario di Castelmonte  166k,178.0,262.0,3489.0,816,50.0,1
26.05,64,Stage 18 - Borgo Valsugana › Treviso ,156.0,34.0,1219.0,816,,0
25.05,67,Stage 17 - Ponte di Legno › Lavarone ,168.0,347.0,3950.0,816,,0
24.05,124,Stage 16 - Salò › Aprica ,202.0,376.0,5268.0,816,,0
22.05,61,Stage 15 - Rivarolo Canavese › Cogne ,177.0,301.0,4019.0,816,,0
21.05,95,Stage 14 - Santena › Torino ,147.0,247.0,3167.0,816,,0
20.05,94,Stage 13 - Sanremo › Cuneo ,150.0,51.0,1817.0,816,,0
19.05,117,Stage 12 - Parma › Genova ,204.0,112.0,2867.0,816,,0
18.05,81,Stage 11 - Santarcangelo di Romagna › Reggio Emilia ,203.0,0.0,369.0,816,,0
17.05,10,Stage 10 - Pescara › Jesi ,196.0,86.0,1764.0,816,6.0,0
15.05,67,Stage 9 - Isernia › Blockhaus ,191.0,458.0,5080.0,816,,0
14.05,6,Stage 8 - Napoli › Napoli  141k,153.0,123.0,2243.0,816,15.0,0
13.05,118,Stage 7 - Diamante › Potenza ,196.0,246.0,4730.0,816,,0
12.05,151,Stage 6 - Palmi › Scalea ,192.0,49.0,1498.0,816,,0
11.05,153,Stage 5 - Catania › Messina ,174.0,31.0,1968.0,816,,0
10.05,37,Stage 4 - Avola › Etna ,172.0,251.0,3626.0,816,,0
08.05,51,Stage 3 - Kaposvár › Balatonfüred ,201.0,7.0,1150.0,816,,0
07.05,9,Stage 2 (ITT) - Budapest › Budapest ,9.2,8.0,81.0,816,8.0,0
06.05,19,Stage 1 - Budapest › Visegrád ,195.0,51.0,1390.0,816,,0
26.04 » 01.05,,Tour de Romandie (2.UWT) ,,,,506,,0
,6,Youth classification ,,,,506,,0
,26,Points classification ,,,,506,,0
,23,General classification ,,,,506,14.0,0
01.05,49,Stage 5 (ITT) - Aigle › Villars ,15.84,172.0,884.0,506,,0
30.04,24,Stage 4 - Aigle › Zinal (Val d'Anniviers) ,180.1,276.0,4158.0,506,,0
29.04,16,Stage 3 - Valbroye › Valbroye ,165.1,107.0,2441.0,506,,0
28.04,21,Stage 2 - Échallens › Échallens ,168.2,83.0,2327.0,506,,0
27.04,10,Stage 1 - La Grande Beroche › Romont ,178.0,115.0,2729.0,506,1.0,0
26.04,9,Prologue - Lausanne › Lausanne ,5.12,0.0,39.0,506,2.0,0
22.03 » 26.03,,Settimana Internazionale Coppi e Bartali (2.1) ,,,,253,,0
,13,Youth classification ,,,,253,,0
,5,Points classification ,,,,253,,0
,31,General classification ,,,,253,,0
26.03,12,Stage 5 - Casalguidi › Cantagrillo ,160.0,143.0,2051.0,253,,0
25.03,48,Stage 4 - Montecatini › Montecatini ,158.7,97.0,2446.0,253,,0
24.03,25,Stage 3 - San Marino › San Marino ,147.0,326.0,3963.0,253,,0
23.03,57,Stage 2 - Riccione › Longiano ,165.9,162.0,2686.0,253,,0
22.03,1,Stage 1 - Riccione › Riccione ,164.6,155.0,2969.0,253,20.0,1
18.03,45,Bredene Koksijde Classic (1.Pro) ,200.9,10.0,696.0,230,,0
16.03,22,Danilith Nokere Koerse (1.Pro) ,189.8,14.0,1127.0,229,4.0,0
05.03,DNF,Strade Bianche (1.UWT) ,184.0,167.0,3107.0,662,,0
27.02,23,Drôme Classic (1.Pro) ,191.5,127.0,2371.0,464,3.0,0
26.02,53,Faun-Ardèche Classic (1.Pro) ,168.5,216.0,3161.0,453,,0
10.02 » 15.02,,Tour of Oman (2.Pro) ,,,,140,,0
,5,Youth classification ,,,,140,,0
,12,Points classification ,,,,140,,0
,10,General classification ,,,,140,40.0,0
15.02,42,Stage 6 - Al Mouj Muscat › Matrah Corniche ,132.5,65.0,1097.0,140,,0
14.02,10,Stage 5 - Samail › Jabal Al Akhdhar ,150.5,169.0,1967.0,140,,0
13.02,2,Stage 4 - Al Sifah › Muscat ,119.5,145.0,2174.0,140,18.0,1
12.02,10,Stage 3 - Sultan Qaboos University › Qurayyat  ,180.0,92.0,1918.0,140,,0
11.02,54,Stage 2 - Naseem Park › Suhar Corniche ,167.5,0.0,179.0,140,,0
10.02,67,Stage 1 - Al Rustaq Fort › Muscat ,138.0,17.0,684.0,140,,0
