date,result,name,distance,profile,vert,startlist,points,top3
03.10,3,Sparkassen Münsterland Giro (1.Pro) ,205.9,5.0,842.0,225,60.0,1
21.09,14,Omloop van het Houtland Middelkerke-Lichtervelde (1.1) ,196.4,0.0,399.0,289,7.0,0
18.09,7,Grand Prix d'Isbergues - Pas de Calais (1.1) ,197.6,12.0,1150.0,237,20.0,0
16.09,22,Kampioenschap van Vlaanderen (1.1) ,195.3,0.0,697.0,226,,0
11.09,13,GP de Fourmies / La Voix du Nord (1.Pro) ,197.6,47.0,2111.0,371,16.0,0
23.08,64,Egmont Cycling Race (1.1) ,198.0,13.0,1431.0,293,,0
21.08,71,BEMER Cyclassics (1.UWT) ,204.7,30.0,892.0,651,5.0,0
17.08,25,European Continental Championships - ITT (CC) ,24.0,,,90,,0
01.07 » 24.07,,Tour de France (2.UWT) ,,204.0,3418.0,1550,,0
19.07,DNS,Stage 16 - Carcassonne › Foix ,178.5,204.0,3418.0,1550,,0
17.07,135,Stage 15 - Rodez › Carcassonne ,202.5,64.0,2416.0,1550,,0
16.07,117,Stage 14 - Saint-Etienne › Mende ,192.5,170.0,3441.0,1550,,0
15.07,109,Stage 13 - Bourg d'Oisans › Saint-Etienne ,192.6,78.0,2109.0,1550,,0
14.07,136,Stage 12 - Briançon › L'Alpe d'Huez ,165.1,389.0,4660.0,1550,,0
13.07,153,Stage 11 - Albertville › Col du Granon ,151.7,400.0,4070.0,1550,,0
12.07,136,Stage 10 - Morzine › Megève ,148.1,143.0,2733.0,1550,,0
10.07,156,Stage 9 - Aigle › Châtel les portes du Soleil ,192.9,223.0,3743.0,1550,,0
09.07,114,Stage 8 - Dole › Lausanne ,186.3,87.0,2556.0,1550,,0
08.07,159,Stage 7 - Tomblaine › La Super Planche des Belles Filles ,176.3,192.0,2526.0,1550,,0
07.07,150,Stage 6 - Binche › Longwy ,219.9,85.0,2477.0,1550,,0
06.07,12,Stage 5 - Lille › Wallers-Arenberg ,157.0,1.0,601.0,1550,6.0,0
05.07,116,Stage 4 - Dunkerque › Calais ,171.5,63.0,1785.0,1550,,0
03.07,158,Stage 3 - Vejle › Sønderborg ,182.0,16.0,1280.0,1550,,0
02.07,12,Stage 2 - Roskilde › Nyborg ,202.2,11.0,1149.0,1550,6.0,0
01.07,30,Stage 1 (ITT) - Copenhagen › Copenhagen ,13.2,0.0,21.0,1550,,0
26.06,18,National Championships Germany - Road Race (NC) ,210.0,,,74,,0
24.06,13,National Championships Germany - ITT (NC) ,27.5,,,34,,0
15.06 » 19.06,,Baloise Belgium Tour (2.Pro) ,,,,384,,0
,16,Points classification ,,,,384,,0
,70,General classification ,,,,384,,0
19.06,5,Stage 5 - Gingelom › Beringen ,179.9,1.0,685.0,384,4.0,0
18.06,86,Stage 4 - Durbuy › Durbuy ,172.2,182.0,3326.0,384,,0
17.06,19,Stage 3 (ITT) - Scherpenheuvel-Zichem › Scherpenheuvel-Zichem ,11.8,0.0,49.0,384,,0
16.06,11,Stage 2 - Beveren › Knokke-Heist ,175.6,0.0,181.0,384,,0
15.06,67,Stage 1 - Merelbeke › Maarkedal ,165.0,59.0,1798.0,384,,0
12.06,11,Elfstedenronde Brugge (1.1) ,192.3,0.0,268.0,250,12.0,0
11.06,48,Dwars door het Hageland (1.Pro) ,177.0,24.0,1065.0,234,,0
06.06,57,Ronde van Limburg (1.1) ,202.6,32.0,1651.0,312,,0
05.06,63,Brussels Cycling Classic (1.Pro) ,203.9,33.0,1850.0,362,,0
04.06,14,Heylen Vastgoed Heistse Pijl (1.1) ,192.8,5.0,572.0,210,7.0,0
29.05,83,Marcel Kint Classic (1.1) ,199.0,40.0,1599.0,143,,0
22.05,25,Rund um Köln (1.1) ,199.3,88.0,2875.0,199,,0
15.05,23,Tro-Bro Léon (1.Pro) ,207.8,38.0,1674.0,247,3.0,0
23.03,4,Minerva Classic Brugge-De Panne (1.UWT) ,207.9,0.0,246.0,459,90.0,0
18.03,44,Bredene Koksijde Classic (1.Pro) ,200.9,10.0,696.0,230,,0
17.03,1,Grand Prix de Denain - Porte du Hainaut (1.Pro) ,200.3,8.0,1208.0,252,125.0,1
16.03,2,Danilith Nokere Koerse (1.Pro) ,189.8,14.0,1127.0,229,85.0,1
06.03 » 13.03,,Paris - Nice (2.UWT) ,,303.0,3582.0,1183,,0
12.03,DNS,Stage 7 - Nice › Col de Turini ,155.2,303.0,3582.0,1183,,0
11.03,96,Stage 6 - Courthézon › Aubagne ,213.6,97.0,2878.0,1183,,0
10.03,100,Stage 5 - Saint-Just-Saint-Rambert › Saint-Sauveur-de-Montagut ,188.8,188.0,3408.0,1183,,0
09.03,63,Stage 4 (ITT) - Domérat › Montluçon ,13.4,18.0,188.0,1183,,0
08.03,98,Stage 3 - Vierzon › Dun-le-Palestel ,190.8,63.0,1929.0,1183,,0
07.03,68,Stage 2 - Auffargis › Orléans ,159.2,8.0,707.0,1183,,0
06.03,112,Stage 1 - Mantes-la-Ville › Mantes-la-Ville ,159.8,56.0,1723.0,1183,,0
01.03,32,Le Samyn (1.1) ,209.0,10.0,1541.0,298,,0
27.02,135,Kuurne - Bruxelles - Kuurne (1.Pro) ,195.1,45.0,1829.0,718,,0
10.02 » 15.02,,Tour of Oman (2.Pro) ,,,,140,,0
,25,Points classification ,,,,140,,0
,60,General classification ,,,,140,,0
15.02,71,Stage 6 - Al Mouj Muscat › Matrah Corniche ,132.5,65.0,1097.0,140,,0
14.02,55,Stage 5 - Samail › Jabal Al Akhdhar ,150.5,169.0,1967.0,140,,0
13.02,53,Stage 4 - Al Sifah › Muscat ,119.5,145.0,2174.0,140,,0
12.02,65,Stage 3 - Sultan Qaboos University › Qurayyat  ,180.0,92.0,1918.0,140,,0
11.02,14,Stage 2 - Naseem Park › Suhar Corniche ,167.5,0.0,179.0,140,,0
10.02,7,Stage 1 - Al Rustaq Fort › Muscat ,138.0,17.0,684.0,140,2.0,0
30.01,10,Trofeo Playa de Palma - Palma (1.1) ,169.1,35.0,1552.0,303,14.0,0
27.01,72,Trofeo Alcúdia - Port d'Alcúdia (1.1) ,173.2,62.0,1653.0,272,,0
