date,result,name,distance,profile,vert,startlist,points,top3
08.10,DNF,Il Lombardia (1.UWT) ,253.0,278.0,4852.0,1019,,0
04.10,DNF,Tre Valli Varesine (1.Pro) ,196.3,152.0,3464.0,922,,0
01.10,DNF,Giro dell'Emilia (1.Pro) ,198.7,266.0,3021.0,728,,0
29.09,DNS,Coppa Agostoni - Giro delle Brianze (1.1) ,193.0,121.0,3189.0,358,,0
04.09 » 08.09,,Tour of Britain (2.Pro) ,,,,154,,0
,12,Mountains classification ,,,,154,,0
,29,General classification ,,,,154,,0
08.09,83,Stage 5 - West Bridgford › Mansfield ,186.8,19.0,1421.0,154,,0
07.09,34,"Stage 4 - Redcar › Duncombe Park, Helmsley ",149.5,101.0,2223.0,154,,0
06.09,39,Stage 3 - Durham › Sunderland ,163.6,54.0,2002.0,154,,0
05.09,44,Stage 2 - Hawick › Duns ,175.2,68.0,1965.0,154,,0
04.09,26,Stage 1 - Aberdeen › Glenshee Ski Centre ,181.3,65.0,2309.0,154,,0
19.08 » 11.09,,La Vuelta ciclista a España (2.UWT) ,,0.0,255.0,970,,0
21.08,DNF,Stage 3 - Breda › Breda ,193.2,0.0,255.0,970,,0
20.08,29,Stage 2 - 's-Hertogenbosch › Utrecht ,175.1,10.0,518.0,970,,0
19.08,16,Stage 1 (TTT) - Utrecht › Utrecht ,23.3,0.0,31.0,970,,0
01.07 » 24.07,,Tour de France (2.UWT) ,,13.0,748.0,1550,,0
24.07,DNS,Stage 21 - Paris La Défense › Paris (Champs-Élysées) ,115.6,13.0,748.0,1550,,0
23.07,127,Stage 20 (ITT) - Lacapelle-Marival › Rocamadour ,40.7,39.0,434.0,1550,,0
22.07,82,Stage 19 - Castelnau-Magnoac › Cahors ,188.3,35.0,1316.0,1550,,0
21.07,42,Stage 18 - Lourdes › Hautacam  61k,143.2,408.0,4036.0,1550,,0
20.07,71,Stage 17 - Saint-Gaudens › Peyragudes ,129.7,324.0,3364.0,1550,,0
19.07,3,Stage 16 - Carcassonne › Foix  148k,178.5,204.0,3418.0,1550,50.0,1
17.07,88,Stage 15 - Rodez › Carcassonne ,202.5,64.0,2416.0,1550,,0
16.07,18,Stage 14 - Saint-Etienne › Mende  149k,192.5,170.0,3441.0,1550,,0
15.07,96,Stage 13 - Bourg d'Oisans › Saint-Etienne ,192.6,78.0,2109.0,1550,,0
14.07,67,Stage 12 - Briançon › L'Alpe d'Huez ,165.1,389.0,4660.0,1550,,0
13.07,57,Stage 11 - Albertville › Col du Granon ,151.7,400.0,4070.0,1550,,0
12.07,79,Stage 10 - Morzine › Megève ,148.1,143.0,2733.0,1550,,0
10.07,130,Stage 9 - Aigle › Châtel les portes du Soleil ,192.9,223.0,3743.0,1550,,0
09.07,16,Stage 8 - Dole › Lausanne ,186.3,87.0,2556.0,1550,,0
08.07,27,Stage 7 - Tomblaine › La Super Planche des Belles Filles ,176.3,192.0,2526.0,1550,,0
07.07,19,Stage 6 - Binche › Longwy ,219.9,85.0,2477.0,1550,,0
06.07,97,Stage 5 - Lille › Wallers-Arenberg ,157.0,1.0,601.0,1550,,0
05.07,110,Stage 4 - Dunkerque › Calais ,171.5,63.0,1785.0,1550,,0
03.07,126,Stage 3 - Vejle › Sønderborg ,182.0,16.0,1280.0,1550,,0
02.07,153,Stage 2 - Roskilde › Nyborg ,202.2,11.0,1149.0,1550,,0
01.07,133,Stage 1 (ITT) - Copenhagen › Copenhagen ,13.2,0.0,21.0,1550,,0
16.06 » 19.06,,La Route d'Occitanie - La Dépêche du Midi (2.1) ,,,,298,,0
,2,Mountains classification ,,,,298,,1
,2,Points classification ,,,,298,,1
,1,General classification ,,,,298,100.0,1
19.06,15,Stage 4 - Les Angles › Auterive ,188.3,63.0,1939.0,298,,0
18.06,1,Stage 3 - Sigean › Les Angles ,188.7,268.0,4503.0,298,20.0,1
17.06,6,Stage 2 - Belmont-sur-Rance › Roquefort-sur-Soulzon ,33.6,97.0,2557.0,298,3.0,0
16.06,31,Stage 1 - Séméac › L'Isle Jourdain ,174.4,51.0,1708.0,298,,0
14.06,37,Mont Ventoux Dénivelé Challenge (1.1) ,154.0,394.0,4521.0,260,,0
31.05,2,Mercan'Tour Classic Alpes-Maritimes (1.1) ,167.9,350.0,4739.0,247,55.0,1
26.04 » 01.05,,Tour de Romandie (2.UWT) ,,,,506,,0
,26,Mountains classification ,,,,506,,0
,32,Points classification ,,,,506,,0
,17,General classification ,,,,506,32.0,0
01.05,31,Stage 5 (ITT) - Aigle › Villars ,15.84,172.0,884.0,506,,0
30.04,6,Stage 4 - Aigle › Zinal (Val d'Anniviers) ,180.1,276.0,4158.0,506,7.0,0
29.04,44,Stage 3 - Valbroye › Valbroye ,165.1,107.0,2441.0,506,,0
28.04,40,Stage 2 - Échallens › Échallens ,168.2,83.0,2327.0,506,,0
27.04,22,Stage 1 - La Grande Beroche › Romont ,178.0,115.0,2729.0,506,,0
26.04,117,Prologue - Lausanne › Lausanne ,5.12,0.0,39.0,506,,0
24.04,10,Liège-Bastogne-Liège (1.UWT) ,257.2,182.0,4342.0,1101,50.0,0
20.04,6,La Flèche Wallonne (1.UWT) ,202.1,173.0,3160.0,974,70.0,0
04.04 » 09.04,,Itzulia Basque Country (2.UWT) ,,,,742,,0
,27,Points classification ,,,,742,,0
,13,General classification ,,,,742,50.0,0
09.04,12,Stage 6 - Eibar › Arrate ,135.7,275.0,3636.0,742,,0
08.04,16,Stage 5 - Zamudio › Mallabia ,163.76,184.0,3485.0,742,,0
07.04,30,Stage 4 - Vitoria-Gasteiz › Zamudio ,185.6,154.0,2703.0,742,,0
06.04,37,Stage 3 - Llodio › Amurrio ,181.7,186.0,3278.0,742,,0
05.04,15,Stage 2 - Leitza › Viana ,207.92,77.0,2625.0,742,,0
04.04,104,Stage 1 (ITT) - Hondarribia › Hondarribia ,7.51,7.0,100.0,742,,0
21.03 » 27.03,,Volta Ciclista a Catalunya (2.UWT) ,,90.0,2706.0,722,,0
26.03,DNS,Stage 6 - Salou › Cambrils ,168.6,90.0,2706.0,722,,0
25.03,136,Stage 5 - La Pobla de Segur › Vilanova i la Geltrú ,206.3,57.0,2478.0,722,,0
24.03,107,Stage 4 - La Seu d'Urgell › Boí Taüll ,166.7,221.0,3538.0,722,,0
23.03,40,Stage 3 - Perpignan › La Molina ,161.1,175.0,3394.0,722,,0
22.03,52,Stage 2 - L'Escala › Perpignan ,202.4,57.0,2166.0,722,,0
21.03,44,Stage 1 - Sant Feliu de Guíxols › Sant Feliu de Guíxols ,171.2,58.0,1688.0,722,,0
24.02 » 27.02,,Gran Camiño (2.1) ,,,,215,,0
,2,Mountains classification ,,,,215,,1
,2,Points classification ,,,,215,,1
,2,General classification ,,,,215,70.0,1
27.02,10,Stage 4 (ITT) - Sarria  › Sarria  ,15.8,20.0,208.0,215,,0
26.02,2,Stage 3 - Maceda  › Luintra ,148.4,251.0,2669.0,215,12.0,1
25.02,1,Stage 2 - Bertamiráns  › Mirador do Ézaro ,177.6,146.0,3006.0,215,20.0,1
24.02,53,Stage 1 - O Porriño › Vigo ,165.0,60.0,1993.0,215,,0
16.02 » 20.02,,Vuelta a Andalucia Ruta Ciclista Del Sol (2.Pro) ,,143.0,2986.0,423,,0
17.02,DNS,Stage 2 - Archidona › Alcalá la Real ,150.6,143.0,2986.0,423,,0
16.02,37,Stage 1 - Ubrique › Iznájar ,200.7,121.0,3460.0,423,,0
