date,result,name,distance,profile,vert,startlist,points,top3
16.10,26,Veneto Classic (1.1) ,190.0,130.0,2533.0,159,,0
12.10,4,Giro del Veneto (1.1) ,159.8,65.0,1530.0,201,32.0,0
08.10,65,Il Lombardia (1.UWT) ,253.0,278.0,4852.0,1019,5.0,0
04.10,DNF,Tre Valli Varesine (1.Pro) ,196.3,152.0,3464.0,922,,0
03.10,90,Coppa Bernocchi - GP BPM (1.Pro) ,190.7,84.0,2087.0,405,,0
01.10,52,Giro dell'Emilia (1.Pro) ,198.7,266.0,3021.0,728,,0
19.08 » 11.09,,La Vuelta ciclista a España (2.UWT) ,,,,970,,0
,8,Mountains classification ,,,,970,,0
,13,Points classification ,,,,970,,0
,4,General classification ,,,,970,220.0,0
11.09,50,Stage 21 - Las Rozas › Madrid ,96.7,10.0,773.0,970,,0
10.09,8,Stage 20 - Moralzarzal › Puerto de Navacerrada ,181.0,216.0,3977.0,970,10.0,0
09.09,9,Stage 19 - Talavera de la Reina › Talavera de la Reina ,138.3,101.0,2278.0,970,8.0,0
08.09,9,Stage 18 - Trujillo › Alto del Piornal ,192.0,214.0,3680.0,970,8.0,0
07.09,20,Stage 17 - Aracena › Monasterio de Tentudía ,162.3,161.0,2755.0,970,,0
06.09,17,Stage 16 - Sanlúcar de Barrameda › Tomares ,189.4,28.0,1076.0,970,,0
04.09,3,Stage 15 - Martos › Sierra Nevada ,152.6,407.0,4033.0,970,35.0,1
03.09,2,Stage 14 - Montoro › Sierra de La Pandera ,160.3,278.0,3312.0,970,50.0,1
02.09,30,Stage 13 - Ronda › Montilla ,168.4,54.0,1766.0,970,,0
01.09,19,Stage 12 - Salobreña › Peñas Blancas. Estepona ,192.7,273.0,3238.0,970,,0
31.08,59,Stage 11 - ElPozo Alimentación › Cabo de Gata ,191.2,38.0,1592.0,970,,0
30.08,9,Stage 10 (ITT) - Elche › Alicante ,30.9,4.0,179.0,970,8.0,0
28.08,13,Stage 9 - Villaviciosa › Les Praeres. Nava ,171.4,242.0,3675.0,970,3.0,0
27.08,20,Stage 8 - La Pola Llaviana/Pola de Laviana › Colláu Fancuaya ,153.4,335.0,3741.0,970,,0
26.08,45,Stage 7 - Camargo › Cistierna ,190.0,112.0,3359.0,970,,0
25.08,16,Stage 6 - Bilbao › Ascensión al Pico Jano. San Miguel de Aguayo ,181.2,294.0,4120.0,970,,0
24.08,68,Stage 5 - Irún › Bilbao ,187.2,162.0,2978.0,970,,0
23.08,36,Stage 4 - Vitoria-Gasteiz › Laguardia ,152.5,133.0,2319.0,970,,0
21.08,50,Stage 3 - Breda › Breda ,193.2,0.0,255.0,970,,0
20.08,24,Stage 2 - 's-Hertogenbosch › Utrecht ,175.1,10.0,518.0,970,,0
19.08,11,Stage 1 (TTT) - Utrecht › Utrecht ,23.3,0.0,31.0,970,,0
02.08 » 06.08,,Vuelta a Burgos (2.Pro) ,,,,356,,0
,1,Mountains classification ,,,,356,,1
,11,Points classification ,,,,356,,0
,3,General classification ,,,,356,90.0,1
06.08,2,Stage 5 - Lermas › Lagunas de Neila ,170.0,196.0,2792.0,356,18.0,1
05.08,25,Stage 4 - Torresandino › Ciudad Romana de Clunia ,169.0,29.0,1361.0,356,,0
04.08,21,Stage 3 - Quintana Martín Galíndez › Villarcayo ,156.0,155.0,2324.0,356,,0
03.08,49,Stage 2 - Vivar del Cid › Villadiego ,158.0,39.0,1659.0,356,,0
02.08,29,Stage 1 - Burgos › Burgos ,157.0,45.0,1521.0,356,,0
06.05 » 29.05,,Giro d'Italia (2.UWT) ,,251.0,3626.0,816,,0
10.05,DNF,Stage 4 - Avola › Etna ,172.0,251.0,3626.0,816,,0
08.05,104,Stage 3 - Kaposvár › Balatonfüred ,201.0,7.0,1150.0,816,,0
07.05,59,Stage 2 (ITT) - Budapest › Budapest ,9.2,8.0,81.0,816,,0
06.05,39,Stage 1 - Budapest › Visegrád ,195.0,51.0,1390.0,816,,0
18.04 » 22.04,,Tour of the Alps (2.Pro) ,,,,257,,0
,9,Mountains classification ,,,,257,,0
,27,General classification ,,,,257,,0
22.04,14,Stage 5 - Lienz › Lienz ,114.5,228.0,2447.0,257,,0
21.04,1,Stage 4 - Villabassa › Kals am Grossglockner ,142.4,159.0,2386.0,257,30.0,1
20.04,26,Stage 3 - Lana › Villabassa ,154.6,193.0,3287.0,257,,0
19.04,76,Stage 2 - Primiero/S. Martino di Castrozza › Lana  89k,154.1,153.0,3228.0,257,,0
18.04,12,Stage 1 - Cles › Primiero/S. Martino di Castrozza ,160.9,227.0,3693.0,257,,0
07.03 » 13.03,,Tirreno-Adriatico (2.UWT) ,,,,1061,,0
,21,General classification ,,,,1061,18.0,0
13.03,84,Stage 7 - San Benedetto del Tronto › San Benedetto del Tronto ,159.0,19.0,1296.0,1061,,0
12.03,26,Stage 6 - Apecchio › Carpegna ,215.0,266.0,3817.0,1061,,0
11.03,19,Stage 5 - Sefro › Fermo ,155.0,191.0,2402.0,1061,,0
10.03,14,Stage 4 - Cascata delle Marmore › Bellante ,202.0,131.0,3092.0,1061,,0
09.03,51,Stage 3 - Murlo › Terni ,170.0,53.0,2063.0,1061,,0
08.03,58,Stage 2 - Camaiore › Sovicille ,219.0,70.0,2144.0,1061,,0
07.03,13,Stage 1 (ITT) - Lido di Camaiore › Lido di Camaiore ,13.9,0.0,4.0,1061,,0
05.03,DNF,Strade Bianche (1.UWT) ,184.0,167.0,3107.0,662,,0
16.02 » 20.02,,Vuelta a Andalucia Ruta Ciclista Del Sol (2.Pro) ,,,,423,,0
,6,Mountains classification ,,,,423,,0
,4,Points classification ,,,,423,,0
,3,General classification ,,,,423,90.0,1
20.02,18,Stage 5 - Huesa › Chiclana de Segura ,146.4,151.0,2899.0,423,,0
19.02,10,Stage 4 - Cúllar Vega › Baza  144k,167.4,118.0,2987.0,423,,0
18.02,9,Stage 3 - Lucena › Otura ,153.2,111.0,2873.0,423,,0
17.02,2,Stage 2 - Archidona › Alcalá la Real ,150.6,143.0,2986.0,423,18.0,1
16.02,27,Stage 1 - Ubrique › Iznájar ,200.7,121.0,3460.0,423,,0
14.02,17,Clásica Jaén Paraiso Interior (1.1) ,187.8,180.0,3064.0,166,4.0,0
12.02,45,Vuelta Ciclista a la Region de Murcia Costa Calida (1.1) ,183.2,94.0,2331.0,197,,0
