date,result,name,distance,profile,vert,startlist,points,top3
08.10,3.0,Il Lombardia (1.UWT) ,253.0,278.0,4852.0,1019,150.0,1
06.10,27.0,Gran Piemonte (1.Pro) ,198.0,44.0,1426.0,424,,0
19.08 » 11.09,,La Vuelta ciclista a España (2.UWT) ,,,,970,,0
,15.0,General classification ,,,,970,100.0,0
11.09,90.0,Stage 21 - Las Rozas › Madrid ,96.7,10.0,773.0,970,,0
10.09,17.0,Stage 20 - Moralzarzal › Puerto de Navacerrada ,181.0,216.0,3977.0,970,,0
09.09,46.0,Stage 19 - Talavera de la Reina › Talavera de la Reina ,138.3,101.0,2278.0,970,,0
08.09,18.0,Stage 18 - Trujillo › Alto del Piornal ,192.0,214.0,3680.0,970,,0
07.09,32.0,Stage 17 - Aracena › Monasterio de Tentudía ,162.3,161.0,2755.0,970,,0
06.09,81.0,Stage 16 - Sanlúcar de Barrameda › Tomares ,189.4,28.0,1076.0,970,,0
04.09,21.0,Stage 15 - Martos › Sierra Nevada ,152.6,407.0,4033.0,970,,0
03.09,17.0,Stage 14 - Montoro › Sierra de La Pandera ,160.3,278.0,3312.0,970,,0
02.09,72.0,Stage 13 - Ronda › Montilla ,168.4,54.0,1766.0,970,,0
01.09,45.0,Stage 12 - Salobreña › Peñas Blancas. Estepona ,192.7,273.0,3238.0,970,,0
31.08,93.0,Stage 11 - ElPozo Alimentación › Cabo de Gata ,191.2,38.0,1592.0,970,,0
30.08,97.0,Stage 10 (ITT) - Elche › Alicante ,30.9,4.0,179.0,970,,0
28.08,67.0,Stage 9 - Villaviciosa › Les Praeres. Nava ,171.4,242.0,3675.0,970,,0
27.08,23.0,Stage 8 - La Pola Llaviana/Pola de Laviana › Colláu Fancuaya  132k,153.4,335.0,3741.0,970,,0
26.08,87.0,Stage 7 - Camargo › Cistierna ,190.0,112.0,3359.0,970,,0
25.08,39.0,Stage 6 - Bilbao › Ascensión al Pico Jano. San Miguel de Aguayo ,181.2,294.0,4120.0,970,,0
24.08,58.0,Stage 5 - Irún › Bilbao ,187.2,162.0,2978.0,970,,0
23.08,25.0,Stage 4 - Vitoria-Gasteiz › Laguardia ,152.5,133.0,2319.0,970,,0
21.08,49.0,Stage 3 - Breda › Breda ,193.2,0.0,255.0,970,,0
20.08,51.0,Stage 2 - 's-Hertogenbosch › Utrecht ,175.1,10.0,518.0,970,,0
19.08,9.0,Stage 1 (TTT) - Utrecht › Utrecht ,23.3,0.0,31.0,970,,0
02.08 » 06.08,,Vuelta a Burgos (2.Pro) ,,,,356,,0
,44.0,General classification ,,,,356,,0
06.08,32.0,Stage 5 - Lermas › Lagunas de Neila ,170.0,196.0,2792.0,356,,0
05.08,74.0,Stage 4 - Torresandino › Ciudad Romana de Clunia ,169.0,29.0,1361.0,356,,0
04.08,44.0,Stage 3 - Quintana Martín Galíndez › Villarcayo ,156.0,155.0,2324.0,356,,0
03.08,100.0,Stage 2 - Vivar del Cid › Villadiego ,158.0,39.0,1659.0,356,,0
02.08,66.0,Stage 1 - Burgos › Burgos ,157.0,45.0,1521.0,356,,0
06.05 » 29.05,,Giro d'Italia (2.UWT) ,,,,816,,0
,25.0,Mountains classification ,,,,816,,0
,38.0,Points classification ,,,,816,,0
,3.0,General classification ,,,,816,240.0,1
29.05,76.0,Stage 21 (ITT) - Verona › Verona ,17.4,30.0,317.0,816,,0
28.05,9.0,Stage 20 - Belluno › Marmolada (Passo Fedaia) ,168.0,392.0,4718.0,816,8.0,0
27.05,10.0,Stage 19 - Marano Lagunare › Santuario di Castelmonte ,178.0,262.0,3489.0,816,6.0,0
26.05,24.0,Stage 18 - Borgo Valsugana › Treviso ,156.0,34.0,1219.0,816,,0
25.05,10.0,Stage 17 - Ponte di Legno › Lavarone ,168.0,347.0,3950.0,816,6.0,0
24.05,6.0,Stage 16 - Salò › Aprica ,202.0,376.0,5268.0,816,15.0,0
22.05,25.0,Stage 15 - Rivarolo Canavese › Cogne ,177.0,301.0,4019.0,816,,0
21.05,7.0,Stage 14 - Santena › Torino  70k,147.0,247.0,3167.0,816,12.0,0
20.05,28.0,Stage 13 - Sanremo › Cuneo ,150.0,51.0,1817.0,816,,0
19.05,81.0,Stage 12 - Parma › Genova ,204.0,112.0,2867.0,816,,0
18.05,37.0,Stage 11 - Santarcangelo di Romagna › Reggio Emilia ,203.0,0.0,369.0,816,,0
17.05,19.0,Stage 10 - Pescara › Jesi ,196.0,86.0,1764.0,816,,0
15.05,4.0,Stage 9 - Isernia › Blockhaus ,191.0,458.0,5080.0,816,25.0,0
14.05,55.0,Stage 8 - Napoli › Napoli ,153.0,123.0,2243.0,816,,0
13.05,16.0,Stage 7 - Diamante › Potenza ,196.0,246.0,4730.0,816,,0
12.05,62.0,Stage 6 - Palmi › Scalea ,192.0,49.0,1498.0,816,,0
11.05,46.0,Stage 5 - Catania › Messina ,174.0,31.0,1968.0,816,,0
10.05,11.0,Stage 4 - Avola › Etna ,172.0,251.0,3626.0,816,5.0,0
08.05,80.0,Stage 3 - Kaposvár › Balatonfüred ,201.0,7.0,1150.0,816,,0
07.05,30.0,Stage 2 (ITT) - Budapest › Budapest ,9.2,8.0,81.0,816,,0
06.05,23.0,Stage 1 - Budapest › Visegrád ,195.0,51.0,1390.0,816,,0
24.04,42.0,Liège-Bastogne-Liège (1.UWT) ,257.2,182.0,4342.0,1101,5.0,0
18.04 » 22.04,,Tour of the Alps (2.Pro) ,,,,257,,0
,11.0,General classification ,,,,257,36.0,0
22.04,19.0,Stage 5 - Lienz › Lienz ,114.5,228.0,2447.0,257,,0
21.04,8.0,Stage 4 - Villabassa › Kals am Grossglockner ,142.4,159.0,2386.0,257,1.0,0
20.04,19.0,Stage 3 - Lana › Villabassa ,154.6,193.0,3287.0,257,,0
19.04,8.0,Stage 2 - Primiero/S. Martino di Castrozza › Lana ,154.1,153.0,3228.0,257,1.0,0
18.04,25.0,Stage 1 - Cles › Primiero/S. Martino di Castrozza ,160.9,227.0,3693.0,257,,0
07.03 » 13.03,,Tirreno-Adriatico (2.UWT) ,,,,1061,,0
,6.0,Mountains classification ,,,,1061,,0
,13.0,Points classification ,,,,1061,,0
,3.0,General classification ,,,,1061,160.0,1
13.03,40.0,Stage 7 - San Benedetto del Tronto › San Benedetto del Tronto ,159.0,19.0,1296.0,1061,,0
12.03,3.0,Stage 6 - Apecchio › Carpegna ,215.0,266.0,3817.0,1061,18.0,1
11.03,11.0,Stage 5 - Sefro › Fermo ,155.0,191.0,2402.0,1061,,0
10.03,9.0,Stage 4 - Cascata delle Marmore › Bellante ,202.0,131.0,3092.0,1061,2.0,0
09.03,87.0,Stage 3 - Murlo › Terni ,170.0,53.0,2063.0,1061,,0
08.03,106.0,Stage 2 - Camaiore › Sovicille ,219.0,70.0,2144.0,1061,,0
07.03,85.0,Stage 1 (ITT) - Lido di Camaiore › Lido di Camaiore ,13.9,0.0,4.0,1061,,0
16.02 » 20.02,,Vuelta a Andalucia Ruta Ciclista Del Sol (2.Pro) ,,,,423,,0
,38.0,Points classification ,,,,423,,0
,32.0,General classification ,,,,423,,0
20.02,41.0,Stage 5 - Huesa › Chiclana de Segura ,146.4,151.0,2899.0,423,,0
19.02,14.0,Stage 4 - Cúllar Vega › Baza ,167.4,118.0,2987.0,423,,0
18.02,94.0,Stage 3 - Lucena › Otura ,153.2,111.0,2873.0,423,,0
17.02,55.0,Stage 2 - Archidona › Alcalá la Real ,150.6,143.0,2986.0,423,,0
16.02,43.0,Stage 1 - Ubrique › Iznájar ,200.7,121.0,3460.0,423,,0
