date,result,name,distance,profile,vert,startlist,points,top3
10.04 » 17.04,,Presidential Cycling Tour of Türkiye (2.Pro) ,,42.0,1492.0,209,,0
11.04,DNF,Stage 2 - Selçuk (Efes) › Alaçatı ,156.4,42.0,1492.0,209,,0
10.04,17,Stage 1 - Bodrum › Kuşadası ,202.0,92.0,2046.0,209,,0
06.04,DNF,Scheldeprijs (1.Pro) ,198.7,1.0,385.0,331,,0
27.03,1,La Roue Tourangelle Centre Val de Loire - Trophée Groupama Paris Val de Loire (1.1) ,202.0,30.0,1525.0,122,75.0,1
23.03,3,Minerva Classic Brugge-De Panne (1.UWT) ,207.9,0.0,246.0,459,110.0,1
19.03,27,Milano-Sanremo (1.UWT) ,293.0,63.0,2096.0,936,13.0,0
16.03,2,Milano - Torino (1.Pro) ,199.0,21.0,1166.0,405,85.0,1
07.03 » 13.03,,Tirreno-Adriatico (2.UWT) ,,191.0,2402.0,1061,,0
11.03,DNS,Stage 5 - Sefro › Fermo ,155.0,191.0,2402.0,1061,,0
10.03,81,Stage 4 - Cascata delle Marmore › Bellante ,202.0,131.0,3092.0,1061,,0
09.03,4,Stage 3 - Murlo › Terni ,170.0,53.0,2063.0,1061,13.0,0
08.03,18,Stage 2 - Camaiore › Sovicille ,219.0,70.0,2144.0,1061,,0
07.03,142,Stage 1 (ITT) - Lido di Camaiore › Lido di Camaiore ,13.9,0.0,4.0,1061,,0
27.02,67,Drôme Classic (1.Pro) ,191.5,127.0,2371.0,464,,0
18.02 » 20.02,,Tour des Alpes Maritimes et du Var (2.1) ,,,,292,,0
,10,Points classification ,,,,292,,0
,87,General classification ,,,,292,,0
20.02,79,Stage 3 - Villefranche-sur-Mer › Blausasc ,112.6,178.0,2650.0,292,,0
19.02,101,Stage 2 - Puget-Théniers › La Turbie ,149.1,175.0,2663.0,292,,0
18.02,3,Stage 1 - Saint-Raphaël  › La Seyne-sur-Mer ,176.3,47.0,1955.0,292,7.0,1
13.02,2,Clasica de Almeria (1.Pro) ,188.2,30.0,1751.0,224,85.0,1
