date,result,name,distance,profile,vert,startlist,points,top3
25.09,66,World Championships ME - Road Race (WC) ,266.9,160.0,4167.0,1053,15.0,0
01.07 » 24.07,,Tour de France (2.UWT) ,,,,1550,,0
,23*,Mountains classification ,,,,1550,,0
,25*,Points classification ,,,,1550,,0
,6*,General classification ,,,,1550,,0
24.07,15*,Stage 21 - Paris La Défense › Paris (Champs-Élysées) ,115.6,13.0,748.0,1550,,0
23.07,42*,Stage 20 (ITT) - Lacapelle-Marival › Rocamadour ,40.7,39.0,434.0,1550,,0
22.07,22*,Stage 19 - Castelnau-Magnoac › Cahors ,188.3,35.0,1316.0,1550,,0
21.07,13*,Stage 18 - Lourdes › Hautacam ,143.2,408.0,4036.0,1550,,0
20.07,10*,Stage 17 - Saint-Gaudens › Peyragudes ,129.7,324.0,3364.0,1550,,0
19.07,19*,Stage 16 - Carcassonne › Foix ,178.5,204.0,3418.0,1550,,0
17.07,33*,Stage 15 - Rodez › Carcassonne ,202.5,64.0,2416.0,1550,,0
16.07,27*,Stage 14 - Saint-Etienne › Mende ,192.5,170.0,3441.0,1550,,0
15.07,31*,Stage 13 - Bourg d'Oisans › Saint-Etienne ,192.6,78.0,2109.0,1550,,0
14.07,14*,Stage 12 - Briançon › L'Alpe d'Huez ,165.1,389.0,4660.0,1550,,0
13.07,2*,Stage 11 - Albertville › Col du Granon ,151.7,400.0,4070.0,1550,,0
12.07,27*,Stage 10 - Morzine › Megève ,148.1,143.0,2733.0,1550,,0
10.07,10*,Stage 9 - Aigle › Châtel les portes du Soleil ,192.9,223.0,3743.0,1550,,0
09.07,15*,Stage 8 - Dole › Lausanne ,186.3,87.0,2556.0,1550,,0
08.07,15*,Stage 7 - Tomblaine › La Super Planche des Belles Filles ,176.3,192.0,2526.0,1550,,0
07.07,5*,Stage 6 - Binche › Longwy ,219.9,85.0,2477.0,1550,,0
06.07,14*,Stage 5 - Lille › Wallers-Arenberg ,157.0,1.0,601.0,1550,,0
05.07,46*,Stage 4 - Dunkerque › Calais ,171.5,63.0,1785.0,1550,,0
03.07,42*,Stage 3 - Vejle › Sønderborg ,182.0,16.0,1280.0,1550,,0
02.07,79*,Stage 2 - Roskilde › Nyborg ,202.2,11.0,1149.0,1550,,0
01.07,46*,Stage 1 (ITT) - Copenhagen › Copenhagen ,13.2,0.0,21.0,1550,,0
16.06 » 19.06,,La Route d'Occitanie - La Dépêche du Midi (2.1) ,,,,298,,0
,5,Mountains classification ,,,,298,,0
,22,Points classification ,,,,298,,0
,7,General classification ,,,,298,20.0,0
19.06,11,Stage 4 - Les Angles › Auterive ,188.3,63.0,1939.0,298,,0
18.06,8,Stage 3 - Sigean › Les Angles ,188.7,268.0,4503.0,298,1.0,0
17.06,14,Stage 2 - Belmont-sur-Rance › Roquefort-sur-Soulzon ,33.6,97.0,2557.0,298,,0
16.06,13,Stage 1 - Séméac › L'Isle Jourdain ,174.4,51.0,1708.0,298,,0
10.04 » 17.04,,Presidential Cycling Tour of Türkiye (2.Pro) ,,6.0,845.0,209,,0
14.04,DNS,Stage 5 - Manisa › Ayvalık ,186.1,6.0,845.0,209,,0
13.04,4,Stage 4 - İzmir (Konak) › Manisa (Spil Milli Park) ,146.2,193.0,1831.0,209,7.0,0
12.04,77,Stage 3 - Çeşme › İzmir (Karşıyaka) ,117.9,13.0,778.0,209,,0
11.04,121,Stage 2 - Selçuk (Efes) › Alaçatı ,156.4,42.0,1492.0,209,,0
10.04,14,Stage 1 - Bodrum › Kuşadası ,202.0,92.0,2046.0,209,,0
21.03 » 27.03,,Volta Ciclista a Catalunya (2.UWT) ,,,,722,,0
,9,Mountains classification ,,,,722,,0
,8,Points classification ,,,,722,,0
,4,General classification ,,,,722,140.0,0
27.03,7,Stage 7 - Barcelona › Barcelona ,138.6,154.0,2121.0,722,4.0,0
26.03,25,Stage 6 - Salou › Cambrils ,168.6,90.0,2706.0,722,,0
25.03,32,Stage 5 - La Pobla de Segur › Vilanova i la Geltrú ,206.3,57.0,2478.0,722,,0
24.03,2,Stage 4 - La Seu d'Urgell › Boí Taüll ,166.7,221.0,3538.0,722,30.0,1
23.03,3,Stage 3 - Perpignan › La Molina ,161.1,175.0,3394.0,722,18.0,1
22.03,17,Stage 2 - L'Escala › Perpignan ,202.4,57.0,2166.0,722,,0
21.03,25,Stage 1 - Sant Feliu de Guíxols › Sant Feliu de Guíxols ,171.2,58.0,1688.0,722,,0
06.03 » 13.03,,Paris - Nice (2.UWT) ,,,,1183,,0
,11,Mountains classification ,,,,1183,,0
,12,Points classification ,,,,1183,,0
,5,General classification ,,,,1183,120.0,0
13.03,14,Stage 8 - Nice › Nice ,115.6,184.0,2436.0,1183,,0
12.03,4,Stage 7 - Nice › Col de Turini ,155.2,303.0,3582.0,1183,13.0,0
11.03,29,Stage 6 - Courthézon › Aubagne ,213.6,97.0,2878.0,1183,,0
10.03,12,Stage 5 - Saint-Just-Saint-Rambert › Saint-Sauveur-de-Montagut ,188.8,188.0,3408.0,1183,,0
09.03,54,Stage 4 (ITT) - Domérat › Montluçon ,13.4,18.0,188.0,1183,,0
08.03,25,Stage 3 - Vierzon › Dun-le-Palestel ,190.8,63.0,1929.0,1183,,0
07.03,17,Stage 2 - Auffargis › Orléans ,159.2,8.0,707.0,1183,,0
06.03,41,Stage 1 - Mantes-la-Ville › Mantes-la-Ville ,159.8,56.0,1723.0,1183,,0
18.02 » 20.02,,Tour des Alpes Maritimes et du Var (2.1) ,,,,292,,0
,1,Mountains classification ,,,,292,,1
,1,Points classification ,,,,292,,1
,1,General classification ,,,,292,100.0,1
20.02,1,Stage 3 - Villefranche-sur-Mer › Blausasc ,112.6,178.0,2650.0,292,20.0,1
19.02,2,Stage 2 - Puget-Théniers › La Turbie ,149.1,175.0,2663.0,292,12.0,1
18.02,17,Stage 1 - Saint-Raphaël  › La Seyne-sur-Mer ,176.3,47.0,1955.0,292,,0
10.02 » 13.02,,Tour de la Provence (2.Pro) ,,,,318,,0
,1,Mountains classification ,,,,318,,1
,3,Points classification ,,,,318,,1
,1,General classification ,,,,318,150.0,1
13.02,1,Stage 3 - Manosque › Montagne de Lure ,166.1,206.0,3223.0,318,30.0,1
12.02,6,Stage 2 - Arles › Manosque ,180.6,69.0,2202.0,318,3.0,0
11.02,13,Stage 1 - Istres › Les Saintes-Maries-de-la-Mer ,151.8,2.0,360.0,318,,0
10.02,37,Prologue - Berre-l'Étang › Berre-l'Étang ,7.1,0.0,14.0,318,,0
