date,result,name,distance,profile,vert,startlist,points,top3
16.10,1,Japan Cup Cycle Road Race (1.Pro)  58k,144.2,127.0,2530.0,109,125.0,1
08.10,34,Il Lombardia (1.UWT) ,253.0,278.0,4852.0,1019,6.0,0
06.10,19,Gran Piemonte (1.Pro) ,198.0,44.0,1426.0,424,7.0,0
04.10,18,Tre Valli Varesine (1.Pro) ,196.3,152.0,3464.0,922,8.0,0
25.09,18,World Championships ME - Road Race (WC)  69k,266.9,160.0,4167.0,1053,34.0,0
18.09,22,World Championships ME - ITT (WC) ,34.2,17.0,324.0,324,10.0,0
11.09,DNF,Grand Prix Cycliste de Montréal (1.UWT) ,221.4,182.0,4124.0,864,,0
09.09,23,Grand Prix Cycliste de Québec (1.UWT) ,201.6,60.0,2508.0,866,12.0,0
04.09,3,"Maryland Cycling Classic, presented by UnitedHealthcare (1.Pro)  182k",196.9,38.0,2286.0,118,60.0,1
01.07 » 24.07,,Tour de France (2.UWT) ,,,,1550,,0
,8,Mountains classification ,,,,1550,,0
,18,Points classification ,,,,1550,,0
,12,General classification ,,,,1550,180.0,0
24.07,45,Stage 21 - Paris La Défense › Paris (Champs-Élysées) ,115.6,13.0,748.0,1550,,0
23.07,17,Stage 20 (ITT) - Lacapelle-Marival › Rocamadour ,40.7,39.0,434.0,1550,,0
22.07,37,Stage 19 - Castelnau-Magnoac › Cahors ,188.3,35.0,1316.0,1550,,0
21.07,36,Stage 18 - Lourdes › Hautacam ,143.2,408.0,4036.0,1550,,0
20.07,21,Stage 17 - Saint-Gaudens › Peyragudes ,129.7,324.0,3364.0,1550,,0
19.07,12,Stage 16 - Carcassonne › Foix  127k,178.5,204.0,3418.0,1550,6.0,0
17.07,27,Stage 15 - Rodez › Carcassonne ,202.5,64.0,2416.0,1550,,0
16.07,16,Stage 14 - Saint-Etienne › Mende  163k,192.5,170.0,3441.0,1550,,0
15.07,61,Stage 13 - Bourg d'Oisans › Saint-Etienne ,192.6,78.0,2109.0,1550,,0
14.07,4,Stage 12 - Briançon › L'Alpe d'Huez  162k,165.1,389.0,4660.0,1550,40.0,0
13.07,35,Stage 11 - Albertville › Col du Granon ,151.7,400.0,4070.0,1550,,0
12.07,30,Stage 10 - Morzine › Megève ,148.1,143.0,2733.0,1550,,0
10.07,17,Stage 9 - Aigle › Châtel les portes du Soleil ,192.9,223.0,3743.0,1550,,0
09.07,22,Stage 8 - Dole › Lausanne ,186.3,87.0,2556.0,1550,,0
08.07,18,Stage 7 - Tomblaine › La Super Planche des Belles Filles ,176.3,192.0,2526.0,1550,,0
07.07,13,Stage 6 - Binche › Longwy ,219.9,85.0,2477.0,1550,4.0,0
06.07,4,Stage 5 - Lille › Wallers-Arenberg  129k,157.0,1.0,601.0,1550,40.0,0
05.07,62,Stage 4 - Dunkerque › Calais ,171.5,63.0,1785.0,1550,,0
03.07,32,Stage 3 - Vejle › Sønderborg ,182.0,16.0,1280.0,1550,,0
02.07,17,Stage 2 - Roskilde › Nyborg ,202.2,11.0,1149.0,1550,,0
01.07,44,Stage 1 (ITT) - Copenhagen › Copenhagen ,13.2,0.0,21.0,1550,,0
12.06 » 19.06,,Tour de Suisse (2.UWT) ,,,,767,,0
,27,Mountains classification ,,,,767,,0
,11,Points classification ,,,,767,,0
,4,General classification ,,,,767,140.0,0
19.06,8,Stage 8 (ITT) - Vaduz › Vaduz ,25.6,3.0,131.0,767,3.0,0
18.06,10,Stage 7 - Ambri › Malbun ,194.6,347.0,3881.0,767,1.0,0
17.06,16,Stage 6 - Locarno › Moosalp ,177.5,304.0,4155.0,767,,0
16.06,2,Stage 5 - Ambri › Novazzano ,190.1,195.0,2610.0,767,30.0,1
15.06,42,Stage 4 - Grenchen › Brunnen ,190.8,82.0,2062.0,767,,0
14.06,19,Stage 3 - Aesch › Grenchen ,176.9,119.0,3125.0,767,,0
13.06,43,Stage 2 - Küsnacht › Aesch ,198.0,123.0,2746.0,767,,0
12.06,18,Stage 1 - Küsnacht › Küsnacht  ,177.6,135.0,2746.0,767,,0
26.04 » 01.05,,Tour de Romandie (2.UWT) ,,,,506,,0
,55,Points classification ,,,,506,,0
,14,General classification ,,,,506,45.0,0
01.05,26,Stage 5 (ITT) - Aigle › Villars ,15.84,172.0,884.0,506,,0
30.04,18,Stage 4 - Aigle › Zinal (Val d'Anniviers) ,180.1,276.0,4158.0,506,,0
29.04,28,Stage 3 - Valbroye › Valbroye ,165.1,107.0,2441.0,506,,0
28.04,36,Stage 2 - Échallens › Échallens ,168.2,83.0,2327.0,506,,0
27.04,14,Stage 1 - La Grande Beroche › Romont ,178.0,115.0,2729.0,506,,0
26.04,23,Prologue - Lausanne › Lausanne ,5.12,0.0,39.0,506,,0
24.04,8,Liège-Bastogne-Liège (1.UWT) ,257.2,182.0,4342.0,1101,70.0,0
20.04,19,La Flèche Wallonne (1.UWT) ,202.1,173.0,3160.0,974,16.0,0
21.03 » 27.03,,Volta Ciclista a Catalunya (2.UWT) ,,90.0,2706.0,722,,0
26.03,DNS,Stage 6 - Salou › Cambrils ,168.6,90.0,2706.0,722,,0
25.03,139,Stage 5 - La Pobla de Segur › Vilanova i la Geltrú ,206.3,57.0,2478.0,722,,0
24.03,123,Stage 4 - La Seu d'Urgell › Boí Taüll ,166.7,221.0,3538.0,722,,0
23.03,89,Stage 3 - Perpignan › La Molina ,161.1,175.0,3394.0,722,,0
22.03,105,Stage 2 - L'Escala › Perpignan ,202.4,57.0,2166.0,722,,0
21.03,120,Stage 1 - Sant Feliu de Guíxols › Sant Feliu de Guíxols ,171.2,58.0,1688.0,722,,0
06.03 » 13.03,,Paris - Nice (2.UWT) ,,188.0,3408.0,1183,,0
10.03,DNS,Stage 5 - Saint-Just-Saint-Rambert › Saint-Sauveur-de-Montagut ,188.8,188.0,3408.0,1183,,0
09.03,84,Stage 4 (ITT) - Domérat › Montluçon ,13.4,18.0,188.0,1183,,0
08.03,64,Stage 3 - Vierzon › Dun-le-Palestel ,190.8,63.0,1929.0,1183,,0
07.03,63,Stage 2 - Auffargis › Orléans ,159.2,8.0,707.0,1183,,0
06.03,32,Stage 1 - Mantes-la-Ville › Mantes-la-Ville ,159.8,56.0,1723.0,1183,,0
20.02 » 26.02,,UAE Tour (2.UWT) ,,,,607,,0
,50,Points classification ,,,,607,,0
,11,General classification ,,,,607,60.0,0
26.02,18,Stage 7 - Al Ain › Jebel Hafeet ,148.0,133.0,1364.0,607,,0
25.02,61,Stage 6 - Expo 2020 Dubai › Expo 2020 Dubai  ,180.0,0.0,388.0,607,,0
24.02,32,Stage 5 - Ras al Khaimah Corniche › Al Marjan Island  ,182.0,2.0,544.0,607,,0
23.02,15,Stage 4 - Fujairah Fort › Jebel Jais ,181.0,188.0,2646.0,607,,0
22.02,11,Stage 3 (ITT) - Ajman › Ajman ,9.0,0.0,9.0,607,,0
21.02,61,Stage 2 - Hudayriyat Island › Abu Dhabi Breakwater ,176.0,1.0,337.0,607,,0
20.02,51,Stage 1 - Madinat Zayed › Madinat Zayed ,184.0,20.0,1303.0,607,,0
