date,result,name,distance,profile,vert,startlist,points,top3
09.10,12,Paris - Tours Elite (1.Pro) ,213.5,33.0,1242.0,579,18.0,0
06.10,84,Gran Piemonte (1.Pro) ,198.0,44.0,1426.0,424,,0
03.10,1,Sparkassen Münsterland Giro (1.Pro) ,205.9,5.0,842.0,225,125.0,1
23.09,5,World Championships U23 - Road Race (WC) ,169.8,116.0,2486.0,90,28.0,0
24.08 » 28.08,,Deutschland Tour (2.Pro) ,,62.0,2103.0,458,,0
25.08,DNS,Stage 1 - Weimar › Meiningen ,171.7,62.0,2103.0,458,,0
24.08,119,Prologue - Weimar › Weimar ,2.6,1.0,17.0,458,,0
16.08 » 20.08,,PostNord Danmark Rundt - Tour of Denmark (2.Pro) ,,,,296,,0
,9,Youth classification ,,,,296,,0
,2,Points classification ,,,,296,,1
,43,General classification ,,,,296,,0
20.08,59,Stage 5 - Give › Vejle  69k,126.5,103.0,1786.0,296,,0
19.08,12,Stage 4 - Skive › Skive ,167.3,7.0,884.0,296,,0
18.08,1,Stage 3 - Otterup › Herning ,239.3,10.0,1355.0,296,30.0,1
17.08,106,Stage 2 (ITT) - Assens › Assens ,12.2,0.0,81.0,296,,0
16.08,1,Stage 1 - Allerød › Køge ,222.6,2.0,1016.0,296,30.0,1
30.07 » 05.08,,Tour de Pologne (2.UWT) ,,,,467,,0
,2,Points classification ,,,,467,,1
,83,General classification ,,,,467,5.0,0
05.08,2,Stage 7 - Valsir › Kraków ,177.8,36.0,1875.0,467,30.0,1
04.08,99,Stage 6 (ITT) - Nowy Targ (Gronków) › Stacja Narciarska Rusiński ,11.8,28.0,337.0,467,,0
03.08,111,Stage 5 - Łańcut › Rzeszów ,178.1,78.0,2179.0,467,,0
02.08,5,Stage 4 - Lesko › Sanok ,179.4,103.0,2621.0,467,10.0,0
01.08,123,Stage 3 - Kraśnik › Przemyśl ,237.9,93.0,1545.0,467,,0
31.07,4,Stage 2 - Chełm › Zamość ,205.6,4.0,966.0,467,13.0,0
30.07,1,Stage 1 - Kielce › Lublin ,218.8,10.0,1231.0,467,50.0,1
24.06,40,National Championships Netherlands - Road Race (NC) ,193.8,,,134,,0
08.06 » 12.06,,ZLM Tour (2.Pro) ,,,,80,,0
,1,Youth classification ,,,,80,,1
,1,Points classification ,,,,80,,1
,1,General classification ,,,,80,150.0,1
12.06,1,Stage 5 - Made › Rijsbergen ,160.5,0.0,113.0,80,30.0,1
11.06,2,Stage 4 - Sint Willebrord › Mierlo ,196.5,0.0,204.0,80,18.0,1
10.06,2,Stage 3 - Heythuysen › Buchten ,192.5,17.0,1247.0,80,18.0,1
09.06,1,Stage 2 - Veere › Goes ,183.2,0.0,103.0,80,30.0,1
08.06,1,Stage 1 - Kapelle › Kapelle ,100.9,0.0,175.0,80,30.0,1
04.06,114,Heylen Vastgoed Heistse Pijl (1.1) ,192.8,5.0,572.0,210,,0
11.05 » 15.05,,Tour de Hongrie (2.1) ,,3.0,775.0,175,,0
13.05,DNS,Stage 3 - Sárospatak › Nyíregyháza ,154.0,3.0,775.0,175,,0
12.05,129,Stage 2 - Karcag › Hajdúszoboszló ,192.0,0.0,304.0,175,,0
11.05,1,Stage 1 - Csákvár › Székesfehérvár ,197.5,27.0,1617.0,175,20.0,1
05.04 » 08.04,,Circuit Cycliste Sarthe - Pays de la Loire (2.1) ,,,,239,,0
,1,Youth classification ,,,,239,,1
,2,Points classification ,,,,239,,1
,1,General classification ,,,,239,100.0,1
08.04,1,Stage 4 - La Chapelle-Saint-Aubin › La Chapelle-Saint-Aubin ,136.4,27.0,1876.0,239,20.0,1
07.04,6,Stage 3 - Sablé-sur-Sarthe › Sablé-sur-Sarthe ,176.5,5.0,1077.0,239,3.0,0
06.04,1,Stage 2 - Le Lude › Le Lude ,174.7,32.0,1346.0,239,20.0,1
05.04,15,Stage 1 - Mamers › Mamers ,192.3,67.0,2651.0,239,,0
30.03,100,Dwars door Vlaanderen - A travers la Flandre ME (1.UWT) ,183.7,50.0,1649.0,647,5.0,0
23.03,5,Minerva Classic Brugge-De Panne (1.UWT) ,207.9,0.0,246.0,459,80.0,0
07.03 » 13.03,,Tirreno-Adriatico (2.UWT) ,,,,1061,,0
,16,Youth classification ,,,,1061,,0
,4,Points classification ,,,,1061,,0
,115,General classification ,,,,1061,5.0,0
13.03,8,Stage 7 - San Benedetto del Tronto › San Benedetto del Tronto ,159.0,19.0,1296.0,1061,3.0,0
12.03,98,Stage 6 - Apecchio › Carpegna ,215.0,266.0,3817.0,1061,,0
11.03,127,Stage 5 - Sefro › Fermo ,155.0,191.0,2402.0,1061,,0
10.03,140,Stage 4 - Cascata delle Marmore › Bellante ,202.0,131.0,3092.0,1061,,0
09.03,3,Stage 3 - Murlo › Terni ,170.0,53.0,2063.0,1061,18.0,1
08.03,2,Stage 2 - Camaiore › Sovicille ,219.0,70.0,2144.0,1061,30.0,1
07.03,140,Stage 1 (ITT) - Lido di Camaiore › Lido di Camaiore ,13.9,0.0,4.0,1061,,0
20.02 » 26.02,,UAE Tour (2.UWT) ,,,,607,,0
,32,Youth classification ,,,,607,,0
,7,Points classification ,,,,607,,0
,107,General classification ,,,,607,5.0,0
26.02,103,Stage 7 - Al Ain › Jebel Hafeet ,148.0,133.0,1364.0,607,,0
25.02,12,Stage 6 - Expo 2020 Dubai › Expo 2020 Dubai  ,180.0,0.0,388.0,607,,0
24.02,2,Stage 5 - Ras al Khaimah Corniche › Al Marjan Island  ,182.0,2.0,544.0,607,30.0,1
23.02,118,Stage 4 - Fujairah Fort › Jebel Jais ,181.0,188.0,2646.0,607,,0
22.02,99,Stage 3 (ITT) - Ajman › Ajman ,9.0,0.0,9.0,607,,0
21.02,4,Stage 2 - Hudayriyat Island › Abu Dhabi Breakwater ,176.0,1.0,337.0,607,13.0,0
20.02,8,Stage 1 - Madinat Zayed › Madinat Zayed ,184.0,20.0,1303.0,607,3.0,0
