date,result,name,distance,profile,vert,startlist,points,top3
08.10,DNF,Il Lombardia (1.UWT) ,253.0,278.0,4852.0,1019,,0
06.10,127,Gran Piemonte (1.Pro) ,198.0,44.0,1426.0,424,,0
04.10,DNS,Tre Valli Varesine (1.Pro) ,196.3,152.0,3464.0,922,,0
03.10,91,Coppa Bernocchi - GP BPM (1.Pro) ,190.7,84.0,2087.0,405,,0
25.09,101,World Championships ME - Road Race (WC)  166k,266.9,160.0,4167.0,1053,15.0,0
19.08 » 11.09,,La Vuelta ciclista a España (2.UWT) ,,38.0,1592.0,970,,0
31.08,DNS,Stage 11 - ElPozo Alimentación › Cabo de Gata ,191.2,38.0,1592.0,970,,0
30.08,5,Stage 10 (ITT) - Elche › Alicante ,30.9,4.0,179.0,970,18.0,0
28.08,21,Stage 9 - Villaviciosa › Les Praeres. Nava ,171.4,242.0,3675.0,970,,0
27.08,26,Stage 8 - La Pola Llaviana/Pola de Laviana › Colláu Fancuaya ,153.4,335.0,3741.0,970,,0
26.08,27,Stage 7 - Camargo › Cistierna ,190.0,112.0,3359.0,970,,0
25.08,6,Stage 6 - Bilbao › Ascensión al Pico Jano. San Miguel de Aguayo ,181.2,294.0,4120.0,970,15.0,0
24.08,28,Stage 5 - Irún › Bilbao ,187.2,162.0,2978.0,970,,0
23.08,5,Stage 4 - Vitoria-Gasteiz › Laguardia ,152.5,133.0,2319.0,970,18.0,0
21.08,60,Stage 3 - Breda › Breda ,193.2,0.0,255.0,970,,0
20.08,48,Stage 2 - 's-Hertogenbosch › Utrecht ,175.1,10.0,518.0,970,,0
19.08,2,Stage 1 (TTT) - Utrecht › Utrecht ,23.3,0.0,31.0,970,4.0,1
02.08 » 06.08,,Vuelta a Burgos (2.Pro) ,,,,356,,0
,2,Mountains classification ,,,,356,,1
,2,Points classification ,,,,356,,1
,1,General classification ,,,,356,150.0,1
06.08,3,Stage 5 - Lermas › Lagunas de Neila ,170.0,196.0,2792.0,356,12.0,1
05.08,17,Stage 4 - Torresandino › Ciudad Romana de Clunia ,169.0,29.0,1361.0,356,,0
04.08,2,Stage 3 - Quintana Martín Galíndez › Villarcayo ,156.0,155.0,2324.0,356,18.0,1
03.08,17,Stage 2 - Vivar del Cid › Villadiego ,158.0,39.0,1659.0,356,,0
02.08,9,Stage 1 - Burgos › Burgos ,157.0,45.0,1521.0,356,,0
30.07,2,Donostia San Sebastian Klasikoa (1.UWT) ,224.8,231.0,4147.0,724,150.0,1
16.06 » 19.06,,La Route d'Occitanie - La Dépêche du Midi (2.1) ,,63.0,1939.0,298,,0
19.06,DNS,Stage 4 - Les Angles › Auterive ,188.3,63.0,1939.0,298,,0
18.06,13,Stage 3 - Sigean › Les Angles ,188.7,268.0,4503.0,298,,0
17.06,15,Stage 2 - Belmont-sur-Rance › Roquefort-sur-Soulzon ,33.6,97.0,2557.0,298,,0
16.06,29,Stage 1 - Séméac › L'Isle Jourdain ,174.4,51.0,1708.0,298,,0
06.05 » 29.05,,Giro d'Italia (2.UWT) ,,,,816,,0
,3,Youth classification ,,,,816,,1
,16,General classification ,,,,816,90.0,0
29.05,52,Stage 21 (ITT) - Verona › Verona ,17.4,30.0,317.0,816,,0
28.05,31,Stage 20 - Belluno › Marmolada (Passo Fedaia) ,168.0,392.0,4718.0,816,,0
27.05,24,Stage 19 - Marano Lagunare › Santuario di Castelmonte ,178.0,262.0,3489.0,816,,0
26.05,40,Stage 18 - Borgo Valsugana › Treviso ,156.0,34.0,1219.0,816,,0
25.05,21,Stage 17 - Ponte di Legno › Lavarone ,168.0,347.0,3950.0,816,,0
24.05,13,Stage 16 - Salò › Aprica ,202.0,376.0,5268.0,816,3.0,0
22.05,20,Stage 15 - Rivarolo Canavese › Cogne ,177.0,301.0,4019.0,816,,0
21.05,29,Stage 14 - Santena › Torino ,147.0,247.0,3167.0,816,,0
20.05,58,Stage 13 - Sanremo › Cuneo ,150.0,51.0,1817.0,816,,0
19.05,46,Stage 12 - Parma › Genova ,204.0,112.0,2867.0,816,,0
18.05,46,Stage 11 - Santarcangelo di Romagna › Reggio Emilia ,203.0,0.0,369.0,816,,0
17.05,68,Stage 10 - Pescara › Jesi ,196.0,86.0,1764.0,816,,0
15.05,29,Stage 9 - Isernia › Blockhaus ,191.0,458.0,5080.0,816,,0
14.05,71,Stage 8 - Napoli › Napoli ,153.0,123.0,2243.0,816,,0
13.05,27,Stage 7 - Diamante › Potenza ,196.0,246.0,4730.0,816,,0
12.05,104,Stage 6 - Palmi › Scalea ,192.0,49.0,1498.0,816,,0
11.05,45,Stage 5 - Catania › Messina ,174.0,31.0,1968.0,816,,0
10.05,28,Stage 4 - Avola › Etna ,172.0,251.0,3626.0,816,,0
08.05,107,Stage 3 - Kaposvár › Balatonfüred ,201.0,7.0,1150.0,816,,0
07.05,15,Stage 2 (ITT) - Budapest › Budapest ,9.2,8.0,81.0,816,1.0,0
06.05,46,Stage 1 - Budapest › Visegrád ,195.0,51.0,1390.0,816,,0
18.04 » 22.04,,Tour of the Alps (2.Pro) ,,,,257,,0
,4,Mountains classification ,,,,257,,0
,10,General classification ,,,,257,40.0,0
22.04,21,Stage 5 - Lienz › Lienz ,114.5,228.0,2447.0,257,,0
21.04,13,Stage 4 - Villabassa › Kals am Grossglockner ,142.4,159.0,2386.0,257,,0
20.04,10,Stage 3 - Lana › Villabassa ,154.6,193.0,3287.0,257,,0
19.04,6,Stage 2 - Primiero/S. Martino di Castrozza › Lana  116k,154.1,153.0,3228.0,257,3.0,0
18.04,8,Stage 1 - Cles › Primiero/S. Martino di Castrozza ,160.9,227.0,3693.0,257,1.0,0
21.03 » 27.03,,Volta Ciclista a Catalunya (2.UWT) ,,221.0,3538.0,722,,0
24.03,DNF,Stage 4 - La Seu d'Urgell › Boí Taüll ,166.7,221.0,3538.0,722,,0
23.03,118,Stage 3 - Perpignan › La Molina ,161.1,175.0,3394.0,722,,0
22.03,34,Stage 2 - L'Escala › Perpignan ,202.4,57.0,2166.0,722,,0
21.03,17,Stage 1 - Sant Feliu de Guíxols › Sant Feliu de Guíxols ,171.2,58.0,1688.0,722,,0
02.02 » 06.02,,Volta a la Comunitat Valenciana (2.Pro) ,,,,610,,0
,3,Youth classification ,,,,610,,1
,24,Points classification ,,,,610,,0
,9,General classification ,,,,610,45.0,0
06.02,56,Stage 5 - Paterna › Valencia ,92.0,12.0,706.0,610,,0
05.02,67,Stage 4 - Orihuela › Torrevieja  ,193.1,19.0,1237.0,610,,0
04.02,11,Stage 3 - Alicante › Antenas del Maigmó ,155.1,286.0,3628.0,610,,0
03.02,36,Stage 2 - Bétera › Torrent ,171.5,83.0,2429.0,610,,0
02.02,12,Stage 1 - Les Alqueries › Torralba del Pinar ,166.7,162.0,3164.0,610,,0
