date,result,name,distance,profile,vert,startlist,points,top3
11.09,9.0,Grand Prix Cycliste de Montréal (1.UWT) ,221.4,182.0,4124.0,864,46.0,0
09.09,12.0,Grand Prix Cycliste de Québec (1.UWT) ,201.6,60.0,2508.0,866,34.0,0
24.08 » 28.08,,Deutschland Tour (2.Pro) ,,,,458,,0
,5.0,Mountains classification ,,,,458,,0
,1.0,Points classification ,,,,458,,1
,2.0,General classification ,,,,458,110.0,1
28.08,1.0,Stage 4 - Schiltach › Stuttgart ,186.6,93.0,2586.0,458,30.0,1
27.08,2.0,Stage 3 - Freiburg  › Schauinsland ,148.9,203.0,2065.0,458,18.0,1
26.08,21.0,Stage 2 - Meiningen › Marburg ,200.7,87.0,2467.0,458,,0
25.08,48.0,Stage 1 - Weimar › Meiningen ,171.7,62.0,2103.0,458,,0
24.08,34.0,Prologue - Weimar › Weimar ,2.6,1.0,17.0,458,,0
30.07 » 05.08,,Tour de Pologne (2.UWT) ,,,,467,,0
,9.0,Points classification ,,,,467,,0
,3.0,General classification ,,,,467,160.0,1
05.08,39.0,Stage 7 - Valsir › Kraków ,177.8,36.0,1875.0,467,,0
04.08,9.0,Stage 6 (ITT) - Nowy Targ (Gronków) › Stacja Narciarska Rusiński ,11.8,28.0,337.0,467,2.0,0
03.08,76.0,Stage 5 - Łańcut › Rzeszów ,178.1,78.0,2179.0,467,,0
02.08,12.0,Stage 4 - Lesko › Sanok ,179.4,103.0,2621.0,467,,0
01.08,2.0,Stage 3 - Kraśnik › Przemyśl ,237.9,93.0,1545.0,467,30.0,1
31.07,59.0,Stage 2 - Chełm › Zamość ,205.6,4.0,966.0,467,,0
30.07,139.0,Stage 1 - Kielce › Lublin ,218.8,10.0,1231.0,467,,0
06.05 » 29.05,,Giro d'Italia (2.UWT) ,,,,816,,0
,43.0,Mountains classification ,,,,816,,0
,29.0,Points classification ,,,,816,,0
,5.0,General classification ,,,,816,200.0,0
29.05,24.0,Stage 21 (ITT) - Verona › Verona ,17.4,30.0,317.0,816,,0
28.05,20.0,Stage 20 - Belluno › Marmolada (Passo Fedaia) ,168.0,392.0,4718.0,816,,0
27.05,11.0,Stage 19 - Marano Lagunare › Santuario di Castelmonte ,178.0,262.0,3489.0,816,5.0,0
26.05,20.0,Stage 18 - Borgo Valsugana › Treviso ,156.0,34.0,1219.0,816,,0
25.05,20.0,Stage 17 - Ponte di Legno › Lavarone ,168.0,347.0,3950.0,816,,0
24.05,11.0,Stage 16 - Salò › Aprica ,202.0,376.0,5268.0,816,5.0,0
22.05,30.0,Stage 15 - Rivarolo Canavese › Cogne ,177.0,301.0,4019.0,816,,0
21.05,8.0,Stage 14 - Santena › Torino  70k,147.0,247.0,3167.0,816,10.0,0
20.05,26.0,Stage 13 - Sanremo › Cuneo ,150.0,51.0,1817.0,816,,0
19.05,73.0,Stage 12 - Parma › Genova ,204.0,112.0,2867.0,816,,0
18.05,34.0,Stage 11 - Santarcangelo di Romagna › Reggio Emilia ,203.0,0.0,369.0,816,,0
17.05,8.0,Stage 10 - Pescara › Jesi ,196.0,86.0,1764.0,816,10.0,0
15.05,12.0,Stage 9 - Isernia › Blockhaus ,191.0,458.0,5080.0,816,4.0,0
14.05,51.0,Stage 8 - Napoli › Napoli ,153.0,123.0,2243.0,816,,0
13.05,19.0,Stage 7 - Diamante › Potenza ,196.0,246.0,4730.0,816,,0
12.05,83.0,Stage 6 - Palmi › Scalea ,192.0,49.0,1498.0,816,,0
11.05,85.0,Stage 5 - Catania › Messina ,174.0,31.0,1968.0,816,,0
10.05,9.0,Stage 4 - Avola › Etna ,172.0,251.0,3626.0,816,8.0,0
08.05,94.0,Stage 3 - Kaposvár › Balatonfüred ,201.0,7.0,1150.0,816,,0
07.05,18.0,Stage 2 (ITT) - Budapest › Budapest ,9.2,8.0,81.0,816,,0
06.05,3.0,Stage 1 - Budapest › Visegrád ,195.0,51.0,1390.0,816,35.0,1
18.04 » 22.04,,Tour of the Alps (2.Pro) ,,,,257,,0
,4.0,General classification ,,,,257,80.0,0
22.04,12.0,Stage 5 - Lienz › Lienz ,114.5,228.0,2447.0,257,,0
21.04,4.0,Stage 4 - Villabassa › Kals am Grossglockner ,142.4,159.0,2386.0,257,7.0,0
20.04,14.0,Stage 3 - Lana › Villabassa ,154.6,193.0,3287.0,257,,0
19.04,1.0,Stage 2 - Primiero/S. Martino di Castrozza › Lana ,154.1,153.0,3228.0,257,30.0,1
18.04,2.0,Stage 1 - Cles › Primiero/S. Martino di Castrozza ,160.9,227.0,3693.0,257,18.0,1
04.04 » 09.04,,Itzulia Basque Country (2.UWT) ,,,,742,,0
,16.0,Mountains classification ,,,,742,,0
,5.0,Points classification ,,,,742,,0
,5.0,General classification ,,,,742,120.0,0
09.04,6.0,Stage 6 - Eibar › Arrate ,135.7,275.0,3636.0,742,7.0,0
08.04,6.0,Stage 5 - Zamudio › Mallabia ,163.76,184.0,3485.0,742,7.0,0
07.04,5.0,Stage 4 - Vitoria-Gasteiz › Zamudio ,185.6,154.0,2703.0,742,10.0,0
06.04,1.0,Stage 3 - Llodio › Amurrio ,181.7,186.0,3278.0,742,50.0,1
05.04,21.0,Stage 2 - Leitza › Viana ,207.92,77.0,2625.0,742,,0
04.04,17.0,Stage 1 (ITT) - Hondarribia › Hondarribia ,7.51,7.0,100.0,742,,0
02.04,11.0,Gran Premio Miguel Indurain (1.Pro) ,190.0,114.0,2878.0,372,20.0,0
07.03 » 13.03,,Tirreno-Adriatico (2.UWT) ,,,,1061,,0
,44.0,Points classification ,,,,1061,,0
,9.0,General classification ,,,,1061,80.0,0
13.03,42.0,Stage 7 - San Benedetto del Tronto › San Benedetto del Tronto ,159.0,19.0,1296.0,1061,,0
12.03,9.0,Stage 6 - Apecchio › Carpegna ,215.0,266.0,3817.0,1061,2.0,0
11.03,15.0,Stage 5 - Sefro › Fermo ,155.0,191.0,2402.0,1061,,0
10.03,13.0,Stage 4 - Cascata delle Marmore › Bellante ,202.0,131.0,3092.0,1061,,0
09.03,40.0,Stage 3 - Murlo › Terni ,170.0,53.0,2063.0,1061,,0
08.03,65.0,Stage 2 - Camaiore › Sovicille ,219.0,70.0,2144.0,1061,,0
07.03,60.0,Stage 1 (ITT) - Lido di Camaiore › Lido di Camaiore ,13.9,0.0,4.0,1061,,0
05.03,5.0,Strade Bianche (1.UWT) ,184.0,167.0,3107.0,662,80.0,0
20.02 » 26.02,,UAE Tour (2.UWT) ,,,,607,,0
,22.0,Points classification ,,,,607,,0
,3.0,General classification ,,,,607,160.0,1
26.02,3.0,Stage 7 - Al Ain › Jebel Hafeet ,148.0,133.0,1364.0,607,18.0,1
25.02,44.0,Stage 6 - Expo 2020 Dubai › Expo 2020 Dubai  ,180.0,0.0,388.0,607,,0
24.02,70.0,Stage 5 - Ras al Khaimah Corniche › Al Marjan Island  ,182.0,2.0,544.0,607,,0
23.02,10.0,Stage 4 - Fujairah Fort › Jebel Jais ,181.0,188.0,2646.0,607,1.0,0
22.02,24.0,Stage 3 (ITT) - Ajman › Ajman ,9.0,0.0,9.0,607,,0
21.02,35.0,Stage 2 - Hudayriyat Island › Abu Dhabi Breakwater ,176.0,1.0,337.0,607,,0
20.02,88.0,Stage 1 - Madinat Zayed › Madinat Zayed ,184.0,20.0,1303.0,607,,0
02.02 » 06.02,,Volta a la Comunitat Valenciana (2.Pro) ,,,,610,,0
,14.0,Mountains classification ,,,,610,,0
,18.0,Points classification ,,,,610,,0
,13.0,General classification ,,,,610,28.0,0
06.02,46.0,Stage 5 - Paterna › Valencia ,92.0,12.0,706.0,610,,0
05.02,69.0,Stage 4 - Orihuela › Torrevieja  ,193.1,19.0,1237.0,610,,0
04.02,4.0,Stage 3 - Alicante › Antenas del Maigmó ,155.1,286.0,3628.0,610,7.0,0
03.02,67.0,Stage 2 - Bétera › Torrent ,171.5,83.0,2429.0,610,,0
02.02,43.0,Stage 1 - Les Alqueries › Torralba del Pinar ,166.7,162.0,3164.0,610,,0
