date,result,name,distance,profile,vert,startlist,points,top3
25.09,7,World Championships ME - Road Race (WC) ,266.9,160.0,4167.0,1053,100.0,0
11.09,DNF,Grand Prix Cycliste de Montréal (1.UWT) ,221.4,182.0,4124.0,864,,0
09.09,DNF,Grand Prix Cycliste de Québec (1.UWT) ,201.6,60.0,2508.0,866,,0
28.08,107,Bretagne Classic - Ouest-France (1.UWT) ,254.8,95.0,3116.0,812,5.0,0
21.08,31,BEMER Cyclassics (1.UWT) ,204.7,30.0,892.0,651,5.0,0
01.07 » 24.07,,Tour de France (2.UWT) ,,,,1550,,0
,9,Points classification ,,,,1550,,0
,115,General classification ,,,,1550,25.0,0
24.07,5,Stage 21 - Paris La Défense › Paris (Champs-Élysées) ,115.6,13.0,748.0,1550,32.0,0
23.07,82,Stage 20 (ITT) - Lacapelle-Marival › Rocamadour ,40.7,39.0,434.0,1550,,0
22.07,33,Stage 19 - Castelnau-Magnoac › Cahors ,188.3,35.0,1316.0,1550,,0
21.07,108,Stage 18 - Lourdes › Hautacam ,143.2,408.0,4036.0,1550,,0
20.07,136,Stage 17 - Saint-Gaudens › Peyragudes ,129.7,324.0,3364.0,1550,,0
19.07,132,Stage 16 - Carcassonne › Foix ,178.5,204.0,3418.0,1550,,0
17.07,4,Stage 15 - Rodez › Carcassonne ,202.5,64.0,2416.0,1550,40.0,0
16.07,131,Stage 14 - Saint-Etienne › Mende ,192.5,170.0,3441.0,1550,,0
15.07,146,Stage 13 - Bourg d'Oisans › Saint-Etienne ,192.6,78.0,2109.0,1550,,0
14.07,141,Stage 12 - Briançon › L'Alpe d'Huez ,165.1,389.0,4660.0,1550,,0
13.07,127,Stage 11 - Albertville › Col du Granon ,151.7,400.0,4070.0,1550,,0
12.07,128,Stage 10 - Morzine › Megève ,148.1,143.0,2733.0,1550,,0
10.07,120,Stage 9 - Aigle › Châtel les portes du Soleil ,192.9,223.0,3743.0,1550,,0
09.07,129,Stage 8 - Dole › Lausanne ,186.3,87.0,2556.0,1550,,0
08.07,137,Stage 7 - Tomblaine › La Super Planche des Belles Filles ,176.3,192.0,2526.0,1550,,0
07.07,73,Stage 6 - Binche › Longwy ,219.9,85.0,2477.0,1550,,0
06.07,146,Stage 5 - Lille › Wallers-Arenberg ,157.0,1.0,601.0,1550,,0
05.07,5,Stage 4 - Dunkerque › Calais ,171.5,63.0,1785.0,1550,32.0,0
03.07,4,Stage 3 - Vejle › Sønderborg ,182.0,16.0,1280.0,1550,40.0,0
02.07,6,Stage 2 - Roskilde › Nyborg ,202.2,11.0,1149.0,1550,26.0,0
01.07,139,Stage 1 (ITT) - Copenhagen › Copenhagen ,13.2,0.0,21.0,1550,,0
26.06,1,National Championships Slovakia - Road Race (NC) ,197.2,,,6,15.0,1
12.06 » 19.06,,Tour de Suisse (2.UWT) ,,3.0,131.0,767,,0
19.06,DNS,Stage 8 (ITT) - Vaduz › Vaduz ,25.6,3.0,131.0,767,,0
18.06,79,Stage 7 - Ambri › Malbun ,194.6,347.0,3881.0,767,,0
17.06,87,Stage 6 - Locarno › Moosalp ,177.5,304.0,4155.0,767,,0
16.06,82,Stage 5 - Ambri › Novazzano ,190.1,195.0,2610.0,767,,0
15.06,134,Stage 4 - Grenchen › Brunnen ,190.8,82.0,2062.0,767,,0
14.06,1,Stage 3 - Aesch › Grenchen ,176.9,119.0,3125.0,767,50.0,1
13.06,126,Stage 2 - Küsnacht › Aesch ,198.0,123.0,2746.0,767,,0
12.06,127,Stage 1 - Küsnacht › Küsnacht  ,177.6,135.0,2746.0,767,,0
10.06,69,Grosser Preis des Kantons Aargau (1.1) ,173.8,136.0,2902.0,338,,0
05.04 » 08.04,,Circuit Cycliste Sarthe - Pays de la Loire (2.1) ,,32.0,1346.0,239,,0
06.04,DNF,Stage 2 - Le Lude › Le Lude ,174.7,32.0,1346.0,239,,0
05.04,61,Stage 1 - Mamers › Mamers ,192.3,67.0,2651.0,239,,0
27.03,DNF,Gent-Wevelgem in Flanders Fields ME (1.UWT) ,248.8,35.0,1377.0,838,,0
25.03,68,E3 Saxo Bank Classic (1.UWT)  57k,203.9,59.0,2010.0,636,5.0,0
19.03,92,Milano-Sanremo (1.UWT) ,293.0,63.0,2096.0,936,5.0,0
16.03,5,Milano - Torino (1.Pro) ,199.0,21.0,1166.0,405,45.0,0
07.03 » 13.03,,Tirreno-Adriatico (2.UWT) ,,53.0,2063.0,1061,,0
09.03,DNS,Stage 3 - Murlo › Terni ,170.0,53.0,2063.0,1061,,0
08.03,4,Stage 2 - Camaiore › Sovicille ,219.0,70.0,2144.0,1061,13.0,0
07.03,87,Stage 1 (ITT) - Lido di Camaiore › Lido di Camaiore ,13.9,0.0,4.0,1061,,0
27.02,117,Kuurne - Bruxelles - Kuurne (1.Pro) ,195.1,45.0,1829.0,718,,0
26.02,98,Omloop Het Nieuwsblad ME (1.UWT) ,204.2,49.0,1666.0,749,5.0,0
18.02 » 20.02,,Tour des Alpes Maritimes et du Var (2.1) ,,,,292,,0
,80,General classification ,,,,292,,0
20.02,65,Stage 3 - Villefranche-sur-Mer › Blausasc ,112.6,178.0,2650.0,292,,0
19.02,99,Stage 2 - Puget-Théniers › La Turbie ,149.1,175.0,2663.0,292,,0
18.02,102,Stage 1 - Saint-Raphaël  › La Seyne-sur-Mer ,176.3,47.0,1955.0,292,,0
