date,result,name,distance,profile,vert,startlist,points,top3
19.08 » 11.09,,La Vuelta ciclista a España (2.UWT) ,,161.0,2755.0,970,,0
07.09,DNS,Stage 17 - Aracena › Monasterio de Tentudía ,162.3,161.0,2755.0,970,,0
06.09,35,Stage 16 - Sanlúcar de Barrameda › Tomares ,189.4,28.0,1076.0,970,,0
04.09,5,Stage 15 - Martos › Sierra Nevada ,152.6,407.0,4033.0,970,18.0,0
03.09,3,Stage 14 - Montoro › Sierra de La Pandera ,160.3,278.0,3312.0,970,35.0,1
02.09,9,Stage 13 - Ronda › Montilla ,168.4,54.0,1766.0,970,8.0,0
01.09,17,Stage 12 - Salobreña › Peñas Blancas. Estepona ,192.7,273.0,3238.0,970,,0
31.08,38,Stage 11 - ElPozo Alimentación › Cabo de Gata ,191.2,38.0,1592.0,970,,0
30.08,2,Stage 10 (ITT) - Elche › Alicante ,30.9,4.0,179.0,970,50.0,1
28.08,10,Stage 9 - Villaviciosa › Les Praeres. Nava ,171.4,242.0,3675.0,970,6.0,0
27.08,7,Stage 8 - La Pola Llaviana/Pola de Laviana › Colláu Fancuaya ,153.4,335.0,3741.0,970,12.0,0
26.08,31,Stage 7 - Camargo › Cistierna ,190.0,112.0,3359.0,970,,0
25.08,5,Stage 6 - Bilbao › Ascensión al Pico Jano. San Miguel de Aguayo ,181.2,294.0,4120.0,970,18.0,0
24.08,23,Stage 5 - Irún › Bilbao ,187.2,162.0,2978.0,970,,0
23.08,1,Stage 4 - Vitoria-Gasteiz › Laguardia ,152.5,133.0,2319.0,970,80.0,1
21.08,35,Stage 3 - Breda › Breda ,193.2,0.0,255.0,970,,0
20.08,56,Stage 2 - 's-Hertogenbosch › Utrecht ,175.1,10.0,518.0,970,,0
19.08,1,Stage 1 (TTT) - Utrecht › Utrecht ,23.3,0.0,31.0,970,5.0,1
01.07 » 24.07,,Tour de France (2.UWT) ,,64.0,2416.0,1550,,0
17.07,DNS,Stage 15 - Rodez › Carcassonne ,202.5,64.0,2416.0,1550,,0
16.07,112,Stage 14 - Saint-Etienne › Mende ,192.5,170.0,3441.0,1550,,0
15.07,57,Stage 13 - Bourg d'Oisans › Saint-Etienne ,192.6,78.0,2109.0,1550,,0
14.07,26,Stage 12 - Briançon › L'Alpe d'Huez ,165.1,389.0,4660.0,1550,,0
13.07,19,Stage 11 - Albertville › Col du Granon ,151.7,400.0,4070.0,1550,,0
12.07,27,Stage 10 - Morzine › Megève ,148.1,143.0,2733.0,1550,,0
10.07,13,Stage 9 - Aigle › Châtel les portes du Soleil ,192.9,223.0,3743.0,1550,4.0,0
09.07,14,Stage 8 - Dole › Lausanne ,186.3,87.0,2556.0,1550,2.0,0
08.07,3,Stage 7 - Tomblaine › La Super Planche des Belles Filles ,176.3,192.0,2526.0,1550,50.0,1
07.07,8,Stage 6 - Binche › Longwy ,219.9,85.0,2477.0,1550,18.0,0
06.07,60,Stage 5 - Lille › Wallers-Arenberg ,157.0,1.0,601.0,1550,,0
05.07,54,Stage 4 - Dunkerque › Calais ,171.5,63.0,1785.0,1550,,0
03.07,50,Stage 3 - Vejle › Sønderborg ,182.0,16.0,1280.0,1550,,0
02.07,38,Stage 2 - Roskilde › Nyborg ,202.2,11.0,1149.0,1550,,0
01.07,8,Stage 1 (ITT) - Copenhagen › Copenhagen ,13.2,0.0,21.0,1550,18.0,0
05.06 » 12.06,,Critérium du Dauphiné (2.UWT) ,,,,788,,0
,5,Mountains classification ,,,,788,,0
,8,Points classification ,,,,788,,0
,1,General classification ,,,,788,250.0,1
12.06,2,Stage 8 - Saint-Alban-Leysse › Plateau de Salaison ,138.8,375.0,3782.0,788,30.0,1
11.06,2,Stage 7 - Saint-Chaffrey › Vaujany ,134.8,311.0,3828.0,788,30.0,1
10.06,31,Stage 6 - Rives › Gap ,196.5,74.0,2958.0,788,,0
09.06,39,Stage 5 - Thizy-les-Bourgs › Chaintré ,162.3,60.0,1991.0,788,,0
08.06,5,Stage 4 (ITT) - Montbrison › La Bâtie d’Urfé ,31.9,1.0,96.0,788,10.0,0
07.06,12,Stage 3 - Saint-Paulien › Chastreix-Sancy ,169.0,140.0,2707.0,788,,0
06.06,34,Stage 2 - Saint-Péray › Brives-Charensac ,169.8,91.0,2956.0,788,,0
05.06,30,Stage 1 - La Voulte-sur-Rhône › Beauchastel ,191.8,74.0,2473.0,788,,0
04.04 » 09.04,,Itzulia Basque Country (2.UWT) ,,,,742,,0
,19,Mountains classification ,,,,742,,0
,7,Points classification ,,,,742,,0
,8,General classification ,,,,742,90.0,0
09.04,11,Stage 6 - Eibar › Arrate ,135.7,275.0,3636.0,742,,0
08.04,19,Stage 5 - Zamudio › Mallabia ,163.76,184.0,3485.0,742,,0
07.04,4,Stage 4 - Vitoria-Gasteiz › Zamudio ,185.6,154.0,2703.0,742,13.0,0
06.04,7,Stage 3 - Llodio › Amurrio ,181.7,186.0,3278.0,742,4.0,0
05.04,13,Stage 2 - Leitza › Viana ,207.92,77.0,2625.0,742,,0
04.04,1,Stage 1 (ITT) - Hondarribia › Hondarribia ,7.51,7.0,100.0,742,50.0,1
19.03,17,Milano-Sanremo (1.UWT) ,293.0,63.0,2096.0,936,26.0,0
17.03,37,Grand Prix de Denain - Porte du Hainaut (1.Pro) ,200.3,8.0,1208.0,252,,0
06.03 » 13.03,,Paris - Nice (2.UWT) ,,,,1183,,0
,3,Mountains classification ,,,,1183,,1
,2,Points classification ,,,,1183,,1
,1,General classification ,,,,1183,250.0,1
13.03,3,Stage 8 - Nice › Nice ,115.6,184.0,2436.0,1183,18.0,1
12.03,1,Stage 7 - Nice › Col de Turini ,155.2,303.0,3582.0,1183,50.0,1
11.03,24,Stage 6 - Courthézon › Aubagne ,213.6,97.0,2878.0,1183,,0
10.03,23,Stage 5 - Saint-Just-Saint-Rambert › Saint-Sauveur-de-Montagut ,188.8,188.0,3408.0,1183,,0
09.03,2,Stage 4 (ITT) - Domérat › Montluçon ,13.4,18.0,188.0,1183,30.0,1
08.03,36,Stage 3 - Vierzon › Dun-le-Palestel ,190.8,63.0,1929.0,1183,,0
07.03,28,Stage 2 - Auffargis › Orléans ,159.2,8.0,707.0,1183,,0
06.03,2,Stage 1 - Mantes-la-Ville › Mantes-la-Ville ,159.8,56.0,1723.0,1183,30.0,1
27.02,28,Drôme Classic (1.Pro) ,191.5,127.0,2371.0,464,,0
26.02,26,Faun-Ardèche Classic (1.Pro) ,168.5,216.0,3161.0,453,,0
