date,result,name,distance,profile,vert,startlist,points,top3
08.10,DNF,Il Lombardia (1.UWT) ,253.0,278.0,4852.0,1019,,0
04.10,DNF,Tre Valli Varesine (1.Pro)  137k,196.3,152.0,3464.0,922,,0
03.10,49,Coppa Bernocchi - GP BPM (1.Pro) ,190.7,84.0,2087.0,405,,0
25.09,34,World Championships ME - Road Race (WC)  70k,266.9,160.0,4167.0,1053,15.0,0
21.09,8,World Championships - Mixed Relay TTT (WC) ,28.2,11.0,226.0,91,,0
11.09,124,GP de Fourmies / La Voix du Nord (1.Pro) ,197.6,47.0,2111.0,371,,0
21.08,3,BEMER Cyclassics (1.UWT) ,204.7,30.0,892.0,651,110.0,1
11.08 » 14.08,,Arctic Race of Norway (2.Pro) ,,,,158,,0
,19,Mountains classification ,,,,158,,0
,10,Points classification ,,,,158,,0
,8,General classification ,,,,158,50.0,0
14.08,6,Stage 4 - Trondheim › Trondheim ,159.1,132.0,2378.0,158,3.0,0
13.08,6,Stage 3 - Namsos › Skallstuggu ,177.7,129.0,2637.0,158,3.0,0
12.08,49,Stage 2 - Mosjøen › Brønnøysund ,154.3,147.0,2675.0,158,,0
11.08,10,Stage 1 - Mo i Rana › Mo i Rana ,186.8,112.0,3329.0,158,,0
30.07 » 05.08,,Tour de Pologne (2.UWT) ,,,,467,,0
,13,Mountains classification ,,,,467,,0
,13,Points classification ,,,,467,,0
,20,General classification ,,,,467,20.0,0
05.08,74,Stage 7 - Valsir › Kraków ,177.8,36.0,1875.0,467,,0
04.08,33,Stage 6 (ITT) - Nowy Targ (Gronków) › Stacja Narciarska Rusiński ,11.8,28.0,337.0,467,,0
03.08,24,Stage 5 - Łańcut › Rzeszów ,178.1,78.0,2179.0,467,,0
02.08,4,Stage 4 - Lesko › Sanok ,179.4,103.0,2621.0,467,13.0,0
01.08,3,Stage 3 - Kraśnik › Przemyśl ,237.9,93.0,1545.0,467,18.0,1
31.07,40,Stage 2 - Chełm › Zamość ,205.6,4.0,966.0,467,,0
30.07,25,Stage 1 - Kielce › Lublin ,218.8,10.0,1231.0,467,,0
26.06,42,National Championships Belgium - Road Race (NC) ,208.7,,,409,,0
15.06 » 19.06,,Baloise Belgium Tour (2.Pro) ,,,,384,,0
,4,Points classification ,,,,384,,0
,3,General classification ,,,,384,90.0,1
19.06,40,Stage 5 - Gingelom › Beringen ,179.9,1.0,685.0,384,,0
18.06,1,Stage 4 - Durbuy › Durbuy  86k,172.2,182.0,3326.0,384,30.0,1
17.06,26,Stage 3 (ITT) - Scherpenheuvel-Zichem › Scherpenheuvel-Zichem ,11.8,0.0,49.0,384,,0
16.06,16,Stage 2 - Beveren › Knokke-Heist ,175.6,0.0,181.0,384,,0
15.06,4,Stage 1 - Merelbeke › Maarkedal ,165.0,59.0,1798.0,384,7.0,0
11.06,DNS,Dwars door het Hageland (1.Pro) ,177.0,24.0,1065.0,234,,0
06.06,6,Ronde van Limburg (1.1) ,202.6,32.0,1651.0,312,24.0,0
05.06,DNF,Brussels Cycling Classic (1.Pro) ,203.9,33.0,1850.0,362,,0
02.06,12,Giro dell'Appennino (1.1) ,191.7,180.0,3054.0,92,10.0,0
26.04 » 01.05,,Tour de Romandie (2.UWT) ,,,,506,,0
,11,Mountains classification ,,,,506,,0
,4,Points classification ,,,,506,,0
,69,General classification ,,,,506,5.0,0
01.05,106,Stage 5 (ITT) - Aigle › Villars ,15.84,172.0,884.0,506,,0
30.04,83,Stage 4 - Aigle › Zinal (Val d'Anniviers)  134k,180.1,276.0,4158.0,506,,0
29.04,5,Stage 3 - Valbroye › Valbroye ,165.1,107.0,2441.0,506,10.0,0
28.04,6,Stage 2 - Échallens › Échallens ,168.2,83.0,2327.0,506,7.0,0
27.04,5,Stage 1 - La Grande Beroche › Romont ,178.0,115.0,2729.0,506,10.0,0
26.04,63,Prologue - Lausanne › Lausanne ,5.12,0.0,39.0,506,,0
24.04,2,Liège-Bastogne-Liège (1.UWT) ,257.2,182.0,4342.0,1101,200.0,1
20.04,61,La Flèche Wallonne (1.UWT) ,202.1,173.0,3160.0,974,5.0,0
04.04 » 09.04,,Itzulia Basque Country (2.UWT) ,,154.0,2703.0,742,,0
07.04,DNF,Stage 4 - Vitoria-Gasteiz › Zamudio ,185.6,154.0,2703.0,742,,0
06.04,24,Stage 3 - Llodio › Amurrio ,181.7,186.0,3278.0,742,,0
05.04,3,Stage 2 - Leitza › Viana ,207.92,77.0,2625.0,742,18.0,1
04.04,30,Stage 1 (ITT) - Hondarribia › Hondarribia ,7.51,7.0,100.0,742,,0
01.04,9,La Route Adélie de Vitré (1.1) ,176.7,68.0,2578.0,130,16.0,0
05.03,54,Strade Bianche (1.UWT) ,184.0,167.0,3107.0,662,5.0,0
02.03,DNF,Trofeo Laigueglia (1.Pro) ,202.0,151.0,2973.0,320,,0
