date,result,name,distance,profile,vert,startlist,points,top3
04.10,108.0,Binche -  Chimay - Binche / Mémorial Frank Vandenbroucke (1.1) ,198.6,30.0,1977.0,484.0,,0
25.09,1.0,World Championships ME - Road Race (WC)  72k,266.9,160.0,4167.0,1053.0,350.0,1
18.09,3.0,World Championships ME - ITT (WC) ,34.2,17.0,324.0,324.0,140.0,1
19.08 » 11.09,,La Vuelta ciclista a España (2.UWT) ,,,,970.0,,0
,1.0,Youth classification ,,,,970.0,,1
,5.0,Mountains classification ,,,,970.0,,0
,4.0,Points classification ,,,,970.0,,0
,1.0,General classification ,,,,970.0,400.0,1
11.09,40.0,Stage 21 - Las Rozas › Madrid ,96.7,10.0,773.0,970.0,,0
10.09,6.0,Stage 20 - Moralzarzal › Puerto de Navacerrada ,181.0,216.0,3977.0,970.0,15.0,0
09.09,40.0,Stage 19 - Talavera de la Reina › Talavera de la Reina ,138.3,101.0,2278.0,970.0,,0
08.09,1.0,Stage 18 - Trujillo › Alto del Piornal ,192.0,214.0,3680.0,970.0,80.0,1
07.09,14.0,Stage 17 - Aracena › Monasterio de Tentudía ,162.3,161.0,2755.0,970.0,2.0,0
06.09,97.0,Stage 16 - Sanlúcar de Barrameda › Tomares ,189.4,28.0,1076.0,970.0,,0
04.09,10.0,Stage 15 - Martos › Sierra Nevada ,152.6,407.0,4033.0,970.0,6.0,0
03.09,8.0,Stage 14 - Montoro › Sierra de La Pandera ,160.3,278.0,3312.0,970.0,10.0,0
02.09,25.0,Stage 13 - Ronda › Montilla ,168.4,54.0,1766.0,970.0,,0
01.09,15.0,Stage 12 - Salobreña › Peñas Blancas. Estepona ,192.7,273.0,3238.0,970.0,1.0,0
31.08,76.0,Stage 11 - ElPozo Alimentación › Cabo de Gata ,191.2,38.0,1592.0,970.0,,0
30.08,1.0,Stage 10 (ITT) - Elche › Alicante ,30.9,4.0,179.0,970.0,80.0,1
28.08,4.0,Stage 9 - Villaviciosa › Les Praeres. Nava ,171.4,242.0,3675.0,970.0,25.0,0
27.08,5.0,Stage 8 - La Pola Llaviana/Pola de Laviana › Colláu Fancuaya ,153.4,335.0,3741.0,970.0,18.0,0
26.08,36.0,Stage 7 - Camargo › Cistierna ,190.0,112.0,3359.0,970.0,,0
25.08,2.0,Stage 6 - Bilbao › Ascensión al Pico Jano. San Miguel de Aguayo ,181.2,294.0,4120.0,970.0,50.0,1
24.08,72.0,Stage 5 - Irún › Bilbao ,187.2,162.0,2978.0,970.0,,0
23.08,8.0,Stage 4 - Vitoria-Gasteiz › Laguardia ,152.5,133.0,2319.0,970.0,10.0,0
21.08,54.0,Stage 3 - Breda › Breda ,193.2,0.0,255.0,970.0,,0
20.08,14.0,Stage 2 - 's-Hertogenbosch › Utrecht ,175.1,10.0,518.0,970.0,2.0,0
19.08,3.0,Stage 1 (TTT) - Utrecht › Utrecht ,23.3,0.0,31.0,970.0,3.0,1
30.07,1.0,Donostia San Sebastian Klasikoa (1.UWT) ,224.8,231.0,4147.0,724.0,225.0,1
26.06,37.0,National Championships Belgium - Road Race (NC) ,208.7,,,409.0,,0
23.06,1.0,National Championships Belgium - ITT (NC) ,34.8,,,80.0,15.0,1
12.06 » 19.06,,Tour de Suisse (2.UWT) ,,,,767.0,,0
,2.0,Youth classification ,,,,767.0,,1
,29.0,Mountains classification ,,,,767.0,,0
,6.0,Points classification ,,,,767.0,,0
,11.0,General classification ,,,,767.0,60.0,0
19.06,1.0,Stage 8 (ITT) - Vaduz › Vaduz ,25.6,3.0,131.0,767.0,50.0,1
18.06,12.0,Stage 7 - Ambri › Malbun ,194.6,347.0,3881.0,767.0,,0
17.06,22.0,Stage 6 - Locarno › Moosalp ,177.5,304.0,4155.0,767.0,,0
16.06,28.0,Stage 5 - Ambri › Novazzano ,190.1,195.0,2610.0,767.0,,0
15.06,45.0,Stage 4 - Grenchen › Brunnen ,190.8,82.0,2062.0,767.0,,0
14.06,47.0,Stage 3 - Aesch › Grenchen ,176.9,119.0,3125.0,767.0,,0
13.06,51.0,Stage 2 - Küsnacht › Aesch ,198.0,123.0,2746.0,767.0,,0
12.06,15.0,Stage 1 - Küsnacht › Küsnacht  ,177.6,135.0,2746.0,767.0,,0
31.05,1.0,Gullegem Koerse (NAT) ,171.0,,,,,1
24.05 » 29.05,,Tour of Norway (2.Pro) ,,,,282.0,,0
,1.0,Youth classification ,,,,282.0,,1
,2.0,Mountains classification ,,,,282.0,,1
,4.0,Points classification ,,,,282.0,,0
,1.0,General classification ,,,,282.0,150.0,1
29.05,24.0,Stage 6 - Stavanger › Stavanger ,149.3,38.0,1231.0,282.0,,0
28.05,1.0,Stage 5 - Flekkefjord › Sandnes ,181.7,134.0,2781.0,282.0,30.0,1
27.05,30.0,Stage 4 - Hovden › Kristiansand ,232.1,41.0,1655.0,282.0,,0
26.05,1.0,Stage 3 - Gol › Stavsro/Gaustatoppen ,175.8,261.0,3371.0,282.0,30.0,1
25.05,13.0,Stage 2 - Ulvik › Geilo ,123.8,87.0,2421.0,282.0,,0
24.05,1.0,Stage 1 - Bergen › Voss ,173.6,99.0,2225.0,282.0,30.0,1
24.04,1.0,Liège-Bastogne-Liège (1.UWT) ,257.2,182.0,4342.0,1101.0,275.0,1
20.04,43.0,La Flèche Wallonne (1.UWT) ,202.1,173.0,3160.0,974.0,5.0,0
13.04,6.0,De Brabantse Pijl - La Flèche Brabançonne (1.Pro)  55k,205.1,71.0,2034.0,534.0,40.0,0
04.04 » 09.04,,Itzulia Basque Country (2.UWT) ,,,,742.0,,0
,1.0,Youth classification ,,,,742.0,,1
,12.0,Mountains classification ,,,,742.0,,0
,3.0,Points classification ,,,,742.0,,1
,4.0,General classification ,,,,742.0,140.0,0
09.04,7.0,Stage 6 - Eibar › Arrate ,135.7,275.0,3636.0,742.0,4.0,0
08.04,3.0,Stage 5 - Zamudio › Mallabia ,163.76,184.0,3485.0,742.0,18.0,1
07.04,34.0,Stage 4 - Vitoria-Gasteiz › Zamudio ,185.6,154.0,2703.0,742.0,,0
06.04,13.0,Stage 3 - Llodio › Amurrio ,181.7,186.0,3278.0,742.0,,0
05.04,9.0,Stage 2 - Leitza › Viana ,207.92,77.0,2625.0,742.0,2.0,0
04.04,2.0,Stage 1 (ITT) - Hondarribia › Hondarribia ,7.51,7.0,100.0,742.0,30.0,1
07.03 » 13.03,,Tirreno-Adriatico (2.UWT) ,,,,1061.0,,0
,3.0,Youth classification ,,,,1061.0,,1
,27.0,Mountains classification ,,,,1061.0,,0
,5.0,Points classification ,,,,1061.0,,0
,11.0,General classification ,,,,1061.0,60.0,0
13.03,69.0,Stage 7 - San Benedetto del Tronto › San Benedetto del Tronto ,159.0,19.0,1296.0,1061.0,,0
12.03,13.0,Stage 6 - Apecchio › Carpegna ,215.0,266.0,3817.0,1061.0,,0
11.03,9.0,Stage 5 - Sefro › Fermo ,155.0,191.0,2402.0,1061.0,2.0,0
10.03,4.0,Stage 4 - Cascata delle Marmore › Bellante ,202.0,131.0,3092.0,1061.0,13.0,0
09.03,39.0,Stage 3 - Murlo › Terni ,170.0,53.0,2063.0,1061.0,,0
08.03,37.0,Stage 2 - Camaiore › Sovicille ,219.0,70.0,2144.0,1061.0,,0
07.03,2.0,Stage 1 (ITT) - Lido di Camaiore › Lido di Camaiore ,13.9,0.0,4.0,1061.0,30.0,1
16.02 » 20.02,,Volta ao Algarve em Bicicleta (2.Pro) ,,,,502.0,,0
,1.0,Youth classification ,,,,502.0,,1
,17.0,Mountains classification ,,,,502.0,,0
,8.0,Points classification ,,,,502.0,,0
,1.0,General classification ,,,,502.0,150.0,1
20.02,5.0,Stage 5 - Lagoa › Malhão (Loulé) ,173.0,199.0,3056.0,502.0,4.0,0
19.02,1.0,Stage 4 (ITT) - Vila Real de Santo António › Tavira ,32.2,26.0,407.0,502.0,30.0,1
18.02,28.0,Stage 3 - Almodôvar › Faro ,211.4,48.0,2000.0,502.0,,0
17.02,6.0,Stage 2 - Albufeira › Fóia (Monchique) ,182.4,197.0,3183.0,502.0,3.0,0
16.02,7.0,Stage 1 - Portimão  › Lagos ,199.1,42.0,2124.0,502.0,2.0,0
02.02 » 06.02,,Volta a la Comunitat Valenciana (2.Pro) ,,,,610.0,,0
,1.0,Youth classification ,,,,610.0,,1
,4.0,Mountains classification ,,,,610.0,,0
,5.0,Points classification ,,,,610.0,,0
,2.0,General classification ,,,,610.0,110.0,1
06.02,45.0,Stage 5 - Paterna › Valencia ,92.0,12.0,706.0,610.0,,0
05.02,52.0,Stage 4 - Orihuela › Torrevieja  ,193.1,19.0,1237.0,610.0,,0
04.02,8.0,Stage 3 - Alicante › Antenas del Maigmó ,155.1,286.0,3628.0,610.0,1.0,0
03.02,7.0,Stage 2 - Bétera › Torrent ,171.5,83.0,2429.0,610.0,2.0,0
02.02,1.0,Stage 1 - Les Alqueries › Torralba del Pinar ,166.7,162.0,3164.0,610.0,30.0,1
