date,result,name,distance,profile,vert,startlist,points,top3
19.08 » 11.09,,La Vuelta ciclista a España (2.UWT) ,,,,970,,0
,1,Mountains classification ,,,,970,80.0,1
,8,Points classification ,,,,970,,0
,14,General classification ,,,,970,110.0,0
11.09,105,Stage 21 - Las Rozas › Madrid ,96.7,10.0,773.0,970,,0
10.09,1,Stage 20 - Moralzarzal › Puerto de Navacerrada  151k,181.0,216.0,3977.0,970,80.0,1
09.09,19,Stage 19 - Talavera de la Reina › Talavera de la Reina ,138.3,101.0,2278.0,970,,0
08.09,16,Stage 18 - Trujillo › Alto del Piornal  140k,192.0,214.0,3680.0,970,,0
07.09,40,Stage 17 - Aracena › Monasterio de Tentudía ,162.3,161.0,2755.0,970,,0
06.09,129,Stage 16 - Sanlúcar de Barrameda › Tomares ,189.4,28.0,1076.0,970,,0
04.09,17,Stage 15 - Martos › Sierra Nevada  104k,152.6,407.0,4033.0,970,,0
03.09,1,Stage 14 - Montoro › Sierra de La Pandera  89k,160.3,278.0,3312.0,970,80.0,1
02.09,122,Stage 13 - Ronda › Montilla ,168.4,54.0,1766.0,970,,0
01.09,1,Stage 12 - Salobreña › Peñas Blancas. Estepona  163k,192.7,273.0,3238.0,970,80.0,1
31.08,101,Stage 11 - ElPozo Alimentación › Cabo de Gata ,191.2,38.0,1592.0,970,,0
30.08,68,Stage 10 (ITT) - Elche › Alicante ,30.9,4.0,179.0,970,,0
28.08,56,Stage 9 - Villaviciosa › Les Praeres. Nava ,171.4,242.0,3675.0,970,,0
27.08,39,Stage 8 - La Pola Llaviana/Pola de Laviana › Colláu Fancuaya ,153.4,335.0,3741.0,970,,0
26.08,30,Stage 7 - Camargo › Cistierna ,190.0,112.0,3359.0,970,,0
25.08,25,Stage 6 - Bilbao › Ascensión al Pico Jano. San Miguel de Aguayo ,181.2,294.0,4120.0,970,,0
24.08,33,Stage 5 - Irún › Bilbao ,187.2,162.0,2978.0,970,,0
23.08,24,Stage 4 - Vitoria-Gasteiz › Laguardia ,152.5,133.0,2319.0,970,,0
21.08,55,Stage 3 - Breda › Breda ,193.2,0.0,255.0,970,,0
20.08,20,Stage 2 - 's-Hertogenbosch › Utrecht ,175.1,10.0,518.0,970,,0
19.08,2,Stage 1 (TTT) - Utrecht › Utrecht ,23.3,0.0,31.0,970,4.0,1
30.07 » 05.08,,Tour de Pologne (2.UWT) ,,,,467,,0
,49,Points classification ,,,,467,,0
,22,General classification ,,,,467,16.0,0
05.08,75,Stage 7 - Valsir › Kraków ,177.8,36.0,1875.0,467,,0
04.08,32,Stage 6 (ITT) - Nowy Targ (Gronków) › Stacja Narciarska Rusiński ,11.8,28.0,337.0,467,,0
03.08,42,Stage 5 - Łańcut › Rzeszów ,178.1,78.0,2179.0,467,,0
02.08,24,Stage 4 - Lesko › Sanok ,179.4,103.0,2621.0,467,,0
01.08,13,Stage 3 - Kraśnik › Przemyśl ,237.9,93.0,1545.0,467,,0
31.07,37,Stage 2 - Chełm › Zamość ,205.6,4.0,966.0,467,,0
30.07,26,Stage 1 - Kielce › Lublin ,218.8,10.0,1231.0,467,,0
06.05 » 29.05,,Giro d'Italia (2.UWT) ,,,,816,,0
,9,Mountains classification ,,,,816,,0
,12,Points classification ,,,,816,,0
,2,General classification ,,,,816,290.0,1
29.05,10,Stage 21 (ITT) - Verona › Verona ,17.4,30.0,317.0,816,6.0,0
28.05,11,Stage 20 - Belluno › Marmolada (Passo Fedaia) ,168.0,392.0,4718.0,816,5.0,0
27.05,8,Stage 19 - Marano Lagunare › Santuario di Castelmonte ,178.0,262.0,3489.0,816,10.0,0
26.05,22,Stage 18 - Borgo Valsugana › Treviso ,156.0,34.0,1219.0,816,,0
25.05,5,Stage 17 - Ponte di Legno › Lavarone ,168.0,347.0,3950.0,816,18.0,0
24.05,4,Stage 16 - Salò › Aprica ,202.0,376.0,5268.0,816,25.0,0
22.05,13,Stage 15 - Rivarolo Canavese › Cogne ,177.0,301.0,4019.0,816,3.0,0
21.05,3,Stage 14 - Santena › Torino  74k,147.0,247.0,3167.0,816,35.0,1
20.05,15,Stage 13 - Sanremo › Cuneo ,150.0,51.0,1817.0,816,1.0,0
19.05,35,Stage 12 - Parma › Genova ,204.0,112.0,2867.0,816,,0
18.05,23,Stage 11 - Santarcangelo di Romagna › Reggio Emilia ,203.0,0.0,369.0,816,,0
17.05,5,Stage 10 - Pescara › Jesi ,196.0,86.0,1764.0,816,18.0,0
15.05,3,Stage 9 - Isernia › Blockhaus ,191.0,458.0,5080.0,816,35.0,1
14.05,38,Stage 8 - Napoli › Napoli ,153.0,123.0,2243.0,816,,0
13.05,10,Stage 7 - Diamante › Potenza ,196.0,246.0,4730.0,816,6.0,0
12.05,38,Stage 6 - Palmi › Scalea ,192.0,49.0,1498.0,816,,0
11.05,38,Stage 5 - Catania › Messina ,174.0,31.0,1968.0,816,,0
10.05,7,Stage 4 - Avola › Etna ,172.0,251.0,3626.0,816,12.0,0
08.05,83,Stage 3 - Kaposvár › Balatonfüred ,201.0,7.0,1150.0,816,,0
07.05,19,Stage 2 (ITT) - Budapest › Budapest ,9.2,8.0,81.0,816,,0
06.05,6,Stage 1 - Budapest › Visegrád ,195.0,51.0,1390.0,816,15.0,0
21.03 » 27.03,,Volta Ciclista a Catalunya (2.UWT) ,,,,722,,0
,4,Mountains classification ,,,,722,,0
,2,Points classification ,,,,722,,1
,2,General classification ,,,,722,190.0,1
27.03,10,Stage 7 - Barcelona › Barcelona ,138.6,154.0,2121.0,722,1.0,0
26.03,1,Stage 6 - Salou › Cambrils  134k,168.6,90.0,2706.0,722,50.0,1
25.03,24,Stage 5 - La Pobla de Segur › Vilanova i la Geltrú ,206.3,57.0,2478.0,722,,0
24.03,7,Stage 4 - La Seu d'Urgell › Boí Taüll ,166.7,221.0,3538.0,722,4.0,0
23.03,12,Stage 3 - Perpignan › La Molina ,161.1,175.0,3394.0,722,,0
22.03,21,Stage 2 - L'Escala › Perpignan ,202.4,57.0,2166.0,722,,0
21.03,31,Stage 1 - Sant Feliu de Guíxols › Sant Feliu de Guíxols ,171.2,58.0,1688.0,722,,0
07.03 » 13.03,,Tirreno-Adriatico (2.UWT) ,,191.0,2402.0,1061,,0
11.03,DNS,Stage 5 - Sefro › Fermo ,155.0,191.0,2402.0,1061,,0
10.03,59,Stage 4 - Cascata delle Marmore › Bellante ,202.0,131.0,3092.0,1061,,0
09.03,44,Stage 3 - Murlo › Terni ,170.0,53.0,2063.0,1061,,0
08.03,31,Stage 2 - Camaiore › Sovicille ,219.0,70.0,2144.0,1061,,0
07.03,20,Stage 1 (ITT) - Lido di Camaiore › Lido di Camaiore ,13.9,0.0,4.0,1061,,0
05.03,30,Strade Bianche (1.UWT) ,184.0,167.0,3107.0,662,5.0,0
20.02,2,National Championships Ecuador - Road Race (NC) ,163.2,,,41,10.0,1
18.02,1,National Championships Ecuador - ITT (NC) ,38.2,,,35,15.0,1
10.02 » 13.02,,Tour de la Provence (2.Pro) ,,69.0,2202.0,318,,0
12.02,DNS,Stage 2 - Arles › Manosque ,180.6,69.0,2202.0,318,,0
11.02,21,Stage 1 - Istres › Les Saintes-Maries-de-la-Mer ,151.8,2.0,360.0,318,,0
10.02,53,Prologue - Berre-l'Étang › Berre-l'Étang ,7.1,0.0,14.0,318,,0
02.02 » 06.02,,Etoile de Bessèges - Tour du Gard (2.1) ,,20.0,171.0,366,,0
06.02,DNS,Stage 5 (ITT) - Alès › Alès l'Ermitage ,10.64,20.0,171.0,366,,0
05.02,24,Stage 4 - Saint-Hilaire-de-Brethmas › Le Mont Bouquet ,146.71,108.0,1817.0,366,,0
04.02,133,Stage 3 - Bessèges › Bessèges ,155.65,76.0,2051.0,366,,0
03.02,22,Stage 2 - Saint-Christol-lèz-Alès › Rousson ,156.21,67.0,1702.0,366,,0
02.02,13,Stage 1 - Bellegarde › Bellegarde ,160.86,18.0,538.0,366,,0
