date,result,name,distance,profile,vert,startlist,points,top3
08.10,21,Il Lombardia (1.UWT) ,253.0,278.0,4852.0,1019,19.0,0
04.10,10,Tre Valli Varesine (1.Pro) ,196.3,152.0,3464.0,922,22.0,0
01.10,5,Giro dell'Emilia (1.Pro) ,198.7,266.0,3021.0,728,45.0,0
29.09,7,Coppa Agostoni - Giro delle Brianze (1.1) ,193.0,121.0,3189.0,358,20.0,0
19.08 » 11.09,,La Vuelta ciclista a España (2.UWT) ,,,,970,,0
,29,Mountains classification ,,,,970,,0
,21,Points classification ,,,,970,,0
,9,General classification ,,,,970,160.0,0
11.09,35,Stage 21 - Las Rozas › Madrid ,96.7,10.0,773.0,970,,0
10.09,15,Stage 20 - Moralzarzal › Puerto de Navacerrada ,181.0,216.0,3977.0,970,1.0,0
09.09,47,Stage 19 - Talavera de la Reina › Talavera de la Reina ,138.3,101.0,2278.0,970,,0
08.09,11,Stage 18 - Trujillo › Alto del Piornal ,192.0,214.0,3680.0,970,5.0,0
07.09,1,Stage 17 - Aracena › Monasterio de Tentudía  122k,162.3,161.0,2755.0,970,80.0,1
06.09,16,Stage 16 - Sanlúcar de Barrameda › Tomares ,189.4,28.0,1076.0,970,,0
04.09,12,Stage 15 - Martos › Sierra Nevada  130k,152.6,407.0,4033.0,970,4.0,0
03.09,16,Stage 14 - Montoro › Sierra de La Pandera ,160.3,278.0,3312.0,970,,0
02.09,46,Stage 13 - Ronda › Montilla ,168.4,54.0,1766.0,970,,0
01.09,32,Stage 12 - Salobreña › Peñas Blancas. Estepona ,192.7,273.0,3238.0,970,,0
31.08,111,Stage 11 - ElPozo Alimentación › Cabo de Gata ,191.2,38.0,1592.0,970,,0
30.08,35,Stage 10 (ITT) - Elche › Alicante ,30.9,4.0,179.0,970,,0
28.08,29,Stage 9 - Villaviciosa › Les Praeres. Nava ,171.4,242.0,3675.0,970,,0
27.08,22,Stage 8 - La Pola Llaviana/Pola de Laviana › Colláu Fancuaya ,153.4,335.0,3741.0,970,,0
26.08,68,Stage 7 - Camargo › Cistierna ,190.0,112.0,3359.0,970,,0
25.08,21,Stage 6 - Bilbao › Ascensión al Pico Jano. San Miguel de Aguayo ,181.2,294.0,4120.0,970,,0
24.08,80,Stage 5 - Irún › Bilbao ,187.2,162.0,2978.0,970,,0
23.08,28,Stage 4 - Vitoria-Gasteiz › Laguardia ,152.5,133.0,2319.0,970,,0
21.08,132,Stage 3 - Breda › Breda ,193.2,0.0,255.0,970,,0
20.08,124,Stage 2 - 's-Hertogenbosch › Utrecht ,175.1,10.0,518.0,970,,0
19.08,17,Stage 1 (TTT) - Utrecht › Utrecht ,23.3,0.0,31.0,970,,0
30.07,9,Donostia San Sebastian Klasikoa (1.UWT) ,224.8,231.0,4147.0,724,46.0,0
01.07 » 24.07,,Tour de France (2.UWT) ,,,,1550,,0
,78,Points classification ,,,,1550,,0
,25,General classification ,,,,1550,75.0,0
24.07,99,Stage 21 - Paris La Défense › Paris (Champs-Élysées) ,115.6,13.0,748.0,1550,,0
23.07,40,Stage 20 (ITT) - Lacapelle-Marival › Rocamadour ,40.7,39.0,434.0,1550,,0
22.07,101,Stage 19 - Castelnau-Magnoac › Cahors ,188.3,35.0,1316.0,1550,,0
21.07,23,Stage 18 - Lourdes › Hautacam  62k,143.2,408.0,4036.0,1550,,0
20.07,27,Stage 17 - Saint-Gaudens › Peyragudes ,129.7,324.0,3364.0,1550,,0
19.07,68,Stage 16 - Carcassonne › Foix ,178.5,204.0,3418.0,1550,,0
17.07,94,Stage 15 - Rodez › Carcassonne ,202.5,64.0,2416.0,1550,,0
16.07,11,Stage 14 - Saint-Etienne › Mende  152k,192.5,170.0,3441.0,1550,8.0,0
15.07,118,Stage 13 - Bourg d'Oisans › Saint-Etienne ,192.6,78.0,2109.0,1550,,0
14.07,81,Stage 12 - Briançon › L'Alpe d'Huez ,165.1,389.0,4660.0,1550,,0
13.07,64,Stage 11 - Albertville › Col du Granon ,151.7,400.0,4070.0,1550,,0
12.07,57,Stage 10 - Morzine › Megève ,148.1,143.0,2733.0,1550,,0
10.07,33,Stage 9 - Aigle › Châtel les portes du Soleil  132k,192.9,223.0,3743.0,1550,,0
09.07,28,Stage 8 - Dole › Lausanne ,186.3,87.0,2556.0,1550,,0
08.07,12,Stage 7 - Tomblaine › La Super Planche des Belles Filles ,176.3,192.0,2526.0,1550,6.0,0
07.07,17,Stage 6 - Binche › Longwy ,219.9,85.0,2477.0,1550,,0
06.07,33,Stage 5 - Lille › Wallers-Arenberg ,157.0,1.0,601.0,1550,,0
05.07,83,Stage 4 - Dunkerque › Calais ,171.5,63.0,1785.0,1550,,0
03.07,93,Stage 3 - Vejle › Sønderborg ,182.0,16.0,1280.0,1550,,0
02.07,98,Stage 2 - Roskilde › Nyborg ,202.2,11.0,1149.0,1550,,0
01.07,108,Stage 1 (ITT) - Copenhagen › Copenhagen ,13.2,0.0,21.0,1550,,0
12.06 » 19.06,,Tour de Suisse (2.UWT) ,,304.0,4155.0,767,,0
17.06,DNS,Stage 6 - Locarno › Moosalp ,177.5,304.0,4155.0,767,,0
16.06,13,Stage 5 - Ambri › Novazzano ,190.1,195.0,2610.0,767,,0
15.06,34,Stage 4 - Grenchen › Brunnen ,190.8,82.0,2062.0,767,,0
14.06,40,Stage 3 - Aesch › Grenchen ,176.9,119.0,3125.0,767,,0
13.06,65,Stage 2 - Küsnacht › Aesch ,198.0,123.0,2746.0,767,,0
12.06,34,Stage 1 - Küsnacht › Küsnacht  ,177.6,135.0,2746.0,767,,0
26.04 » 01.05,,Tour de Romandie (2.UWT) ,,83.0,2327.0,506,,0
28.04,DNS,Stage 2 - Échallens › Échallens ,168.2,83.0,2327.0,506,,0
27.04,119,Stage 1 - La Grande Beroche › Romont ,178.0,115.0,2729.0,506,,0
26.04,27,Prologue - Lausanne › Lausanne ,5.12,0.0,39.0,506,,0
24.04,DNF,Liège-Bastogne-Liège (1.UWT) ,257.2,182.0,4342.0,1101,,0
20.04,42,La Flèche Wallonne (1.UWT) ,202.1,173.0,3160.0,974,5.0,0
04.04 » 09.04,,Itzulia Basque Country (2.UWT) ,,,,742,,0
,21,Points classification ,,,,742,,0
,10,General classification ,,,,742,70.0,0
09.04,13,Stage 6 - Eibar › Arrate ,135.7,275.0,3636.0,742,,0
08.04,23,Stage 5 - Zamudio › Mallabia ,163.76,184.0,3485.0,742,,0
07.04,11,Stage 4 - Vitoria-Gasteiz › Zamudio ,185.6,154.0,2703.0,742,,0
06.04,10,Stage 3 - Llodio › Amurrio ,181.7,186.0,3278.0,742,1.0,0
05.04,36,Stage 2 - Leitza › Viana ,207.92,77.0,2625.0,742,,0
04.04,41,Stage 1 (ITT) - Hondarribia › Hondarribia ,7.51,7.0,100.0,742,,0
07.03 » 13.03,,Tirreno-Adriatico (2.UWT) ,,,,1061,,0
,14,General classification ,,,,1061,45.0,0
13.03,79,Stage 7 - San Benedetto del Tronto › San Benedetto del Tronto ,159.0,19.0,1296.0,1061,,0
12.03,19,Stage 6 - Apecchio › Carpegna ,215.0,266.0,3817.0,1061,,0
11.03,22,Stage 5 - Sefro › Fermo ,155.0,191.0,2402.0,1061,,0
10.03,15,Stage 4 - Cascata delle Marmore › Bellante ,202.0,131.0,3092.0,1061,,0
09.03,84,Stage 3 - Murlo › Terni ,170.0,53.0,2063.0,1061,,0
08.03,92,Stage 2 - Camaiore › Sovicille ,219.0,70.0,2144.0,1061,,0
07.03,43,Stage 1 (ITT) - Lido di Camaiore › Lido di Camaiore ,13.9,0.0,4.0,1061,,0
