date,result,name,distance,profile,vert,startlist,points,top3
08.10,9,Il Lombardia (1.UWT) ,253.0,278.0,4852.0,1019,60.0,0
04.10,16,Tre Valli Varesine (1.Pro) ,196.3,152.0,3464.0,922,10.0,0
25.09,22,World Championships ME - Road Race (WC)  70k,266.9,160.0,4167.0,1053,26.0,0
11.09,8,Grand Prix Cycliste de Montréal (1.UWT) ,221.4,182.0,4124.0,864,50.0,0
09.09,20,Grand Prix Cycliste de Québec (1.UWT) ,201.6,60.0,2508.0,866,15.0,0
24.08 » 28.08,,Deutschland Tour (2.Pro) ,,,,458,,0
,2,Mountains classification ,,,,458,,1
,33,General classification ,,,,458,,0
28.08,18,Stage 4 - Schiltach › Stuttgart  119k,186.6,93.0,2586.0,458,,0
27.08,73,Stage 3 - Freiburg  › Schauinsland ,148.9,203.0,2065.0,458,,0
26.08,26,Stage 2 - Meiningen › Marburg ,200.7,87.0,2467.0,458,,0
25.08,49,Stage 1 - Weimar › Meiningen ,171.7,62.0,2103.0,458,,0
24.08,36,Prologue - Weimar › Weimar ,2.6,1.0,17.0,458,,0
01.07 » 24.07,,Tour de France (2.UWT) ,,,,1550,,0
,20,Mountains classification ,,,,1550,,0
,30,Points classification ,,,,1550,,0
,6,General classification ,,,,1550,260.0,0
24.07,22,Stage 21 - Paris La Défense › Paris (Champs-Élysées) ,115.6,13.0,748.0,1550,,0
23.07,25,Stage 20 (ITT) - Lacapelle-Marival › Rocamadour ,40.7,39.0,434.0,1550,,0
22.07,22,Stage 19 - Castelnau-Magnoac › Cahors ,188.3,35.0,1316.0,1550,,0
21.07,16,Stage 18 - Lourdes › Hautacam ,143.2,408.0,4036.0,1550,,0
20.07,6,Stage 17 - Saint-Gaudens › Peyragudes  52k,129.7,324.0,3364.0,1550,26.0,0
19.07,35,Stage 16 - Carcassonne › Foix ,178.5,204.0,3418.0,1550,,0
17.07,26,Stage 15 - Rodez › Carcassonne ,202.5,64.0,2416.0,1550,,0
16.07,29,Stage 14 - Saint-Etienne › Mende ,192.5,170.0,3441.0,1550,,0
15.07,30,Stage 13 - Bourg d'Oisans › Saint-Etienne ,192.6,78.0,2109.0,1550,,0
14.07,11,Stage 12 - Briançon › L'Alpe d'Huez ,165.1,389.0,4660.0,1550,8.0,0
13.07,2,Stage 11 - Albertville › Col du Granon ,151.7,400.0,4070.0,1550,70.0,1
12.07,26,Stage 10 - Morzine › Megève ,148.1,143.0,2733.0,1550,,0
10.07,11,Stage 9 - Aigle › Châtel les portes du Soleil ,192.9,223.0,3743.0,1550,8.0,0
09.07,19,Stage 8 - Dole › Lausanne ,186.3,87.0,2556.0,1550,,0
08.07,8,Stage 7 - Tomblaine › La Super Planche des Belles Filles ,176.3,192.0,2526.0,1550,18.0,0
07.07,9,Stage 6 - Binche › Longwy ,219.9,85.0,2477.0,1550,14.0,0
06.07,28,Stage 5 - Lille › Wallers-Arenberg ,157.0,1.0,601.0,1550,,0
05.07,47,Stage 4 - Dunkerque › Calais ,171.5,63.0,1785.0,1550,,0
03.07,44,Stage 3 - Vejle › Sønderborg ,182.0,16.0,1280.0,1550,,0
02.07,35,Stage 2 - Roskilde › Nyborg ,202.2,11.0,1149.0,1550,,0
01.07,37,Stage 1 (ITT) - Copenhagen › Copenhagen ,13.2,0.0,21.0,1550,,0
06.05 » 29.05,,Giro d'Italia (2.UWT) ,,51.0,1817.0,816,,0
20.05,DNF,Stage 13 - Sanremo › Cuneo ,150.0,51.0,1817.0,816,,0
19.05,32,Stage 12 - Parma › Genova ,204.0,112.0,2867.0,816,,0
18.05,24,Stage 11 - Santarcangelo di Romagna › Reggio Emilia ,203.0,0.0,369.0,816,,0
17.05,7,Stage 10 - Pescara › Jesi ,196.0,86.0,1764.0,816,12.0,0
15.05,2,Stage 9 - Isernia › Blockhaus ,191.0,458.0,5080.0,816,50.0,1
14.05,37,Stage 8 - Napoli › Napoli ,153.0,123.0,2243.0,816,,0
13.05,11,Stage 7 - Diamante › Potenza ,196.0,246.0,4730.0,816,5.0,0
12.05,66,Stage 6 - Palmi › Scalea ,192.0,49.0,1498.0,816,,0
11.05,52,Stage 5 - Catania › Messina ,174.0,31.0,1968.0,816,,0
10.05,8,Stage 4 - Avola › Etna ,172.0,251.0,3626.0,816,10.0,0
08.05,38,Stage 3 - Kaposvár › Balatonfüred ,201.0,7.0,1150.0,816,,0
07.05,17,Stage 2 (ITT) - Budapest › Budapest ,9.2,8.0,81.0,816,,0
06.05,22,Stage 1 - Budapest › Visegrád ,195.0,51.0,1390.0,816,,0
24.04,DNF,Liège-Bastogne-Liège (1.UWT) ,257.2,182.0,4342.0,1101,,0
18.04 » 22.04,,Tour of the Alps (2.Pro) ,,,,257,,0
,1,General classification ,,,,257,150.0,1
22.04,8,Stage 5 - Lienz › Lienz ,114.5,228.0,2447.0,257,1.0,0
21.04,3,Stage 4 - Villabassa › Kals am Grossglockner ,142.4,159.0,2386.0,257,12.0,1
20.04,17,Stage 3 - Lana › Villabassa ,154.6,193.0,3287.0,257,,0
19.04,2,Stage 2 - Primiero/S. Martino di Castrozza › Lana ,154.1,153.0,3228.0,257,18.0,1
18.04,3,Stage 1 - Cles › Primiero/S. Martino di Castrozza ,160.9,227.0,3693.0,257,12.0,1
07.03 » 13.03,,Tirreno-Adriatico (2.UWT) ,,,,1061,,0
,19,Mountains classification ,,,,1061,,0
,12,General classification ,,,,1061,55.0,0
13.03,63,Stage 7 - San Benedetto del Tronto › San Benedetto del Tronto ,159.0,19.0,1296.0,1061,,0
12.03,11,Stage 6 - Apecchio › Carpegna ,215.0,266.0,3817.0,1061,,0
11.03,12,Stage 5 - Sefro › Fermo ,155.0,191.0,2402.0,1061,,0
10.03,31,Stage 4 - Cascata delle Marmore › Bellante ,202.0,131.0,3092.0,1061,,0
09.03,25,Stage 3 - Murlo › Terni ,170.0,53.0,2063.0,1061,,0
08.03,105,Stage 2 - Camaiore › Sovicille ,219.0,70.0,2144.0,1061,,0
07.03,100,Stage 1 (ITT) - Lido di Camaiore › Lido di Camaiore ,13.9,0.0,4.0,1061,,0
20.02 » 26.02,,UAE Tour (2.UWT) ,,,,607,,0
,38,Points classification ,,,,607,,0
,9,General classification ,,,,607,80.0,0
26.02,12,Stage 7 - Al Ain › Jebel Hafeet ,148.0,133.0,1364.0,607,,0
25.02,93,Stage 6 - Expo 2020 Dubai › Expo 2020 Dubai  ,180.0,0.0,388.0,607,,0
24.02,52,Stage 5 - Ras al Khaimah Corniche › Al Marjan Island  ,182.0,2.0,544.0,607,,0
23.02,6,Stage 4 - Fujairah Fort › Jebel Jais ,181.0,188.0,2646.0,607,7.0,0
22.02,44,Stage 3 (ITT) - Ajman › Ajman ,9.0,0.0,9.0,607,,0
21.02,80,Stage 2 - Hudayriyat Island › Abu Dhabi Breakwater ,176.0,1.0,337.0,607,,0
20.02,62,Stage 1 - Madinat Zayed › Madinat Zayed ,184.0,20.0,1303.0,607,,0
