date,result,name,distance,profile,vert,startlist,points,top3
11.09,24,Grand Prix Cycliste de Montréal (1.UWT) ,221.4,182.0,4124.0,864,11.0,0
09.09,17,Grand Prix Cycliste de Québec (1.UWT) ,201.6,60.0,2508.0,866,18.0,0
24.08 » 28.08,,Deutschland Tour (2.Pro) ,,,,458,,0
,4,Points classification ,,,,458,,0
,3,General classification ,,,,458,90.0,1
28.08,2,Stage 4 - Schiltach › Stuttgart ,186.6,93.0,2586.0,458,18.0,1
27.08,4,Stage 3 - Freiburg  › Schauinsland ,148.9,203.0,2065.0,458,7.0,0
26.08,17,Stage 2 - Meiningen › Marburg ,200.7,87.0,2467.0,458,,0
25.08,19,Stage 1 - Weimar › Meiningen ,171.7,62.0,2103.0,458,,0
24.08,67,Prologue - Weimar › Weimar ,2.6,1.0,17.0,458,,0
02.08 » 06.08,,Vuelta a Burgos (2.Pro) ,,,,356,,0
,11,Mountains classification ,,,,356,,0
,1,Points classification ,,,,356,,1
,6,General classification ,,,,356,60.0,0
06.08,6,Stage 5 - Lermas › Lagunas de Neila ,170.0,196.0,2792.0,356,3.0,0
05.08,18,Stage 4 - Torresandino › Ciudad Romana de Clunia ,169.0,29.0,1361.0,356,,0
04.08,4,Stage 3 - Quintana Martín Galíndez › Villarcayo ,156.0,155.0,2324.0,356,7.0,0
03.08,6,Stage 2 - Vivar del Cid › Villadiego ,158.0,39.0,1659.0,356,3.0,0
02.08,2,Stage 1 - Burgos › Burgos ,157.0,45.0,1521.0,356,18.0,1
31.07,58,Circuito de Getxo - Memorial Hermanos Otxoa (1.1) ,196.5,121.0,2378.0,276,,0
30.07,DNF,Donostia San Sebastian Klasikoa (1.UWT) ,224.8,231.0,4147.0,724,,0
01.07 » 24.07,,Tour de France (2.UWT) ,,223.0,3743.0,1550,,0
10.07,DNS,Stage 9 - Aigle › Châtel les portes du Soleil ,192.9,223.0,3743.0,1550,,0
09.07,57,Stage 8 - Dole › Lausanne ,186.3,87.0,2556.0,1550,,0
08.07,29,Stage 7 - Tomblaine › La Super Planche des Belles Filles ,176.3,192.0,2526.0,1550,,0
07.07,95,Stage 6 - Binche › Longwy ,219.9,85.0,2477.0,1550,,0
06.07,42,Stage 5 - Lille › Wallers-Arenberg ,157.0,1.0,601.0,1550,,0
05.07,78,Stage 4 - Dunkerque › Calais ,171.5,63.0,1785.0,1550,,0
03.07,163,Stage 3 - Vejle › Sønderborg ,182.0,16.0,1280.0,1550,,0
02.07,174,Stage 2 - Roskilde › Nyborg ,202.2,11.0,1149.0,1550,,0
01.07,146,Stage 1 (ITT) - Copenhagen › Copenhagen ,13.2,0.0,21.0,1550,,0
14.06,1,Mont Ventoux Dénivelé Challenge (1.1) ,154.0,394.0,4521.0,260,75.0,1
05.06 » 12.06,,Critérium du Dauphiné (2.UWT) ,,,,788,,0
,18,Mountains classification ,,,,788,,0
,26,Points classification ,,,,788,,0
,9,General classification ,,,,788,80.0,0
12.06,5,Stage 8 - Saint-Alban-Leysse › Plateau de Salaison ,138.8,375.0,3782.0,788,10.0,0
11.06,12,Stage 7 - Saint-Chaffrey › Vaujany ,134.8,311.0,3828.0,788,,0
10.06,22,Stage 6 - Rives › Gap ,196.5,74.0,2958.0,788,,0
09.06,21,Stage 5 - Thizy-les-Bourgs › Chaintré ,162.3,60.0,1991.0,788,,0
08.06,34,Stage 4 (ITT) - Montbrison › La Bâtie d’Urfé ,31.9,1.0,96.0,788,,0
07.06,4,Stage 3 - Saint-Paulien › Chastreix-Sancy ,169.0,140.0,2707.0,788,13.0,0
06.06,20,Stage 2 - Saint-Péray › Brives-Charensac ,169.8,91.0,2956.0,788,,0
05.06,42,Stage 1 - La Voulte-sur-Rhône › Beauchastel ,191.8,74.0,2473.0,788,,0
24.04,DNF,Liège-Bastogne-Liège (1.UWT) ,257.2,182.0,4342.0,1101,,0
20.04,7,La Flèche Wallonne (1.UWT) ,202.1,173.0,3160.0,974,60.0,0
04.04 » 09.04,,Itzulia Basque Country (2.UWT) ,,,,742,,0
,17,Mountains classification ,,,,742,,0
,20,Points classification ,,,,742,,0
,20,General classification ,,,,742,20.0,0
09.04,15,Stage 6 - Eibar › Arrate ,135.7,275.0,3636.0,742,,0
08.04,11,Stage 5 - Zamudio › Mallabia ,163.76,184.0,3485.0,742,,0
07.04,7,Stage 4 - Vitoria-Gasteiz › Zamudio  160k,185.6,154.0,2703.0,742,4.0,0
06.04,67,Stage 3 - Llodio › Amurrio ,181.7,186.0,3278.0,742,,0
05.04,26,Stage 2 - Leitza › Viana ,207.92,77.0,2625.0,742,,0
04.04,34,Stage 1 (ITT) - Hondarribia › Hondarribia ,7.51,7.0,100.0,742,,0
07.03 » 13.03,,Tirreno-Adriatico (2.UWT) ,,53.0,2063.0,1061,,0
09.03,DNF,Stage 3 - Murlo › Terni ,170.0,53.0,2063.0,1061,,0
08.03,53,Stage 2 - Camaiore › Sovicille ,219.0,70.0,2144.0,1061,,0
07.03,78,Stage 1 (ITT) - Lido di Camaiore › Lido di Camaiore ,13.9,0.0,4.0,1061,,0
05.03,15,Strade Bianche (1.UWT) ,184.0,167.0,3107.0,662,22.0,0
20.02 » 26.02,,UAE Tour (2.UWT) ,,,,607,,0
,28,Points classification ,,,,607,,0
,21,General classification ,,,,607,18.0,0
26.02,30,Stage 7 - Al Ain › Jebel Hafeet ,148.0,133.0,1364.0,607,,0
25.02,25,Stage 6 - Expo 2020 Dubai › Expo 2020 Dubai  ,180.0,0.0,388.0,607,,0
24.02,39,Stage 5 - Ras al Khaimah Corniche › Al Marjan Island  ,182.0,2.0,544.0,607,,0
23.02,4,Stage 4 - Fujairah Fort › Jebel Jais ,181.0,188.0,2646.0,607,13.0,0
22.02,41,Stage 3 (ITT) - Ajman › Ajman ,9.0,0.0,9.0,607,,0
21.02,12,Stage 2 - Hudayriyat Island › Abu Dhabi Breakwater ,176.0,1.0,337.0,607,,0
20.02,21,Stage 1 - Madinat Zayed › Madinat Zayed ,184.0,20.0,1303.0,607,,0
