date,result,name,distance,profile,vert,startlist,points,top3
09.10,3,Paris - Tours Elite (1.Pro)  52k,213.5,33.0,1242.0,579,60.0,1
06.10,36,Paris - Bourges (1.1) ,198.0,55.0,1988.0,469,,0
03.10,5,Sparkassen Münsterland Giro (1.Pro) ,205.9,5.0,842.0,225,45.0,0
19.08 » 11.09,,La Vuelta ciclista a España (2.UWT) ,,4.0,179.0,970,,0
30.08,DNS,Stage 10 (ITT) - Elche › Alicante ,30.9,4.0,179.0,970,,0
28.08,152,Stage 9 - Villaviciosa › Les Praeres. Nava ,171.4,242.0,3675.0,970,,0
27.08,164,Stage 8 - La Pola Llaviana/Pola de Laviana › Colláu Fancuaya ,153.4,335.0,3741.0,970,,0
26.08,6,Stage 7 - Camargo › Cistierna ,190.0,112.0,3359.0,970,15.0,0
25.08,172,Stage 6 - Bilbao › Ascensión al Pico Jano. San Miguel de Aguayo ,181.2,294.0,4120.0,970,,0
24.08,171,Stage 5 - Irún › Bilbao ,187.2,162.0,2978.0,970,,0
23.08,164,Stage 4 - Vitoria-Gasteiz › Laguardia ,152.5,133.0,2319.0,970,,0
21.08,1,Stage 3 - Breda › Breda ,193.2,0.0,255.0,970,80.0,1
20.08,1,Stage 2 - 's-Hertogenbosch › Utrecht ,175.1,10.0,518.0,970,80.0,1
19.08,7,Stage 1 (TTT) - Utrecht › Utrecht ,23.3,0.0,31.0,970,,0
14.08,5,European Continental Championships - Road Race (CC) ,207.9,23.0,1331.0,455,28.0,0
30.07 » 05.08,,Tour de Pologne (2.UWT) ,,,,467,,0
,23,Points classification ,,,,467,,0
,110,General classification ,,,,467,5.0,0
05.08,19,Stage 7 - Valsir › Kraków ,177.8,36.0,1875.0,467,,0
04.08,97,Stage 6 (ITT) - Nowy Targ (Gronków) › Stacja Narciarska Rusiński ,11.8,28.0,337.0,467,,0
03.08,136,Stage 5 - Łańcut › Rzeszów ,178.1,78.0,2179.0,467,,0
02.08,125,Stage 4 - Lesko › Sanok ,179.4,103.0,2621.0,467,,0
01.08,139,Stage 3 - Kraśnik › Przemyśl ,237.9,93.0,1545.0,467,,0
31.07,5,Stage 2 - Chełm › Zamość ,205.6,4.0,966.0,467,10.0,0
30.07,14,Stage 1 - Kielce › Lublin ,218.8,10.0,1231.0,467,,0
26.06,DNS,National Championships Ireland - Road Race (NC) ,163.0,,,11,,0
15.06 » 19.06,,Baloise Belgium Tour (2.Pro) ,,,,384,,0
,13,Points classification ,,,,384,,0
,77,General classification ,,,,384,,0
19.06,4,Stage 5 - Gingelom › Beringen ,179.9,1.0,685.0,384,7.0,0
18.06,64,Stage 4 - Durbuy › Durbuy ,172.2,182.0,3326.0,384,,0
17.06,96,Stage 3 (ITT) - Scherpenheuvel-Zichem › Scherpenheuvel-Zichem ,11.8,0.0,49.0,384,,0
16.06,67,Stage 2 - Beveren › Knokke-Heist ,175.6,0.0,181.0,384,,0
15.06,90,Stage 1 - Merelbeke › Maarkedal ,165.0,59.0,1798.0,384,,0
06.06,5,Ronde van Limburg (1.1) ,202.6,32.0,1651.0,312,28.0,0
05.06,DNF,Brussels Cycling Classic (1.Pro) ,203.9,33.0,1850.0,362,,0
04.06,58,Heylen Vastgoed Heistse Pijl (1.1) ,192.8,5.0,572.0,210,,0
22.05,5,Rund um Köln (1.1) ,199.3,88.0,2875.0,199,28.0,0
01.05,1,Eschborn-Frankfurt (1.UWT) ,185.0,89.0,2654.0,309,225.0,1
10.04 » 17.04,,Presidential Cycling Tour of Türkiye (2.Pro) ,,,,209,,0
,11,Points classification ,,,,209,,0
,104,General classification ,,,,209,,0
17.04,DF,Stage 8 - İstanbul › İstanbul ,137.8,58.0,1057.0,209,,0
16.04,145,Stage 7 - Gelibolu › Tekirdağ ,131.3,132.0,2268.0,209,,0
15.04,124,Stage 6 - Edremit (Akçay) › Eceabat (57.Alay Şehitliği) ,201.5,64.0,2127.0,209,,0
14.04,11,Stage 5 - Manisa › Ayvalık ,186.1,6.0,845.0,209,,0
13.04,156,Stage 4 - İzmir (Konak) › Manisa (Spil Milli Park) ,146.2,193.0,1831.0,209,,0
12.04,8,Stage 3 - Çeşme › İzmir (Karşıyaka) ,117.9,13.0,778.0,209,1.0,0
11.04,3,Stage 2 - Selçuk (Efes) › Alaçatı ,156.4,42.0,1492.0,209,12.0,1
10.04,98,Stage 1 - Bodrum › Kuşadası ,202.0,92.0,2046.0,209,,0
06.04,13,Scheldeprijs (1.Pro) ,198.7,1.0,385.0,331,16.0,0
30.03,DNF,Dwars door Vlaanderen - A travers la Flandre ME (1.UWT) ,183.7,50.0,1649.0,647,,0
27.03,106,Gent-Wevelgem in Flanders Fields ME (1.UWT) ,248.8,35.0,1377.0,838,5.0,0
23.03,17,Minerva Classic Brugge-De Panne (1.UWT) ,207.9,0.0,246.0,459,18.0,0
06.03 » 13.03,,Paris - Nice (2.UWT) ,,184.0,2436.0,1183,,0
13.03,DNF,Stage 8 - Nice › Nice ,115.6,184.0,2436.0,1183,,0
12.03,90,Stage 7 - Nice › Col de Turini ,155.2,303.0,3582.0,1183,,0
11.03,108,Stage 6 - Courthézon › Aubagne ,213.6,97.0,2878.0,1183,,0
10.03,108,Stage 5 - Saint-Just-Saint-Rambert › Saint-Sauveur-de-Montagut ,188.8,188.0,3408.0,1183,,0
09.03,119,Stage 4 (ITT) - Domérat › Montluçon ,13.4,18.0,188.0,1183,,0
08.03,137,Stage 3 - Vierzon › Dun-le-Palestel ,190.8,63.0,1929.0,1183,,0
07.03,33,Stage 2 - Auffargis › Orléans ,159.2,8.0,707.0,1183,,0
06.03,85,Stage 1 - Mantes-la-Ville › Mantes-la-Ville ,159.8,56.0,1723.0,1183,,0
20.02 » 26.02,,UAE Tour (2.UWT) ,,,,607,,0
,8,Points classification ,,,,607,,0
,119,General classification ,,,,607,5.0,0
26.02,122,Stage 7 - Al Ain › Jebel Hafeet ,148.0,133.0,1364.0,607,,0
25.02,21,Stage 6 - Expo 2020 Dubai › Expo 2020 Dubai  ,180.0,0.0,388.0,607,,0
24.02,3,Stage 5 - Ras al Khaimah Corniche › Al Marjan Island  ,182.0,2.0,544.0,607,18.0,1
23.02,113,Stage 4 - Fujairah Fort › Jebel Jais ,181.0,188.0,2646.0,607,,0
22.02,105,Stage 3 (ITT) - Ajman › Ajman ,9.0,0.0,9.0,607,,0
21.02,17,Stage 2 - Hudayriyat Island › Abu Dhabi Breakwater ,176.0,1.0,337.0,607,,0
20.02,2,Stage 1 - Madinat Zayed › Madinat Zayed ,184.0,20.0,1303.0,607,30.0,1
