date,result,name,distance,profile,vert,startlist,points,top3
08.10,4,Il Lombardia (1.UWT) ,253.0,278.0,4852.0,1019,120.0,0
04.10,2,Tre Valli Varesine (1.Pro) ,196.3,152.0,3464.0,922,85.0,1
25.09,31,World Championships ME - Road Race (WC) ,266.9,160.0,4167.0,1053,15.0,0
19.08 » 11.09,,La Vuelta ciclista a España (2.UWT) ,,,,970,,0
,7,Youth classification ,,,,970,,0
,7,Mountains classification ,,,,970,,0
,51,Points classification ,,,,970,,0
,23,General classification ,,,,970,55.0,0
11.09,80,Stage 21 - Las Rozas › Madrid ,96.7,10.0,773.0,970,,0
10.09,10,Stage 20 - Moralzarzal › Puerto de Navacerrada  135k,181.0,216.0,3977.0,970,6.0,0
09.09,34,Stage 19 - Talavera de la Reina › Talavera de la Reina ,138.3,101.0,2278.0,970,,0
08.09,32,Stage 18 - Trujillo › Alto del Piornal  138k,192.0,214.0,3680.0,970,,0
07.09,71,Stage 17 - Aracena › Monasterio de Tentudía ,162.3,161.0,2755.0,970,,0
06.09,73,Stage 16 - Sanlúcar de Barrameda › Tomares ,189.4,28.0,1076.0,970,,0
04.09,28,Stage 15 - Martos › Sierra Nevada ,152.6,407.0,4033.0,970,,0
03.09,65,Stage 14 - Montoro › Sierra de La Pandera ,160.3,278.0,3312.0,970,,0
02.09,98,Stage 13 - Ronda › Montilla ,168.4,54.0,1766.0,970,,0
01.09,43,Stage 12 - Salobreña › Peñas Blancas. Estepona ,192.7,273.0,3238.0,970,,0
31.08,102,Stage 11 - ElPozo Alimentación › Cabo de Gata ,191.2,38.0,1592.0,970,,0
30.08,45,Stage 10 (ITT) - Elche › Alicante ,30.9,4.0,179.0,970,,0
28.08,46,Stage 9 - Villaviciosa › Les Praeres. Nava ,171.4,242.0,3675.0,970,,0
27.08,19,Stage 8 - La Pola Llaviana/Pola de Laviana › Colláu Fancuaya ,153.4,335.0,3741.0,970,,0
26.08,81,Stage 7 - Camargo › Cistierna ,190.0,112.0,3359.0,970,,0
25.08,17,Stage 6 - Bilbao › Ascensión al Pico Jano. San Miguel de Aguayo ,181.2,294.0,4120.0,970,,0
24.08,62,Stage 5 - Irún › Bilbao ,187.2,162.0,2978.0,970,,0
23.08,21,Stage 4 - Vitoria-Gasteiz › Laguardia ,152.5,133.0,2319.0,970,,0
21.08,131,Stage 3 - Breda › Breda ,193.2,0.0,255.0,970,,0
20.08,90,Stage 2 - 's-Hertogenbosch › Utrecht ,175.1,10.0,518.0,970,,0
19.08,7,Stage 1 (TTT) - Utrecht › Utrecht ,23.3,0.0,31.0,970,,0
30.07 » 05.08,,Tour de Pologne (2.UWT) ,,,,467,,0
,22,Points classification ,,,,467,,0
,8,General classification ,,,,467,90.0,0
05.08,51,Stage 7 - Valsir › Kraków ,177.8,36.0,1875.0,467,,0
04.08,16,Stage 6 (ITT) - Nowy Targ (Gronków) › Stacja Narciarska Rusiński ,11.8,28.0,337.0,467,,0
03.08,39,Stage 5 - Łańcut › Rzeszów ,178.1,78.0,2179.0,467,,0
02.08,96,Stage 4 - Lesko › Sanok ,179.4,103.0,2621.0,467,,0
01.08,1,Stage 3 - Kraśnik › Przemyśl ,237.9,93.0,1545.0,467,50.0,1
31.07,49,Stage 2 - Chełm › Zamość ,205.6,4.0,966.0,467,,0
30.07,68,Stage 1 - Kielce › Lublin ,218.8,10.0,1231.0,467,,0
12.06 » 19.06,,Tour de Suisse (2.UWT) ,,,,767,,0
,1,Youth classification ,,,,767,,1
,22,Mountains classification ,,,,767,,0
,21,Points classification ,,,,767,,0
,2,General classification ,,,,767,190.0,1
19.06,11,Stage 8 (ITT) - Vaduz › Vaduz ,25.6,3.0,131.0,767,,0
18.06,4,Stage 7 - Ambri › Malbun ,194.6,347.0,3881.0,767,13.0,0
17.06,9,Stage 6 - Locarno › Moosalp ,177.5,304.0,4155.0,767,2.0,0
16.06,8,Stage 5 - Ambri › Novazzano ,190.1,195.0,2610.0,767,3.0,0
15.06,40,Stage 4 - Grenchen › Brunnen ,190.8,82.0,2062.0,767,,0
14.06,50,Stage 3 - Aesch › Grenchen ,176.9,119.0,3125.0,767,,0
13.06,58,Stage 2 - Küsnacht › Aesch ,198.0,123.0,2746.0,767,,0
12.06,8,Stage 1 - Küsnacht › Küsnacht  ,177.6,135.0,2746.0,767,3.0,0
10.06,56,Grosser Preis des Kantons Aargau (1.1) ,173.8,136.0,2902.0,338,,0
26.04 » 01.05,,Tour de Romandie (2.UWT) ,,,,506,,0
,12,Points classification ,,,,506,,0
,24,General classification ,,,,506,12.0,0
01.05,45,Stage 5 (ITT) - Aigle › Villars ,15.84,172.0,884.0,506,,0
30.04,1,Stage 4 - Aigle › Zinal (Val d'Anniviers) ,180.1,276.0,4158.0,506,50.0,1
29.04,11,Stage 3 - Valbroye › Valbroye ,165.1,107.0,2441.0,506,,0
28.04,76,Stage 2 - Échallens › Échallens ,168.2,83.0,2327.0,506,,0
27.04,61,Stage 1 - La Grande Beroche › Romont ,178.0,115.0,2729.0,506,,0
26.04,84,Prologue - Lausanne › Lausanne ,5.12,0.0,39.0,506,,0
24.04,5,Liège-Bastogne-Liège (1.UWT) ,257.2,182.0,4342.0,1101,100.0,0
04.04 » 09.04,,Itzulia Basque Country (2.UWT) ,,184.0,3485.0,742,,0
08.04,DNS,Stage 5 - Zamudio › Mallabia ,163.76,184.0,3485.0,742,,0
07.04,127,Stage 4 - Vitoria-Gasteiz › Zamudio ,185.6,154.0,2703.0,742,,0
06.04,141,Stage 3 - Llodio › Amurrio ,181.7,186.0,3278.0,742,,0
05.04,61,Stage 2 - Leitza › Viana ,207.92,77.0,2625.0,742,,0
04.04,56,Stage 1 (ITT) - Hondarribia › Hondarribia ,7.51,7.0,100.0,742,,0
02.04,DNF,Gran Premio Miguel Indurain (1.Pro) ,190.0,114.0,2878.0,372,,0
21.03 » 27.03,,Volta Ciclista a Catalunya (2.UWT) ,,,,722,,0
,1,Youth classification ,,,,722,,1
,1,Mountains classification ,,,,722,,1
,3,Points classification ,,,,722,,1
,1,General classification ,,,,722,250.0,1
27.03,9,Stage 7 - Barcelona › Barcelona ,138.6,154.0,2121.0,722,2.0,0
26.03,2,Stage 6 - Salou › Cambrils  134k,168.6,90.0,2706.0,722,30.0,1
25.03,49,Stage 5 - La Pobla de Segur › Vilanova i la Geltrú ,206.3,57.0,2478.0,722,,0
24.03,3,Stage 4 - La Seu d'Urgell › Boí Taüll ,166.7,221.0,3538.0,722,18.0,1
23.03,4,Stage 3 - Perpignan › La Molina ,161.1,175.0,3394.0,722,13.0,0
22.03,26,Stage 2 - L'Escala › Perpignan ,202.4,57.0,2166.0,722,,0
21.03,5,Stage 1 - Sant Feliu de Guíxols › Sant Feliu de Guíxols ,171.2,58.0,1688.0,722,10.0,0
05.03,10,Strade Bianche (1.UWT) ,184.0,167.0,3107.0,662,42.0,0
16.02 » 20.02,,Volta ao Algarve em Bicicleta (2.Pro) ,,,,502,,0
,7,Mountains classification ,,,,502,,0
,10,Points classification ,,,,502,,0
,13,General classification ,,,,502,28.0,0
20.02,1,Stage 5 - Lagoa › Malhão (Loulé) ,173.0,199.0,3056.0,502,30.0,1
19.02,20,Stage 4 (ITT) - Vila Real de Santo António › Tavira ,32.2,26.0,407.0,502,,0
18.02,25,Stage 3 - Almodôvar › Faro ,211.4,48.0,2000.0,502,,0
17.02,21,Stage 2 - Albufeira › Fóia (Monchique) ,182.4,197.0,3183.0,502,,0
16.02,19,Stage 1 - Portimão  › Lagos ,199.1,42.0,2124.0,502,,0
13.02,1,National Championships Colombia - Road Race (NC) ,229.0,,,20,15.0,1
