date,result,name,distance,profile,vert,startlist,points,top3
09.10,4,Paris - Tours Elite (1.Pro) ,213.5,33.0,1242.0,579,50.0,0
06.10,39,Gran Piemonte (1.Pro) ,198.0,44.0,1426.0,424,,0
03.10,DNF,Coppa Bernocchi - GP BPM (1.Pro) ,190.7,84.0,2087.0,405,,0
25.09,1,Classique Paris-Chauny (1.1) ,203.5,67.0,2225.0,364,75.0,1
21.09,11,Omloop van het Houtland Middelkerke-Lichtervelde (1.1) ,196.4,0.0,399.0,289,12.0,0
18.09,11,Gooikse Pijl (1.1) ,199.0,21.0,1893.0,301,12.0,0
17.09,7,Primus Classic (1.Pro) ,199.3,51.0,1937.0,442,35.0,0
16.09,17,Kampioenschap van Vlaanderen (1.1) ,195.3,0.0,697.0,226,4.0,0
11.09,49,GP de Fourmies / La Voix du Nord (1.Pro) ,197.6,47.0,2111.0,371,,0
10.08,20,Circuit Franco-Belge (1.Pro) ,175.2,78.0,2007.0,344,6.0,0
07.08,10,Tour of Leuven - Memorial Jef Scherens (1.1) ,199.3,41.0,1911.0,265,14.0,0
30.07 » 05.08,,Tour de Pologne (2.UWT) ,,78.0,2179.0,467,,0
03.08,DNF,Stage 5 - Łańcut › Rzeszów ,178.1,78.0,2179.0,467,,0
02.08,111,Stage 4 - Lesko › Sanok ,179.4,103.0,2621.0,467,,0
01.08,140,Stage 3 - Kraśnik › Przemyśl ,237.9,93.0,1545.0,467,,0
31.07,144,Stage 2 - Chełm › Zamość ,205.6,4.0,966.0,467,,0
30.07,110,Stage 1 - Kielce › Lublin ,218.8,10.0,1231.0,467,,0
26.06,DNF,National Championships Italy - Road Race (NC) ,237.1,,,202,,0
12.06,12,Elfstedenronde Brugge (1.1) ,192.3,0.0,268.0,250,10.0,0
10.06,DNF,Grosser Preis des Kantons Aargau (1.1) ,173.8,136.0,2902.0,338,,0
06.06,2,Ronde van Limburg (1.1) ,202.6,32.0,1651.0,312,55.0,1
05.06,20,Brussels Cycling Classic (1.Pro) ,203.9,33.0,1850.0,362,6.0,0
06.05 » 29.05,,Giro d'Italia (2.UWT) ,,,,816,,0
,7,Points classification ,,,,816,,0
,121,General classification ,,,,816,20.0,0
29.05,71,Stage 21 (ITT) - Verona › Verona ,17.4,30.0,317.0,816,,0
28.05,138,Stage 20 - Belluno › Marmolada (Passo Fedaia) ,168.0,392.0,4718.0,816,,0
27.05,147,Stage 19 - Marano Lagunare › Santuario di Castelmonte ,178.0,262.0,3489.0,816,,0
26.05,10,Stage 18 - Borgo Valsugana › Treviso ,156.0,34.0,1219.0,816,6.0,0
25.05,150,Stage 17 - Ponte di Legno › Lavarone ,168.0,347.0,3950.0,816,,0
24.05,155,Stage 16 - Salò › Aprica ,202.0,376.0,5268.0,816,,0
22.05,141,Stage 15 - Rivarolo Canavese › Cogne ,177.0,301.0,4019.0,816,,0
21.05,150,Stage 14 - Santena › Torino ,147.0,247.0,3167.0,816,,0
20.05,6,Stage 13 - Sanremo › Cuneo ,150.0,51.0,1817.0,816,15.0,0
19.05,21,Stage 12 - Parma › Genova  136k,204.0,112.0,2867.0,816,,0
18.05,3,Stage 11 - Santarcangelo di Romagna › Reggio Emilia ,203.0,0.0,369.0,816,35.0,1
17.05,77,Stage 10 - Pescara › Jesi ,196.0,86.0,1764.0,816,,0
15.05,163,Stage 9 - Isernia › Blockhaus ,191.0,458.0,5080.0,816,,0
14.05,16,Stage 8 - Napoli › Napoli ,153.0,123.0,2243.0,816,,0
13.05,149,Stage 7 - Diamante › Potenza ,196.0,246.0,4730.0,816,,0
12.05,8,Stage 6 - Palmi › Scalea ,192.0,49.0,1498.0,816,10.0,0
11.05,10,Stage 5 - Catania › Messina ,174.0,31.0,1968.0,816,6.0,0
10.05,146,Stage 4 - Avola › Etna ,172.0,251.0,3626.0,816,,0
08.05,7,Stage 3 - Kaposvár › Balatonfüred ,201.0,7.0,1150.0,816,12.0,0
07.05,104,Stage 2 (ITT) - Budapest › Budapest ,9.2,8.0,81.0,816,,0
06.05,42,Stage 1 - Budapest › Visegrád ,195.0,51.0,1390.0,816,,0
01.05,8,Eschborn-Frankfurt (1.UWT) ,185.0,89.0,2654.0,309,50.0,0
27.03,24,Gent-Wevelgem in Flanders Fields ME (1.UWT) ,248.8,35.0,1377.0,838,11.0,0
25.03,DNF,E3 Saxo Bank Classic (1.UWT) ,203.9,59.0,2010.0,636,,0
23.03,7,Minerva Classic Brugge-De Panne (1.UWT) ,207.9,0.0,246.0,459,60.0,0
19.03,28,Milano-Sanremo (1.UWT) ,293.0,63.0,2096.0,936,12.0,0
16.03,9,Milano - Torino (1.Pro) ,199.0,21.0,1166.0,405,26.0,0
07.03 » 13.03,,Tirreno-Adriatico (2.UWT) ,,191.0,2402.0,1061,,0
11.03,DNS,Stage 5 - Sefro › Fermo ,155.0,191.0,2402.0,1061,,0
10.03,108,Stage 4 - Cascata delle Marmore › Bellante ,202.0,131.0,3092.0,1061,,0
09.03,8,Stage 3 - Murlo › Terni ,170.0,53.0,2063.0,1061,3.0,0
08.03,5,Stage 2 - Camaiore › Sovicille ,219.0,70.0,2144.0,1061,10.0,0
07.03,64,Stage 1 (ITT) - Lido di Camaiore › Lido di Camaiore ,13.9,0.0,4.0,1061,,0
02.03,29,Trofeo Laigueglia (1.Pro) ,202.0,151.0,2973.0,320,,0
27.02,21,Kuurne - Bruxelles - Kuurne (1.Pro) ,195.1,45.0,1829.0,718,5.0,0
26.02,53,Omloop Het Nieuwsblad ME (1.UWT) ,204.2,49.0,1666.0,749,5.0,0
13.02,6,Clasica de Almeria (1.Pro) ,188.2,30.0,1751.0,224,40.0,0
12.02,43,Vuelta Ciclista a la Region de Murcia Costa Calida (1.1) ,183.2,94.0,2331.0,197,,0
01.02 » 05.02,,Saudi Tour (2.1) ,,,,195,,0
,24,Points classification ,,,,195,,0
,11,General classification ,,,,195,12.0,0
05.02,11,Stage 5 - AlUla Old Town › AlUla Old Town ,138.9,5.0,753.0,195,,0
04.02,20,Stage 4 - Winter Park › Skyviews of Harrat Uwayrid ,149.3,84.0,1300.0,195,,0
03.02,9,Stage 3 - Tayma Hadaj Well › AlUla Old Town ,181.2,3.0,854.0,195,,0
02.02,14,Stage 2 - Taibah University › Abu Rakah ,163.9,42.0,1669.0,195,,0
01.02,10,Stage 1 - Winter Park › Winter Park ,198.0,9.0,1117.0,195,,0
