date,result,name,distance,profile,vert,startlist,points,top3
01.10,DNF,Giro dell'Emilia (1.Pro) ,198.7,266.0,3021.0,728,,0
29.09,12,Coppa Agostoni - Giro delle Brianze (1.1) ,193.0,121.0,3189.0,358,10.0,0
19.08 » 11.09,,La Vuelta ciclista a España (2.UWT) ,,38.0,1592.0,970,,0
31.08,DNS,Stage 11 - ElPozo Alimentación › Cabo de Gata ,191.2,38.0,1592.0,970,,0
30.08,7,Stage 10 (ITT) - Elche › Alicante ,30.9,4.0,179.0,970,12.0,0
28.08,12,Stage 9 - Villaviciosa › Les Praeres. Nava ,171.4,242.0,3675.0,970,4.0,0
27.08,8,Stage 8 - La Pola Llaviana/Pola de Laviana › Colláu Fancuaya ,153.4,335.0,3741.0,970,10.0,0
26.08,62,Stage 7 - Camargo › Cistierna ,190.0,112.0,3359.0,970,,0
25.08,10,Stage 6 - Bilbao › Ascensión al Pico Jano. San Miguel de Aguayo ,181.2,294.0,4120.0,970,6.0,0
24.08,19,Stage 5 - Irún › Bilbao ,187.2,162.0,2978.0,970,,0
23.08,13,Stage 4 - Vitoria-Gasteiz › Laguardia ,152.5,133.0,2319.0,970,3.0,0
21.08,52,Stage 3 - Breda › Breda ,193.2,0.0,255.0,970,,0
20.08,53,Stage 2 - 's-Hertogenbosch › Utrecht ,175.1,10.0,518.0,970,,0
19.08,4,Stage 1 (TTT) - Utrecht › Utrecht ,23.3,0.0,31.0,970,2.0,0
30.07,6,Donostia San Sebastian Klasikoa (1.UWT) ,224.8,231.0,4147.0,724,70.0,0
27.07 » 28.07,,Vuelta a Castilla y Leon (2.1) ,,,,141,,0
,4,Mountains classification ,,,,141,,0
,2,Points classification ,,,,141,,1
,1,General classification ,,,,141,100.0,1
28.07,1,Stage 2 - Guijuelo › Guijuelo ,189.3,115.0,3105.0,141,20.0,1
27.07,57,Stage 1 - Benavente › Morales del Vino ,156.7,50.0,1879.0,141,,0
25.07,1,Prueba Villafranca - Ordiziako Klasika (1.1) ,165.7,126.0,2391.0,151,75.0,1
06.05 » 29.05,,Giro d'Italia (2.UWT) ,,347.0,3950.0,816,,0
25.05,DNF,Stage 17 - Ponte di Legno › Lavarone ,168.0,347.0,3950.0,816,,0
24.05,23,Stage 16 - Salò › Aprica  130k,202.0,376.0,5268.0,816,,0
22.05,35,Stage 15 - Rivarolo Canavese › Cogne ,177.0,301.0,4019.0,816,,0
21.05,1,Stage 14 - Santena › Torino  79k,147.0,247.0,3167.0,816,80.0,1
20.05,149,Stage 13 - Sanremo › Cuneo ,150.0,51.0,1817.0,816,,0
19.05,106,Stage 12 - Parma › Genova ,204.0,112.0,2867.0,816,,0
18.05,116,Stage 11 - Santarcangelo di Romagna › Reggio Emilia ,203.0,0.0,369.0,816,,0
17.05,27,Stage 10 - Pescara › Jesi ,196.0,86.0,1764.0,816,,0
15.05,34,Stage 9 - Isernia › Blockhaus ,191.0,458.0,5080.0,816,,0
14.05,65,Stage 8 - Napoli › Napoli ,153.0,123.0,2243.0,816,,0
13.05,12,Stage 7 - Diamante › Potenza ,196.0,246.0,4730.0,816,4.0,0
12.05,58,Stage 6 - Palmi › Scalea ,192.0,49.0,1498.0,816,,0
11.05,41,Stage 5 - Catania › Messina ,174.0,31.0,1968.0,816,,0
10.05,22,Stage 4 - Avola › Etna ,172.0,251.0,3626.0,816,,0
08.05,54,Stage 3 - Kaposvár › Balatonfüred ,201.0,7.0,1150.0,816,,0
07.05,1,Stage 2 (ITT) - Budapest › Budapest ,9.2,8.0,81.0,816,80.0,1
06.05,24,Stage 1 - Budapest › Visegrád ,195.0,51.0,1390.0,816,,0
29.04 » 01.05,,Vuelta Asturias Julio Alvarez Mendo (2.1) ,,,,109,,0
,2,Mountains classification ,,,,109,,1
,1,Points classification ,,,,109,,1
,17,General classification ,,,,109,4.0,0
01.05,1,Stage 3 - Cangas del Narcea › Oviedo ,120.5,128.0,1688.0,109,20.0,1
30.04,40,Stage 2 - Candás › Cangas del Narcea ,202.0,252.0,4265.0,109,,0
29.04,1,Stage 1 - Oviedo › Pola de Lena ,168.9,197.0,2916.0,109,20.0,1
21.03 » 27.03,,Volta Ciclista a Catalunya (2.UWT) ,,221.0,3538.0,722,,0
24.03,DNS,Stage 4 - La Seu d'Urgell › Boí Taüll ,166.7,221.0,3538.0,722,,0
23.03,90,Stage 3 - Perpignan › La Molina ,161.1,175.0,3394.0,722,,0
22.03,89,Stage 2 - L'Escala › Perpignan ,202.4,57.0,2166.0,722,,0
21.03,60,Stage 1 - Sant Feliu de Guíxols › Sant Feliu de Guíxols ,171.2,58.0,1688.0,722,,0
06.03 » 13.03,,Paris - Nice (2.UWT) ,,,,1183,,0
,4,Mountains classification ,,,,1183,,0
,4,Points classification ,,,,1183,,0
,2,General classification ,,,,1183,190.0,1
13.03,1,Stage 8 - Nice › Nice ,115.6,184.0,2436.0,1183,50.0,1
12.03,3,Stage 7 - Nice › Col de Turini ,155.2,303.0,3582.0,1183,18.0,1
11.03,40,Stage 6 - Courthézon › Aubagne ,213.6,97.0,2878.0,1183,,0
10.03,20,Stage 5 - Saint-Just-Saint-Rambert › Saint-Sauveur-de-Montagut ,188.8,188.0,3408.0,1183,,0
09.03,5,Stage 4 (ITT) - Domérat › Montluçon ,13.4,18.0,188.0,1183,10.0,0
08.03,50,Stage 3 - Vierzon › Dun-le-Palestel ,190.8,63.0,1929.0,1183,,0
07.03,29,Stage 2 - Auffargis › Orléans ,159.2,8.0,707.0,1183,,0
06.03,51,Stage 1 - Mantes-la-Ville › Mantes-la-Ville ,159.8,56.0,1723.0,1183,,0
16.02 » 20.02,,Vuelta a Andalucia Ruta Ciclista Del Sol (2.Pro) ,,,,423,,0
,7,Points classification ,,,,423,,0
,5,General classification ,,,,423,70.0,0
20.02,14,Stage 5 - Huesa › Chiclana de Segura ,146.4,151.0,2899.0,423,,0
19.02,4,Stage 4 - Cúllar Vega › Baza  144k,167.4,118.0,2987.0,423,7.0,0
18.02,8,Stage 3 - Lucena › Otura ,153.2,111.0,2873.0,423,1.0,0
17.02,16,Stage 2 - Archidona › Alcalá la Real ,150.6,143.0,2986.0,423,,0
16.02,11,Stage 1 - Ubrique › Iznájar ,200.7,121.0,3460.0,423,,0
