date,result,name,distance,profile,vert,startlist,points,top3
16.10,1,Chrono des Nations (1.1) ,45.43,6.0,333.0,98,75.0,1
09.10,31,Paris - Tours Elite (1.Pro) ,213.5,33.0,1242.0,579,,0
06.10,48,Paris - Bourges (1.1) ,198.0,55.0,1988.0,469,,0
25.09,20,World Championships ME - Road Race (WC) ,266.9,160.0,4167.0,1053,30.0,0
21.09,1,World Championships - Mixed Relay TTT (WC) ,28.2,11.0,226.0,91,6.67,1
18.09,2,World Championships ME - ITT (WC) ,34.2,17.0,324.0,324,190.0,1
04.09,7,Tour du Doubs (1.1) ,204.0,104.0,2974.0,314,20.0,0
28.08,70,Bretagne Classic - Ouest-France (1.UWT) ,254.8,95.0,3116.0,812,5.0,0
23.08 » 26.08,,Tour Poitou - Charentes en Nouvelle Aquitaine (2.1) ,,,,182,,0
,12,Mountains classification ,,,,182,,0
,13,Points classification ,,,,182,,0
,1,General classification ,,,,182,100.0,1
26.08,15,Stage 5 - Mansle › Poitiers ,185.1,27.0,1368.0,182,,0
25.08,1,Stage 4 (ITT) - Smarves › Vivonne ,21.4,5.0,167.0,182,20.0,1
25.08,16,Stage 3 - Nieuil-l'Espoir › Vivonne ,90.7,14.0,600.0,182,,0
24.08,20,Stage 2 - Périgny › Vars ,195.5,19.0,1240.0,182,,0
23.08,26,Stage 1 - Chauray › Périgny ,193.1,4.0,1019.0,182,,0
17.08,2,European Continental Championships - ITT (CC) ,24.0,,,90,14.0,1
01.07 » 24.07,,Tour de France (2.UWT) ,,,,1550,,0
,35,Mountains classification ,,,,1550,,0
,28,Points classification ,,,,1550,,0
,32,General classification ,,,,1550,40.0,0
24.07,15,Stage 21 - Paris La Défense › Paris (Champs-Élysées) ,115.6,13.0,748.0,1550,1.0,0
23.07,11,Stage 20 (ITT) - Lacapelle-Marival › Rocamadour ,40.7,39.0,434.0,1550,8.0,0
22.07,26,Stage 19 - Castelnau-Magnoac › Cahors ,188.3,35.0,1316.0,1550,,0
21.07,43,Stage 18 - Lourdes › Hautacam ,143.2,408.0,4036.0,1550,,0
20.07,45,Stage 17 - Saint-Gaudens › Peyragudes ,129.7,324.0,3364.0,1550,,0
19.07,65,Stage 16 - Carcassonne › Foix ,178.5,204.0,3418.0,1550,,0
17.07,35,Stage 15 - Rodez › Carcassonne ,202.5,64.0,2416.0,1550,,0
16.07,22,Stage 14 - Saint-Etienne › Mende  144k,192.5,170.0,3441.0,1550,,0
15.07,4,Stage 13 - Bourg d'Oisans › Saint-Etienne  156k,192.6,78.0,2109.0,1550,40.0,0
14.07,58,Stage 12 - Briançon › L'Alpe d'Huez ,165.1,389.0,4660.0,1550,,0
13.07,60,Stage 11 - Albertville › Col du Granon ,151.7,400.0,4070.0,1550,,0
12.07,73,Stage 10 - Morzine › Megève ,148.1,143.0,2733.0,1550,,0
10.07,62,Stage 9 - Aigle › Châtel les portes du Soleil ,192.9,223.0,3743.0,1550,,0
09.07,65,Stage 8 - Dole › Lausanne ,186.3,87.0,2556.0,1550,,0
08.07,63,Stage 7 - Tomblaine › La Super Planche des Belles Filles ,176.3,192.0,2526.0,1550,,0
07.07,62,Stage 6 - Binche › Longwy ,219.9,85.0,2477.0,1550,,0
06.07,56,Stage 5 - Lille › Wallers-Arenberg ,157.0,1.0,601.0,1550,,0
05.07,23,Stage 4 - Dunkerque › Calais ,171.5,63.0,1785.0,1550,,0
03.07,59,Stage 3 - Vejle › Sønderborg ,182.0,16.0,1280.0,1550,,0
02.07,150,Stage 2 - Roskilde › Nyborg ,202.2,11.0,1149.0,1550,,0
01.07,14,Stage 1 (ITT) - Copenhagen › Copenhagen ,13.2,0.0,21.0,1550,2.0,0
26.06,DNS,National Championships Switzerland - Road Race (NC) ,192.0,,,98,,0
23.06,DNS,National Championships Switzerland - ITT (NC) ,38.0,,,62,,0
12.06 » 19.06,,Tour de Suisse (2.UWT) ,,,,767,,0
,17,Points classification ,,,,767,,0
,5,General classification ,,,,767,120.0,0
19.06,3,Stage 8 (ITT) - Vaduz › Vaduz ,25.6,3.0,131.0,767,18.0,1
18.06,18,Stage 7 - Ambri › Malbun ,194.6,347.0,3881.0,767,,0
17.06,19,Stage 6 - Locarno › Moosalp ,177.5,304.0,4155.0,767,,0
16.06,7,Stage 5 - Ambri › Novazzano ,190.1,195.0,2610.0,767,4.0,0
15.06,10,Stage 4 - Grenchen › Brunnen ,190.8,82.0,2062.0,767,1.0,0
14.06,21,Stage 3 - Aesch › Grenchen ,176.9,119.0,3125.0,767,,0
13.06,7,Stage 2 - Küsnacht › Aesch ,198.0,123.0,2746.0,767,4.0,0
12.06,7,Stage 1 - Küsnacht › Küsnacht  ,177.6,135.0,2746.0,767,4.0,0
17.04,3,Paris-Roubaix (1.UWT) ,257.2,5.0,1362.0,752,150.0,1
10.04,8,Amstel Gold Race (1.UWT) ,254.1,112.0,3460.0,702,50.0,0
03.04,5,Ronde van Vlaanderen - Tour des Flandres ME (1.UWT) ,272.5,79.0,2289.0,759,100.0,0
30.03,6,Dwars door Vlaanderen - A travers la Flandre ME (1.UWT)  68k,183.7,50.0,1649.0,647,70.0,0
27.03,36,Gent-Wevelgem in Flanders Fields ME (1.UWT) ,248.8,35.0,1377.0,838,5.0,0
25.03,3,E3 Saxo Bank Classic (1.UWT)  79k,203.9,59.0,2010.0,636,110.0,1
06.03 » 13.03,,Paris - Nice (2.UWT) ,,,,1183,,0
,10,Points classification ,,,,1183,,0
,21,General classification ,,,,1183,18.0,0
13.03,6,Stage 8 - Nice › Nice ,115.6,184.0,2436.0,1183,7.0,0
12.03,38,Stage 7 - Nice › Col de Turini ,155.2,303.0,3582.0,1183,,0
11.03,66,Stage 6 - Courthézon › Aubagne ,213.6,97.0,2878.0,1183,,0
10.03,49,Stage 5 - Saint-Just-Saint-Rambert › Saint-Sauveur-de-Montagut ,188.8,188.0,3408.0,1183,,0
09.03,4,Stage 4 (ITT) - Domérat › Montluçon ,13.4,18.0,188.0,1183,13.0,0
08.03,40,Stage 3 - Vierzon › Dun-le-Palestel ,190.8,63.0,1929.0,1183,,0
07.03,15,Stage 2 - Auffargis › Orléans ,159.2,8.0,707.0,1183,,0
06.03,98,Stage 1 - Mantes-la-Ville › Mantes-la-Ville ,159.8,56.0,1723.0,1183,,0
27.02,47,Kuurne - Bruxelles - Kuurne (1.Pro) ,195.1,45.0,1829.0,718,,0
26.02,12,Omloop Het Nieuwsblad ME (1.UWT) ,204.2,49.0,1666.0,749,34.0,0
16.02 » 20.02,,Volta ao Algarve em Bicicleta (2.Pro) ,,,,502,,0
,7,General classification ,,,,502,55.0,0
20.02,11,Stage 5 - Lagoa › Malhão (Loulé) ,173.0,199.0,3056.0,502,,0
19.02,2,Stage 4 (ITT) - Vila Real de Santo António › Tavira ,32.2,26.0,407.0,502,18.0,1
18.02,30,Stage 3 - Almodôvar › Faro ,211.4,48.0,2000.0,502,,0
17.02,19,Stage 2 - Albufeira › Fóia (Monchique) ,182.4,197.0,3183.0,502,,0
16.02,41,Stage 1 - Portimão  › Lagos ,199.1,42.0,2124.0,502,,0
