date,result,name,distance,profile,vert,startlist,points,top3
08.10,1,Il Lombardia (1.UWT) ,253.0,278.0,4852.0,1019,275.0,1
04.10,1,Tre Valli Varesine (1.Pro) ,196.3,152.0,3464.0,922,125.0,1
01.10,2,Giro dell'Emilia (1.Pro) ,198.7,266.0,3021.0,728,85.0,1
25.09,19,World Championships ME - Road Race (WC) ,266.9,160.0,4167.0,1053,32.0,0
18.09,6,World Championships ME - ITT (WC) ,34.2,17.0,324.0,324,90.0,0
11.09,1,Grand Prix Cycliste de Montréal (1.UWT) ,221.4,182.0,4124.0,864,225.0,1
09.09,24,Grand Prix Cycliste de Québec (1.UWT) ,201.6,60.0,2508.0,866,11.0,0
28.08,89,Bretagne Classic - Ouest-France (1.UWT) ,254.8,95.0,3116.0,812,5.0,0
30.07,DNF,Donostia San Sebastian Klasikoa (1.UWT) ,224.8,231.0,4147.0,724,,0
01.07 » 24.07,,Tour de France (2.UWT) ,,,,1550,,0
,1,Youth classification ,,,,1550,,1
,4,Mountains classification ,,,,1550,,0
,3,Points classification ,,,,1550,10.0,1
,2,General classification ,,,,1550,380.0,1
24.07,19,Stage 21 - Paris La Défense › Paris (Champs-Élysées) ,115.6,13.0,748.0,1550,,0
23.07,3,Stage 20 (ITT) - Lacapelle-Marival › Rocamadour ,40.7,39.0,434.0,1550,50.0,1
22.07,5,Stage 19 - Castelnau-Magnoac › Cahors ,188.3,35.0,1316.0,1550,32.0,0
21.07,2,Stage 18 - Lourdes › Hautacam ,143.2,408.0,4036.0,1550,70.0,1
20.07,1,Stage 17 - Saint-Gaudens › Peyragudes ,129.7,324.0,3364.0,1550,100.0,1
19.07,16,Stage 16 - Carcassonne › Foix ,178.5,204.0,3418.0,1550,,0
17.07,12,Stage 15 - Rodez › Carcassonne ,202.5,64.0,2416.0,1550,6.0,0
16.07,23,Stage 14 - Saint-Etienne › Mende ,192.5,170.0,3441.0,1550,,0
15.07,12,Stage 13 - Bourg d'Oisans › Saint-Etienne ,192.6,78.0,2109.0,1550,6.0,0
14.07,5,Stage 12 - Briançon › L'Alpe d'Huez ,165.1,389.0,4660.0,1550,32.0,0
13.07,6,Stage 11 - Albertville › Col du Granon ,151.7,400.0,4070.0,1550,26.0,0
12.07,20,Stage 10 - Morzine › Megève ,148.1,143.0,2733.0,1550,,0
10.07,5,Stage 9 - Aigle › Châtel les portes du Soleil ,192.9,223.0,3743.0,1550,32.0,0
09.07,3,Stage 8 - Dole › Lausanne ,186.3,87.0,2556.0,1550,50.0,1
08.07,1,Stage 7 - Tomblaine › La Super Planche des Belles Filles ,176.3,192.0,2526.0,1550,100.0,1
07.07,1,Stage 6 - Binche › Longwy ,219.9,85.0,2477.0,1550,100.0,1
06.07,7,Stage 5 - Lille › Wallers-Arenberg ,157.0,1.0,601.0,1550,22.0,0
05.07,26,Stage 4 - Dunkerque › Calais ,171.5,63.0,1785.0,1550,,0
03.07,26,Stage 3 - Vejle › Sønderborg ,182.0,16.0,1280.0,1550,,0
02.07,151,Stage 2 - Roskilde › Nyborg ,202.2,11.0,1149.0,1550,,0
01.07,3,Stage 1 (ITT) - Copenhagen › Copenhagen ,13.2,0.0,21.0,1550,50.0,1
15.06 » 19.06,,Tour of Slovenia (2.Pro) ,,,,245,,0
,2,Mountains classification ,,,,245,,1
,1,Points classification ,,,,245,,1
,1,General classification ,,,,245,150.0,1
19.06,1,Stage 5 - Vrhnika › Novo mesto ,155.7,67.0,1437.0,245,30.0,1
18.06,2,Stage 4 - Laško › Velika planina ,152.4,209.0,2861.0,245,18.0,1
17.06,1,Stage 3 - Žalec › Celje ,144.6,143.0,2104.0,245,30.0,1
16.06,17,Stage 2 - Ptuj › Rogaška Slatina ,174.2,60.0,1998.0,245,,0
15.06,3,Stage 1 - Nova Gorica › Postojna  57k,164.7,126.0,3060.0,245,12.0,1
20.04,12,La Flèche Wallonne (1.UWT) ,202.1,173.0,3160.0,974,34.0,0
03.04,4,Ronde van Vlaanderen - Tour des Flandres ME (1.UWT) ,272.5,79.0,2289.0,759,120.0,0
30.03,10,Dwars door Vlaanderen - A travers la Flandre ME (1.UWT)  56k,183.7,50.0,1649.0,647,42.0,0
19.03,5,Milano-Sanremo (1.UWT) ,293.0,63.0,2096.0,936,100.0,0
07.03 » 13.03,,Tirreno-Adriatico (2.UWT) ,,,,1061,,0
,1,Youth classification ,,,,1061,,1
,2,Mountains classification ,,,,1061,,1
,1,Points classification ,,,,1061,,1
,1,General classification ,,,,1061,250.0,1
13.03,33,Stage 7 - San Benedetto del Tronto › San Benedetto del Tronto ,159.0,19.0,1296.0,1061,,0
12.03,1,Stage 6 - Apecchio › Carpegna ,215.0,266.0,3817.0,1061,50.0,1
11.03,6,Stage 5 - Sefro › Fermo ,155.0,191.0,2402.0,1061,7.0,0
10.03,1,Stage 4 - Cascata delle Marmore › Bellante ,202.0,131.0,3092.0,1061,50.0,1
09.03,23,Stage 3 - Murlo › Terni ,170.0,53.0,2063.0,1061,,0
08.03,23,Stage 2 - Camaiore › Sovicille ,219.0,70.0,2144.0,1061,,0
07.03,3,Stage 1 (ITT) - Lido di Camaiore › Lido di Camaiore ,13.9,0.0,4.0,1061,18.0,1
05.03,1,Strade Bianche (1.UWT) ,184.0,167.0,3107.0,662,225.0,1
20.02 » 26.02,,UAE Tour (2.UWT) ,,,,607,,0
,1,Youth classification ,,,,607,,1
,3,Points classification ,,,,607,,1
,1,General classification ,,,,607,250.0,1
26.02,1,Stage 7 - Al Ain › Jebel Hafeet ,148.0,133.0,1364.0,607,50.0,1
25.02,37,Stage 6 - Expo 2020 Dubai › Expo 2020 Dubai  ,180.0,0.0,388.0,607,,0
24.02,42,Stage 5 - Ras al Khaimah Corniche › Al Marjan Island  ,182.0,2.0,544.0,607,,0
23.02,1,Stage 4 - Fujairah Fort › Jebel Jais ,181.0,188.0,2646.0,607,50.0,1
22.02,4,Stage 3 (ITT) - Ajman › Ajman ,9.0,0.0,9.0,607,13.0,0
21.02,51,Stage 2 - Hudayriyat Island › Abu Dhabi Breakwater ,176.0,1.0,337.0,607,,0
20.02,24,Stage 1 - Madinat Zayed › Madinat Zayed ,184.0,20.0,1303.0,607,,0
