date,result,name,distance,profile,vert,startlist,points,top3
04.09 » 08.09,,Tour of Britain (2.Pro) ,,,,154,,0
,3,Mountains classification ,,,,154,,1
,1,Points classification ,,,,154,,1
,2,General classification ,,,,154,110.0,1
08.09,3,Stage 5 - West Bridgford › Mansfield ,186.8,19.0,1421.0,154,12.0,1
07.09,2,"Stage 4 - Redcar › Duncombe Park, Helmsley ",149.5,101.0,2223.0,154,18.0,1
06.09,19,Stage 3 - Durham › Sunderland ,163.6,54.0,2002.0,154,,0
05.09,7,Stage 2 - Hawick › Duns ,175.2,68.0,1965.0,154,2.0,0
04.09,5,Stage 1 - Aberdeen › Glenshee Ski Centre ,181.3,65.0,2309.0,154,4.0,0
01.07 » 24.07,,Tour de France (2.UWT) ,,,,1550,,0
,2,Youth classification ,,,,1550,,1
,12,Mountains classification ,,,,1550,,0
,34,Points classification ,,,,1550,,0
,16,General classification ,,,,1550,140.0,0
24.07,93,Stage 21 - Paris La Défense › Paris (Champs-Élysées) ,115.6,13.0,748.0,1550,,0
23.07,84,Stage 20 (ITT) - Lacapelle-Marival › Rocamadour ,40.7,39.0,434.0,1550,,0
22.07,63,Stage 19 - Castelnau-Magnoac › Cahors ,188.3,35.0,1316.0,1550,,0
21.07,38,Stage 18 - Lourdes › Hautacam ,143.2,408.0,4036.0,1550,,0
20.07,52,Stage 17 - Saint-Gaudens › Peyragudes ,129.7,324.0,3364.0,1550,,0
19.07,23,Stage 16 - Carcassonne › Foix ,178.5,204.0,3418.0,1550,,0
17.07,22,Stage 15 - Rodez › Carcassonne ,202.5,64.0,2416.0,1550,,0
16.07,32,Stage 14 - Saint-Etienne › Mende ,192.5,170.0,3441.0,1550,,0
15.07,34,Stage 13 - Bourg d'Oisans › Saint-Etienne ,192.6,78.0,2109.0,1550,,0
14.07,1,Stage 12 - Briançon › L'Alpe d'Huez  125k,165.1,389.0,4660.0,1550,100.0,1
13.07,17,Stage 11 - Albertville › Col du Granon ,151.7,400.0,4070.0,1550,,0
12.07,28,Stage 10 - Morzine › Megève ,148.1,143.0,2733.0,1550,,0
10.07,14,Stage 9 - Aigle › Châtel les portes du Soleil ,192.9,223.0,3743.0,1550,2.0,0
09.07,10,Stage 8 - Dole › Lausanne ,186.3,87.0,2556.0,1550,10.0,0
08.07,14,Stage 7 - Tomblaine › La Super Planche des Belles Filles ,176.3,192.0,2526.0,1550,2.0,0
07.07,4,Stage 6 - Binche › Longwy ,219.9,85.0,2477.0,1550,40.0,0
06.07,35,Stage 5 - Lille › Wallers-Arenberg ,157.0,1.0,601.0,1550,,0
05.07,22,Stage 4 - Dunkerque › Calais ,171.5,63.0,1785.0,1550,,0
03.07,69,Stage 3 - Vejle › Sønderborg ,182.0,16.0,1280.0,1550,,0
02.07,155,Stage 2 - Roskilde › Nyborg ,202.2,11.0,1149.0,1550,,0
01.07,15,Stage 1 (ITT) - Copenhagen › Copenhagen ,13.2,0.0,21.0,1550,1.0,0
12.06 » 19.06,,Tour de Suisse (2.UWT) ,,304.0,4155.0,767,,0
17.06,DNS,Stage 6 - Locarno › Moosalp ,177.5,304.0,4155.0,767,,0
16.06,16,Stage 5 - Ambri › Novazzano ,190.1,195.0,2610.0,767,,0
15.06,5,Stage 4 - Grenchen › Brunnen ,190.8,82.0,2062.0,767,10.0,0
14.06,4,Stage 3 - Aesch › Grenchen ,176.9,119.0,3125.0,767,13.0,0
13.06,50,Stage 2 - Küsnacht › Aesch ,198.0,123.0,2746.0,767,,0
12.06,42,Stage 1 - Küsnacht › Küsnacht  ,177.6,135.0,2746.0,767,,0
24.04,103,Liège-Bastogne-Liège (1.UWT) ,257.2,182.0,4342.0,1101,5.0,0
20.04,DNF,La Flèche Wallonne (1.UWT) ,202.1,173.0,3160.0,974,,0
13.04,5,De Brabantse Pijl - La Flèche Brabançonne (1.Pro)  50k,205.1,71.0,2034.0,534,45.0,0
10.04,11,Amstel Gold Race (1.UWT) ,254.1,112.0,3460.0,702,38.0,0
03.04,14,Ronde van Vlaanderen - Tour des Flandres ME (1.UWT) ,272.5,79.0,2289.0,759,34.0,0
30.03,3,Dwars door Vlaanderen - A travers la Flandre ME (1.UWT)  68k,183.7,50.0,1649.0,647,110.0,1
27.03,67,Gent-Wevelgem in Flanders Fields ME (1.UWT) ,248.8,35.0,1377.0,838,5.0,0
19.03,DNF,Milano-Sanremo (1.UWT) ,293.0,63.0,2096.0,936,,0
27.02,70,Kuurne - Bruxelles - Kuurne (1.Pro) ,195.1,45.0,1829.0,718,,0
26.02,18,Omloop Het Nieuwsblad ME (1.UWT) ,204.2,49.0,1666.0,749,17.0,0
16.02 » 20.02,,Volta ao Algarve em Bicicleta (2.Pro) ,,199.0,3056.0,502,,0
20.02,DNF,Stage 5 - Lagoa › Malhão (Loulé)  91k,173.0,199.0,3056.0,502,,0
19.02,76,Stage 4 (ITT) - Vila Real de Santo António › Tavira ,32.2,26.0,407.0,502,,0
18.02,48,Stage 3 - Almodôvar › Faro ,211.4,48.0,2000.0,502,,0
17.02,18,Stage 2 - Albufeira › Fóia (Monchique) ,182.4,197.0,3183.0,502,,0
16.02,13,Stage 1 - Portimão  › Lagos ,199.1,42.0,2124.0,502,,0
