date,result,name,distance,profile,vert,startlist,points,top3
08.10,76,Il Lombardia (1.UWT) ,253.0,278.0,4852.0,1019,5.0,0
04.10,52,Tre Valli Varesine (1.Pro) ,196.3,152.0,3464.0,922,,0
19.08 » 11.09,,La Vuelta ciclista a España (2.UWT) ,,,,970,,0
,4,Youth classification ,,,,970,,0
,4,Mountains classification ,,,,970,,0
,19,Points classification ,,,,970,,0
,6,General classification ,,,,970,190.0,0
11.09,23,Stage 21 - Las Rozas › Madrid ,96.7,10.0,773.0,970,,0
10.09,2,Stage 20 - Moralzarzal › Puerto de Navacerrada ,181.0,216.0,3977.0,970,50.0,1
09.09,49,Stage 19 - Talavera de la Reina › Talavera de la Reina ,138.3,101.0,2278.0,970,,0
08.09,5,Stage 18 - Trujillo › Alto del Piornal ,192.0,214.0,3680.0,970,18.0,0
07.09,22,Stage 17 - Aracena › Monasterio de Tentudía ,162.3,161.0,2755.0,970,,0
06.09,22,Stage 16 - Sanlúcar de Barrameda › Tomares ,189.4,28.0,1076.0,970,,0
04.09,1,Stage 15 - Martos › Sierra Nevada  127k,152.6,407.0,4033.0,970,80.0,1
03.09,7,Stage 14 - Montoro › Sierra de La Pandera ,160.3,278.0,3312.0,970,12.0,0
02.09,41,Stage 13 - Ronda › Montilla ,168.4,54.0,1766.0,970,,0
01.09,24,Stage 12 - Salobreña › Peñas Blancas. Estepona ,192.7,273.0,3238.0,970,,0
31.08,43,Stage 11 - ElPozo Alimentación › Cabo de Gata ,191.2,38.0,1592.0,970,,0
30.08,32,Stage 10 (ITT) - Elche › Alicante ,30.9,4.0,179.0,970,,0
28.08,22,Stage 9 - Villaviciosa › Les Praeres. Nava ,171.4,242.0,3675.0,970,,0
27.08,17,Stage 8 - La Pola Llaviana/Pola de Laviana › Colláu Fancuaya ,153.4,335.0,3741.0,970,,0
26.08,46,Stage 7 - Camargo › Cistierna ,190.0,112.0,3359.0,970,,0
25.08,14,Stage 6 - Bilbao › Ascensión al Pico Jano. San Miguel de Aguayo ,181.2,294.0,4120.0,970,2.0,0
24.08,42,Stage 5 - Irún › Bilbao ,187.2,162.0,2978.0,970,,0
23.08,38,Stage 4 - Vitoria-Gasteiz › Laguardia ,152.5,133.0,2319.0,970,,0
21.08,22,Stage 3 - Breda › Breda ,193.2,0.0,255.0,970,,0
20.08,66,Stage 2 - 's-Hertogenbosch › Utrecht ,175.1,10.0,518.0,970,,0
19.08,12,Stage 1 (TTT) - Utrecht › Utrecht ,23.3,0.0,31.0,970,,0
30.07 » 05.08,,Tour de Pologne (2.UWT) ,,,,467,,0
,24,Points classification ,,,,467,,0
,2,General classification ,,,,467,190.0,1
05.08,33,Stage 7 - Valsir › Kraków ,177.8,36.0,1875.0,467,,0
04.08,1,Stage 6 (ITT) - Nowy Targ (Gronków) › Stacja Narciarska Rusiński ,11.8,28.0,337.0,467,50.0,1
03.08,55,Stage 5 - Łańcut › Rzeszów ,178.1,78.0,2179.0,467,,0
02.08,19,Stage 4 - Lesko › Sanok ,179.4,103.0,2621.0,467,,0
01.08,25,Stage 3 - Kraśnik › Przemyśl ,237.9,93.0,1545.0,467,,0
31.07,48,Stage 2 - Chełm › Zamość ,205.6,4.0,966.0,467,,0
30.07,36,Stage 1 - Kielce › Lublin ,218.8,10.0,1231.0,467,,0
12.06 » 19.06,,Tour de Suisse (2.UWT) ,,82.0,2062.0,767,,0
15.06,DNF,Stage 4 - Grenchen › Brunnen ,190.8,82.0,2062.0,767,,0
14.06,55,Stage 3 - Aesch › Grenchen ,176.9,119.0,3125.0,767,,0
13.06,53,Stage 2 - Küsnacht › Aesch ,198.0,123.0,2746.0,767,,0
12.06,55,Stage 1 - Küsnacht › Küsnacht  ,177.6,135.0,2746.0,767,,0
06.05 » 29.05,,Giro d'Italia (2.UWT) ,,,,816,,0
,4,Youth classification ,,,,816,,0
,11,Mountains classification ,,,,816,,0
,25,Points classification ,,,,816,,0
,18,General classification ,,,,816,80.0,0
29.05,2,Stage 21 (ITT) - Verona › Verona ,17.4,30.0,317.0,816,50.0,1
28.05,5,Stage 20 - Belluno › Marmolada (Passo Fedaia)  142k,168.0,392.0,4718.0,816,18.0,0
27.05,80,Stage 19 - Marano Lagunare › Santuario di Castelmonte ,178.0,262.0,3489.0,816,,0
26.05,92,Stage 18 - Borgo Valsugana › Treviso ,156.0,34.0,1219.0,816,,0
25.05,36,Stage 17 - Ponte di Legno › Lavarone  125k,168.0,347.0,3950.0,816,,0
24.05,2,Stage 16 - Salò › Aprica  158k,202.0,376.0,5268.0,816,50.0,1
22.05,29,Stage 15 - Rivarolo Canavese › Cogne  83k,177.0,301.0,4019.0,816,,0
21.05,19,Stage 14 - Santena › Torino ,147.0,247.0,3167.0,816,,0
20.05,36,Stage 13 - Sanremo › Cuneo ,150.0,51.0,1817.0,816,,0
19.05,36,Stage 12 - Parma › Genova ,204.0,112.0,2867.0,816,,0
18.05,63,Stage 11 - Santarcangelo di Romagna › Reggio Emilia ,203.0,0.0,369.0,816,,0
17.05,22,Stage 10 - Pescara › Jesi ,196.0,86.0,1764.0,816,,0
15.05,10,Stage 9 - Isernia › Blockhaus ,191.0,458.0,5080.0,816,6.0,0
14.05,20,Stage 8 - Napoli › Napoli ,153.0,123.0,2243.0,816,,0
13.05,40,Stage 7 - Diamante › Potenza ,196.0,246.0,4730.0,816,,0
12.05,44,Stage 6 - Palmi › Scalea ,192.0,49.0,1498.0,816,,0
11.05,50,Stage 5 - Catania › Messina ,174.0,31.0,1968.0,816,,0
10.05,14,Stage 4 - Avola › Etna ,172.0,251.0,3626.0,816,2.0,0
08.05,31,Stage 3 - Kaposvár › Balatonfüred ,201.0,7.0,1150.0,816,,0
07.05,10,Stage 2 (ITT) - Budapest › Budapest ,9.2,8.0,81.0,816,6.0,0
06.05,55,Stage 1 - Budapest › Visegrád ,195.0,51.0,1390.0,816,,0
18.04 » 22.04,,Tour of the Alps (2.Pro) ,,,,257,,0
,1,Youth classification ,,,,257,,1
,10,Mountains classification ,,,,257,,0
,3,General classification ,,,,257,90.0,1
22.04,9,Stage 5 - Lienz › Lienz ,114.5,228.0,2447.0,257,,0
21.04,9,Stage 4 - Villabassa › Kals am Grossglockner ,142.4,159.0,2386.0,257,,0
20.04,15,Stage 3 - Lana › Villabassa ,154.6,193.0,3287.0,257,,0
19.04,12,Stage 2 - Primiero/S. Martino di Castrozza › Lana  115k,154.1,153.0,3228.0,257,,0
18.04,13,Stage 1 - Cles › Primiero/S. Martino di Castrozza ,160.9,227.0,3693.0,257,,0
16.03,80,Milano - Torino (1.Pro) ,199.0,21.0,1166.0,405,,0
07.03 » 13.03,,Tirreno-Adriatico (2.UWT) ,,,,1061,,0
,2,Youth classification ,,,,1061,,1
,22,Points classification ,,,,1061,,0
,6,General classification ,,,,1061,110.0,0
13.03,27,Stage 7 - San Benedetto del Tronto › San Benedetto del Tronto ,159.0,19.0,1296.0,1061,,0
12.03,10,Stage 6 - Apecchio › Carpegna ,215.0,266.0,3817.0,1061,1.0,0
11.03,18,Stage 5 - Sefro › Fermo ,155.0,191.0,2402.0,1061,,0
10.03,17,Stage 4 - Cascata delle Marmore › Bellante ,202.0,131.0,3092.0,1061,,0
09.03,49,Stage 3 - Murlo › Terni ,170.0,53.0,2063.0,1061,,0
08.03,87,Stage 2 - Camaiore › Sovicille ,219.0,70.0,2144.0,1061,,0
07.03,6,Stage 1 (ITT) - Lido di Camaiore › Lido di Camaiore ,13.9,0.0,4.0,1061,7.0,0
20.02 » 26.02,,UAE Tour (2.UWT) ,,,,607,,0
,5,Youth classification ,,,,607,,0
,16,General classification ,,,,607,36.0,0
26.02,13,Stage 7 - Al Ain › Jebel Hafeet ,148.0,133.0,1364.0,607,,0
25.02,76,Stage 6 - Expo 2020 Dubai › Expo 2020 Dubai  ,180.0,0.0,388.0,607,,0
24.02,53,Stage 5 - Ras al Khaimah Corniche › Al Marjan Island  ,182.0,2.0,544.0,607,,0
23.02,27,Stage 4 - Fujairah Fort › Jebel Jais ,181.0,188.0,2646.0,607,,0
22.02,56,Stage 3 (ITT) - Ajman › Ajman ,9.0,0.0,9.0,607,,0
21.02,38,Stage 2 - Hudayriyat Island › Abu Dhabi Breakwater ,176.0,1.0,337.0,607,,0
20.02,61,Stage 1 - Madinat Zayed › Madinat Zayed ,184.0,20.0,1303.0,607,,0
