date,result,name,distance,profile,vert,startlist,points,top3
30.07,3,Donostia San Sebastian Klasikoa (1.UWT) ,224.8,231.0,4147.0,724,110.0,1
01.07 » 24.07,,Tour de France (2.UWT) ,,,,1550,,0
,28,Mountains classification ,,,,1550,,0
,89,Points classification ,,,,1550,,0
,35,General classification ,,,,1550,25.0,0
24.07,79,Stage 21 - Paris La Défense › Paris (Champs-Élysées) ,115.6,13.0,748.0,1550,,0
23.07,48,Stage 20 (ITT) - Lacapelle-Marival › Rocamadour ,40.7,39.0,434.0,1550,,0
22.07,64,Stage 19 - Castelnau-Magnoac › Cahors ,188.3,35.0,1316.0,1550,,0
21.07,29,Stage 18 - Lourdes › Hautacam  66k,143.2,408.0,4036.0,1550,,0
20.07,53,Stage 17 - Saint-Gaudens › Peyragudes ,129.7,324.0,3364.0,1550,,0
19.07,86,Stage 16 - Carcassonne › Foix ,178.5,204.0,3418.0,1550,,0
17.07,147,Stage 15 - Rodez › Carcassonne ,202.5,64.0,2416.0,1550,,0
16.07,86,Stage 14 - Saint-Etienne › Mende ,192.5,170.0,3441.0,1550,,0
15.07,16,Stage 13 - Bourg d'Oisans › Saint-Etienne ,192.6,78.0,2109.0,1550,,0
14.07,56,Stage 12 - Briançon › L'Alpe d'Huez ,165.1,389.0,4660.0,1550,,0
13.07,21,Stage 11 - Albertville › Col du Granon ,151.7,400.0,4070.0,1550,,0
12.07,38,Stage 10 - Morzine › Megève ,148.1,143.0,2733.0,1550,,0
10.07,19,Stage 9 - Aigle › Châtel les portes du Soleil ,192.9,223.0,3743.0,1550,,0
09.07,20,Stage 8 - Dole › Lausanne ,186.3,87.0,2556.0,1550,,0
08.07,87,Stage 7 - Tomblaine › La Super Planche des Belles Filles ,176.3,192.0,2526.0,1550,,0
07.07,47,Stage 6 - Binche › Longwy ,219.9,85.0,2477.0,1550,,0
06.07,78,Stage 5 - Lille › Wallers-Arenberg ,157.0,1.0,601.0,1550,,0
05.07,29,Stage 4 - Dunkerque › Calais ,171.5,63.0,1785.0,1550,,0
03.07,51,Stage 3 - Vejle › Sønderborg ,182.0,16.0,1280.0,1550,,0
02.07,32,Stage 2 - Roskilde › Nyborg ,202.2,11.0,1149.0,1550,,0
01.07,58,Stage 1 (ITT) - Copenhagen › Copenhagen ,13.2,0.0,21.0,1550,,0
26.06,12,National Championships Belgium - Road Race (NC) ,208.7,,,409,,0
05.06 » 12.06,,Critérium du Dauphiné (2.UWT) ,,,,788,,0
,71,General classification ,,,,788,5.0,0
12.06,70,Stage 8 - Saint-Alban-Leysse › Plateau de Salaison ,138.8,375.0,3782.0,788,,0
11.06,62,Stage 7 - Saint-Chaffrey › Vaujany ,134.8,311.0,3828.0,788,,0
10.06,30,Stage 6 - Rives › Gap ,196.5,74.0,2958.0,788,,0
09.06,92,Stage 5 - Thizy-les-Bourgs › Chaintré ,162.3,60.0,1991.0,788,,0
08.06,90,Stage 4 (ITT) - Montbrison › La Bâtie d’Urfé ,31.9,1.0,96.0,788,,0
07.06,86,Stage 3 - Saint-Paulien › Chastreix-Sancy ,169.0,140.0,2707.0,788,,0
06.06,112,Stage 2 - Saint-Péray › Brives-Charensac ,169.8,91.0,2956.0,788,,0
05.06,47,Stage 1 - La Voulte-sur-Rhône › Beauchastel ,191.8,74.0,2473.0,788,,0
24.04,DNS,Liège-Bastogne-Liège (1.UWT) ,257.2,182.0,4342.0,1101,,0
20.04,11,La Flèche Wallonne (1.UWT) ,202.1,173.0,3160.0,974,38.0,0
10.04,3,Amstel Gold Race (1.UWT) ,254.1,112.0,3460.0,702,110.0,1
03.04,13,Ronde van Vlaanderen - Tour des Flandres ME (1.UWT) ,272.5,79.0,2289.0,759,38.0,0
30.03,2,Dwars door Vlaanderen - A travers la Flandre ME (1.UWT)  68k,183.7,50.0,1649.0,647,150.0,1
27.03,34,Gent-Wevelgem in Flanders Fields ME (1.UWT) ,248.8,35.0,1377.0,838,5.0,0
25.03,9,E3 Saxo Bank Classic (1.UWT)  79k,203.9,59.0,2010.0,636,46.0,0
05.03,DNF,Strade Bianche (1.UWT) ,184.0,167.0,3107.0,662,,0
27.02,24,Kuurne - Bruxelles - Kuurne (1.Pro) ,195.1,45.0,1829.0,718,2.0,0
26.02,66,Omloop Het Nieuwsblad ME (1.UWT) ,204.2,49.0,1666.0,749,5.0,0
