date,result,name,distance,profile,vert,startlist,points,top3
09.10,1.0,Memorial Rik Van Steenbergen / Kempen Classic (1.1) ,174.7,0.0,232.0,120,75.0,1
04.10,57.0,Binche -  Chimay - Binche / Mémorial Frank Vandenbroucke (1.1) ,198.6,30.0,1977.0,484,,0
02.10,7.0,Famenne Ardenne Classic (1.1) ,188.0,100.0,2873.0,297,20.0,0
18.09,18.0,Grand Prix d'Isbergues - Pas de Calais (1.1) ,197.6,12.0,1150.0,237,3.0,0
16.09,6.0,Kampioenschap van Vlaanderen (1.1) ,195.3,0.0,697.0,226,24.0,0
19.08 » 11.09,,La Vuelta ciclista a España (2.UWT) ,,,,970,,0
,20.0,Points classification ,,,,970,,0
,132.0,General classification ,,,,970,20.0,0
11.09,119.0,Stage 21 - Las Rozas › Madrid ,96.7,10.0,773.0,970,,0
10.09,114.0,Stage 20 - Moralzarzal › Puerto de Navacerrada ,181.0,216.0,3977.0,970,,0
09.09,133.0,Stage 19 - Talavera de la Reina › Talavera de la Reina ,138.3,101.0,2278.0,970,,0
08.09,116.0,Stage 18 - Trujillo › Alto del Piornal ,192.0,214.0,3680.0,970,,0
07.09,125.0,Stage 17 - Aracena › Monasterio de Tentudía ,162.3,161.0,2755.0,970,,0
06.09,43.0,Stage 16 - Sanlúcar de Barrameda › Tomares ,189.4,28.0,1076.0,970,,0
04.09,130.0,Stage 15 - Martos › Sierra Nevada ,152.6,407.0,4033.0,970,,0
03.09,109.0,Stage 14 - Montoro › Sierra de La Pandera ,160.3,278.0,3312.0,970,,0
02.09,62.0,Stage 13 - Ronda › Montilla ,168.4,54.0,1766.0,970,,0
01.09,125.0,Stage 12 - Salobreña › Peñas Blancas. Estepona ,192.7,273.0,3238.0,970,,0
31.08,3.0,Stage 11 - ElPozo Alimentación › Cabo de Gata ,191.2,38.0,1592.0,970,35.0,1
30.08,148.0,Stage 10 (ITT) - Elche › Alicante ,30.9,4.0,179.0,970,,0
28.08,153.0,Stage 9 - Villaviciosa › Les Praeres. Nava ,171.4,242.0,3675.0,970,,0
27.08,154.0,Stage 8 - La Pola Llaviana/Pola de Laviana › Colláu Fancuaya ,153.4,335.0,3741.0,970,,0
26.08,171.0,Stage 7 - Camargo › Cistierna ,190.0,112.0,3359.0,970,,0
25.08,155.0,Stage 6 - Bilbao › Ascensión al Pico Jano. San Miguel de Aguayo ,181.2,294.0,4120.0,970,,0
24.08,140.0,Stage 5 - Irún › Bilbao ,187.2,162.0,2978.0,970,,0
23.08,167.0,Stage 4 - Vitoria-Gasteiz › Laguardia ,152.5,133.0,2319.0,970,,0
21.08,6.0,Stage 3 - Breda › Breda ,193.2,0.0,255.0,970,15.0,0
20.08,3.0,Stage 2 - 's-Hertogenbosch › Utrecht ,175.1,10.0,518.0,970,35.0,1
19.08,15.0,Stage 1 (TTT) - Utrecht › Utrecht ,23.3,0.0,31.0,970,,0
14.08,3.0,European Continental Championships - Road Race (CC) ,207.9,23.0,1331.0,455,40.0,1
23.07 » 27.07,,Ethias-Tour de Wallonie (2.Pro) ,,,,378,,0
,104.0,General classification ,,,,378,,0
27.07,104.0,Stage 5 - Le Roeulx › Chapelle-lez-Herlaimont ,214.8,29.0,1703.0,378,,0
26.07,127.0,Stage 4 - Durbuy › Couvin ,200.8,136.0,3289.0,378,,0
25.07,118.0,Stage 3 - Visé › Rochefort ,195.6,95.0,2850.0,378,,0
24.07,126.0,Stage 2 - Verviers › Herve ,176.8,121.0,2748.0,378,,0
23.07,135.0,Stage 1 - Temploux › Huy ,174.4,98.0,2257.0,378,,0
26.06,1.0,National Championships Belgium - Road Race (NC) ,208.7,,,409,15.0,1
15.06 » 19.06,,Tour of Slovenia (2.Pro) ,,,,245,,0
,89.0,General classification ,,,,245,,0
19.06,87.0,Stage 5 - Vrhnika › Novo mesto ,155.7,67.0,1437.0,245,,0
18.06,116.0,Stage 4 - Laško › Velika planina ,152.4,209.0,2861.0,245,,0
17.06,96.0,Stage 3 - Žalec › Celje ,144.6,143.0,2104.0,245,,0
16.06,73.0,Stage 2 - Ptuj › Rogaška Slatina ,174.2,60.0,1998.0,245,,0
15.06,131.0,Stage 1 - Nova Gorica › Postojna ,164.7,126.0,3060.0,245,,0
12.06,3.0,Elfstedenronde Brugge (1.1) ,192.3,0.0,268.0,250,40.0,1
11.06,51.0,Dwars door het Hageland (1.Pro) ,177.0,24.0,1065.0,234,,0
06.06,10.0,Ronde van Limburg (1.1) ,202.6,32.0,1651.0,312,14.0,0
05.06,23.0,Brussels Cycling Classic (1.Pro) ,203.9,33.0,1850.0,362,3.0,0
17.04,40.0,Paris-Roubaix (1.UWT) ,257.2,5.0,1362.0,752,5.0,0
06.04,9.0,Scheldeprijs (1.Pro) ,198.7,1.0,385.0,331,26.0,0
27.03,6.0,Gent-Wevelgem in Flanders Fields ME (1.UWT) ,248.8,35.0,1377.0,838,70.0,0
23.03,1.0,Minerva Classic Brugge-De Panne (1.UWT) ,207.9,0.0,246.0,459,225.0,1
18.03,3.0,Bredene Koksijde Classic (1.Pro) ,200.9,10.0,696.0,230,60.0,1
16.03,1.0,Danilith Nokere Koerse (1.Pro) ,189.8,14.0,1127.0,229,125.0,1
07.03 » 13.03,,Tirreno-Adriatico (2.UWT) ,,,,1061,,0
,6.0,Points classification ,,,,1061,,0
,114.0,General classification ,,,,1061,5.0,0
13.03,11.0,Stage 7 - San Benedetto del Tronto › San Benedetto del Tronto ,159.0,19.0,1296.0,1061,,0
12.03,124.0,Stage 6 - Apecchio › Carpegna ,215.0,266.0,3817.0,1061,,0
11.03,139.0,Stage 5 - Sefro › Fermo ,155.0,191.0,2402.0,1061,,0
10.03,142.0,Stage 4 - Cascata delle Marmore › Bellante ,202.0,131.0,3092.0,1061,,0
09.03,5.0,Stage 3 - Murlo › Terni ,170.0,53.0,2063.0,1061,10.0,0
08.03,1.0,Stage 2 - Camaiore › Sovicille ,219.0,70.0,2144.0,1061,50.0,1
07.03,107.0,Stage 1 (ITT) - Lido di Camaiore › Lido di Camaiore ,13.9,0.0,4.0,1061,,0
01.03,65.0,Le Samyn (1.1) ,209.0,10.0,1541.0,298,,0
27.02,12.0,Kuurne - Bruxelles - Kuurne (1.Pro) ,195.1,45.0,1829.0,718,18.0,0
16.02 » 20.02,,Volta ao Algarve em Bicicleta (2.Pro) ,,,,502,,0
,6.0,Points classification ,,,,502,,0
,114.0,General classification ,,,,502,,0
20.02,115.0,Stage 5 - Lagoa › Malhão (Loulé) ,173.0,199.0,3056.0,502,,0
19.02,115.0,Stage 4 (ITT) - Vila Real de Santo António › Tavira ,32.2,26.0,407.0,502,,0
18.02,2.0,Stage 3 - Almodôvar › Faro ,211.4,48.0,2000.0,502,18.0,1
17.02,128.0,Stage 2 - Albufeira › Fóia (Monchique) ,182.4,197.0,3183.0,502,,0
16.02,15.0,Stage 1 - Portimão  › Lagos ,199.1,42.0,2124.0,502,,0
