date,result,name,distance,profile,vert,startlist,points,top3
16.10,9,Japan Cup Cycle Road Race (1.Pro)  64k,144.2,127.0,2530.0,109.0,26.0,0
08.10,58,Il Lombardia (1.UWT) ,253.0,278.0,4852.0,1019.0,5.0,0
04.10,54,Tre Valli Varesine (1.Pro) ,196.3,152.0,3464.0,922.0,,0
03.10,DNS,Coppa Bernocchi - GP BPM (1.Pro) ,190.7,84.0,2087.0,405.0,,0
24.08,DNF,Druivenkoers - Overijse (1.1) ,192.0,51.0,1629.0,389.0,,0
21.08,86,BEMER Cyclassics (1.UWT) ,204.7,30.0,892.0,651.0,5.0,0
09.08 » 11.08,,Tour de l'Ain (2.1) ,,261.0,3522.0,198.0,,0
11.08,DNF,Stage 3 - Plateau d'Hauteville › Lélex ,131.0,261.0,3522.0,198.0,,0
10.08,109,Stage 2 - Saint-Vulbas › Lagnieu ,144.0,183.0,2853.0,198.0,,0
09.08,117,Stage 1 - Châtillon-Sur-Chalaronne › Val-Revermont ,152.0,51.0,1269.0,198.0,,0
01.07 » 24.07,,Tour de France (2.UWT) ,,324.0,3364.0,1550.0,,0
20.07,DNS,Stage 17 - Saint-Gaudens › Peyragudes ,129.7,324.0,3364.0,1550.0,,0
19.07,21,Stage 16 - Carcassonne › Foix  116k,178.5,204.0,3418.0,1550.0,,0
17.07,129,Stage 15 - Rodez › Carcassonne ,202.5,64.0,2416.0,1550.0,,0
16.07,153,Stage 14 - Saint-Etienne › Mende ,192.5,170.0,3441.0,1550.0,,0
15.07,147,Stage 13 - Bourg d'Oisans › Saint-Etienne ,192.6,78.0,2109.0,1550.0,,0
14.07,152,Stage 12 - Briançon › L'Alpe d'Huez ,165.1,389.0,4660.0,1550.0,,0
13.07,142,Stage 11 - Albertville › Col du Granon ,151.7,400.0,4070.0,1550.0,,0
12.07,94,Stage 10 - Morzine › Megève ,148.1,143.0,2733.0,1550.0,,0
10.07,160,Stage 9 - Aigle › Châtel les portes du Soleil ,192.9,223.0,3743.0,1550.0,,0
09.07,42,Stage 8 - Dole › Lausanne ,186.3,87.0,2556.0,1550.0,,0
08.07,79,Stage 7 - Tomblaine › La Super Planche des Belles Filles ,176.3,192.0,2526.0,1550.0,,0
07.07,49,Stage 6 - Binche › Longwy ,219.9,85.0,2477.0,1550.0,,0
06.07,136,Stage 5 - Lille › Wallers-Arenberg ,157.0,1.0,601.0,1550.0,,0
05.07,99,Stage 4 - Dunkerque › Calais ,171.5,63.0,1785.0,1550.0,,0
03.07,62,Stage 3 - Vejle › Sønderborg ,182.0,16.0,1280.0,1550.0,,0
02.07,63,Stage 2 - Roskilde › Nyborg ,202.2,11.0,1149.0,1550.0,,0
01.07,95,Stage 1 (ITT) - Copenhagen › Copenhagen ,13.2,0.0,21.0,1550.0,,0
26.06,48,National Championships Belgium - Road Race (NC) ,208.7,,,409.0,,0
15.06 » 19.06,,Baloise Belgium Tour (2.Pro) ,,,,384.0,,0
,3,Points classification ,,,,384.0,,1
,2,General classification ,,,,384.0,110.0,1
19.06,34,Stage 5 - Gingelom › Beringen ,179.9,1.0,685.0,384.0,,0
18.06,3,Stage 4 - Durbuy › Durbuy  83k,172.2,182.0,3326.0,384.0,12.0,1
17.06,10,Stage 3 (ITT) - Scherpenheuvel-Zichem › Scherpenheuvel-Zichem ,11.8,0.0,49.0,384.0,,0
16.06,51,Stage 2 - Beveren › Knokke-Heist ,175.6,0.0,181.0,384.0,,0
15.06,2,Stage 1 - Merelbeke › Maarkedal ,165.0,59.0,1798.0,384.0,18.0,1
11.06,28,Dwars door het Hageland (1.Pro) ,177.0,24.0,1065.0,234.0,,0
06.06,26,Ronde van Limburg (1.1) ,202.6,32.0,1651.0,312.0,,0
05.06,48,Brussels Cycling Classic (1.Pro) ,203.9,33.0,1850.0,362.0,,0
31.05,56,Mercan'Tour Classic Alpes-Maritimes (1.1) ,167.9,350.0,4739.0,247.0,,0
15.05,31,Grote Prijs Vermarck Sport (NAT) ,164.0,,,,,0
24.04,86,Liège-Bastogne-Liège (1.UWT) ,257.2,182.0,4342.0,1101.0,5.0,0
20.04,23,La Flèche Wallonne (1.UWT) ,202.1,173.0,3160.0,974.0,12.0,0
16.04,DNF,Tour du Jura Cycliste (1.1) ,169.8,129.0,2617.0,142.0,,0
15.04,39,Classic Grand Besançon Doubs (1.1) ,177.5,187.0,2786.0,145.0,,0
13.04,9,De Brabantse Pijl - La Flèche Brabançonne (1.Pro)  53k,205.1,71.0,2034.0,534.0,26.0,0
10.04,20,Amstel Gold Race (1.UWT) ,254.1,112.0,3460.0,702.0,15.0,0
03.04,43,Ronde van Vlaanderen - Tour des Flandres ME (1.UWT) ,272.5,79.0,2289.0,759.0,5.0,0
30.03,37,Dwars door Vlaanderen - A travers la Flandre ME (1.UWT) ,183.7,50.0,1649.0,647.0,5.0,0
07.03 » 13.03,,Tirreno-Adriatico (2.UWT) ,,266.0,3817.0,1061.0,,0
12.03,DNF,Stage 6 - Apecchio › Carpegna ,215.0,266.0,3817.0,1061.0,,0
11.03,48,Stage 5 - Sefro › Fermo ,155.0,191.0,2402.0,1061.0,,0
10.03,40,Stage 4 - Cascata delle Marmore › Bellante ,202.0,131.0,3092.0,1061.0,,0
09.03,50,Stage 3 - Murlo › Terni ,170.0,53.0,2063.0,1061.0,,0
08.03,44,Stage 2 - Camaiore › Sovicille ,219.0,70.0,2144.0,1061.0,,0
07.03,79,Stage 1 (ITT) - Lido di Camaiore › Lido di Camaiore ,13.9,0.0,4.0,1061.0,,0
05.03,8,Strade Bianche (1.UWT) ,184.0,167.0,3107.0,662.0,50.0,0
26.02,DNS,Omloop Het Nieuwsblad ME (1.UWT) ,204.2,49.0,1666.0,749.0,,0
18.02 » 20.02,,Tour des Alpes Maritimes et du Var (2.1) ,,,,292.0,,0
,7,Mountains classification ,,,,292.0,,0
,2,Points classification ,,,,292.0,,1
,2,General classification ,,,,292.0,70.0,1
20.02,5,Stage 3 - Villefranche-sur-Mer › Blausasc ,112.6,178.0,2650.0,292.0,4.0,0
19.02,1,Stage 2 - Puget-Théniers › La Turbie ,149.1,175.0,2663.0,292.0,20.0,1
18.02,12,Stage 1 - Saint-Raphaël  › La Seyne-sur-Mer ,176.3,47.0,1955.0,292.0,,0
14.02,2,Clásica Jaén Paraiso Interior (1.1) ,187.8,180.0,3064.0,166.0,55.0,1
29.01,8,Trofeo Pollença - Port d'Andratx (1.1) ,170.1,207.0,3429.0,366.0,18.0,0
28.01,1,Trofeo Serra de Tramuntana (1.1) ,158.9,170.0,3217.0,352.0,75.0,1
26.01,4,Trofeo Calvia (1.1) ,154.7,154.0,3211.0,305.0,32.0,0
