date,result,name,distance,profile,vert,startlist,points,top3
09.10,40,Paris - Tours Elite (1.Pro) ,213.5,33.0,1242.0,579,,0
06.10,95,Paris - Bourges (1.1) ,198.0,55.0,1988.0,469,,0
04.10,5,Binche -  Chimay - Binche / Mémorial Frank Vandenbroucke (1.1) ,198.6,30.0,1977.0,484,28.0,0
02.10,14,Famenne Ardenne Classic (1.1) ,188.0,100.0,2873.0,297,7.0,0
11.09,12,Grand Prix Cycliste de Montréal (1.UWT) ,221.4,182.0,4124.0,864,34.0,0
09.09,14,Grand Prix Cycliste de Québec (1.UWT) ,201.6,60.0,2508.0,866,26.0,0
04.09,4,"Maryland Cycling Classic, presented by UnitedHealthcare (1.Pro)  178k",196.9,38.0,2286.0,118,50.0,0
28.08,9,Bretagne Classic - Ouest-France (1.UWT) ,254.8,95.0,3116.0,812,46.0,0
23.08 » 26.08,,Tour Poitou - Charentes en Nouvelle Aquitaine (2.1) ,,,,182,,0
,39,Points classification ,,,,182,,0
,8,General classification ,,,,182,18.0,0
26.08,41,Stage 5 - Mansle › Poitiers ,185.1,27.0,1368.0,182,,0
25.08,9,Stage 4 (ITT) - Smarves › Vivonne ,21.4,5.0,167.0,182,,0
25.08,15,Stage 3 - Nieuil-l'Espoir › Vivonne ,90.7,14.0,600.0,182,,0
24.08,39,Stage 2 - Périgny › Vars ,195.5,19.0,1240.0,182,,0
23.08,25,Stage 1 - Chauray › Périgny ,193.1,4.0,1019.0,182,,0
14.08,47,European Continental Championships - Road Race (CC) ,207.9,23.0,1331.0,455,,0
31.07,15,Circuito de Getxo - Memorial Hermanos Otxoa (1.1) ,196.5,121.0,2378.0,276,6.0,0
30.07,7,Donostia San Sebastian Klasikoa (1.UWT) ,224.8,231.0,4147.0,724,60.0,0
01.07 » 24.07,,Tour de France (2.UWT) ,,,,1550,,0
,60,General classification ,,,,1550,25.0,0
24.07,32,Stage 21 - Paris La Défense › Paris (Champs-Élysées) ,115.6,13.0,748.0,1550,,0
23.07,72,Stage 20 (ITT) - Lacapelle-Marival › Rocamadour ,40.7,39.0,434.0,1550,,0
22.07,31,Stage 19 - Castelnau-Magnoac › Cahors ,188.3,35.0,1316.0,1550,,0
21.07,47,Stage 18 - Lourdes › Hautacam ,143.2,408.0,4036.0,1550,,0
20.07,33,Stage 17 - Saint-Gaudens › Peyragudes ,129.7,324.0,3364.0,1550,,0
19.07,81,Stage 16 - Carcassonne › Foix ,178.5,204.0,3418.0,1550,,0
17.07,102,Stage 15 - Rodez › Carcassonne ,202.5,64.0,2416.0,1550,,0
16.07,93,Stage 14 - Saint-Etienne › Mende ,192.5,170.0,3441.0,1550,,0
15.07,66,Stage 13 - Bourg d'Oisans › Saint-Etienne ,192.6,78.0,2109.0,1550,,0
14.07,106,Stage 12 - Briançon › L'Alpe d'Huez ,165.1,389.0,4660.0,1550,,0
13.07,150,Stage 11 - Albertville › Col du Granon ,151.7,400.0,4070.0,1550,,0
12.07,140,Stage 10 - Morzine › Megève ,148.1,143.0,2733.0,1550,,0
10.07,155,Stage 9 - Aigle › Châtel les portes du Soleil ,192.9,223.0,3743.0,1550,,0
09.07,29,Stage 8 - Dole › Lausanne ,186.3,87.0,2556.0,1550,,0
08.07,32,Stage 7 - Tomblaine › La Super Planche des Belles Filles ,176.3,192.0,2526.0,1550,,0
07.07,34,Stage 6 - Binche › Longwy ,219.9,85.0,2477.0,1550,,0
06.07,45,Stage 5 - Lille › Wallers-Arenberg ,157.0,1.0,601.0,1550,,0
05.07,60,Stage 4 - Dunkerque › Calais ,171.5,63.0,1785.0,1550,,0
03.07,33,Stage 3 - Vejle › Sønderborg ,182.0,16.0,1280.0,1550,,0
02.07,36,Stage 2 - Roskilde › Nyborg ,202.2,11.0,1149.0,1550,,0
01.07,29,Stage 1 (ITT) - Copenhagen › Copenhagen ,13.2,0.0,21.0,1550,,0
26.06,5,National Championships Latvia - Road Race (NC) ,164.0,,,6,2.0,0
22.06,1,National Championships Latvia - ITT (NC) ,34.0,,,5,15.0,1
05.06 » 12.06,,Critérium du Dauphiné (2.UWT) ,,,,788,,0
,31,Mountains classification ,,,,788,,0
,47,Points classification ,,,,788,,0
,33,General classification ,,,,788,5.0,0
12.06,49,Stage 8 - Saint-Alban-Leysse › Plateau de Salaison ,138.8,375.0,3782.0,788,,0
11.06,29,Stage 7 - Saint-Chaffrey › Vaujany  102k,134.8,311.0,3828.0,788,,0
10.06,37,Stage 6 - Rives › Gap ,196.5,74.0,2958.0,788,,0
09.06,28,Stage 5 - Thizy-les-Bourgs › Chaintré ,162.3,60.0,1991.0,788,,0
08.06,53,Stage 4 (ITT) - Montbrison › La Bâtie d’Urfé ,31.9,1.0,96.0,788,,0
07.06,34,Stage 3 - Saint-Paulien › Chastreix-Sancy ,169.0,140.0,2707.0,788,,0
06.06,65,Stage 2 - Saint-Péray › Brives-Charensac ,169.8,91.0,2956.0,788,,0
05.06,52,Stage 1 - La Voulte-sur-Rhône › Beauchastel ,191.8,74.0,2473.0,788,,0
26.04 » 01.05,,Tour de Romandie (2.UWT) ,,,,506,,0
,1,Mountains classification ,,,,506,,1
,7,Points classification ,,,,506,,0
,58,General classification ,,,,506,5.0,0
01.05,74,Stage 5 (ITT) - Aigle › Villars ,15.84,172.0,884.0,506,,0
30.04,64,Stage 4 - Aigle › Zinal (Val d'Anniviers)  158k,180.1,276.0,4158.0,506,,0
29.04,65,Stage 3 - Valbroye › Valbroye ,165.1,107.0,2441.0,506,,0
28.04,110,Stage 2 - Échallens › Échallens  140k,168.2,83.0,2327.0,506,,0
27.04,50,Stage 1 - La Grande Beroche › Romont ,178.0,115.0,2729.0,506,,0
26.04,58,Prologue - Lausanne › Lausanne ,5.12,0.0,39.0,506,,0
17.04,DNF,Paris-Roubaix (1.UWT) ,257.2,5.0,1362.0,752,,0
10.04,28,Amstel Gold Race (1.UWT) ,254.1,112.0,3460.0,702,7.0,0
03.04,96,Ronde van Vlaanderen - Tour des Flandres ME (1.UWT) ,272.5,79.0,2289.0,759,5.0,0
30.03,DNF,Dwars door Vlaanderen - A travers la Flandre ME (1.UWT) ,183.7,50.0,1649.0,647,,0
19.03,88,Milano-Sanremo (1.UWT) ,293.0,63.0,2096.0,936,5.0,0
07.03 » 13.03,,Tirreno-Adriatico (2.UWT) ,,,,1061,,0
,59,General classification ,,,,1061,5.0,0
13.03,86,Stage 7 - San Benedetto del Tronto › San Benedetto del Tronto ,159.0,19.0,1296.0,1061,,0
12.03,52,Stage 6 - Apecchio › Carpegna ,215.0,266.0,3817.0,1061,,0
11.03,87,Stage 5 - Sefro › Fermo ,155.0,191.0,2402.0,1061,,0
10.03,77,Stage 4 - Cascata delle Marmore › Bellante ,202.0,131.0,3092.0,1061,,0
09.03,158,Stage 3 - Murlo › Terni ,170.0,53.0,2063.0,1061,,0
08.03,163,Stage 2 - Camaiore › Sovicille ,219.0,70.0,2144.0,1061,,0
07.03,82,Stage 1 (ITT) - Lido di Camaiore › Lido di Camaiore ,13.9,0.0,4.0,1061,,0
05.03,16,Strade Bianche (1.UWT) ,184.0,167.0,3107.0,662,20.0,0
27.02,79,Kuurne - Bruxelles - Kuurne (1.Pro) ,195.1,45.0,1829.0,718,,0
26.02,50,Omloop Het Nieuwsblad ME (1.UWT) ,204.2,49.0,1666.0,749,5.0,0
02.02 » 06.02,,Etoile de Bessèges - Tour du Gard (2.1) ,,,,366,,0
,19,Points classification ,,,,366,,0
,9,General classification ,,,,366,16.0,0
06.02,24,Stage 5 (ITT) - Alès › Alès l'Ermitage ,10.64,20.0,171.0,366,,0
05.02,22,Stage 4 - Saint-Hilaire-de-Brethmas › Le Mont Bouquet ,146.71,108.0,1817.0,366,,0
04.02,12,Stage 3 - Bessèges › Bessèges ,155.65,76.0,2051.0,366,,0
03.02,17,Stage 2 - Saint-Christol-lèz-Alès › Rousson ,156.21,67.0,1702.0,366,,0
02.02,10,Stage 1 - Bellegarde › Bellegarde ,160.86,18.0,538.0,366,,0
30.01,19,Grand Prix Cycliste de Marseille La Marseillaise (1.1) ,174.3,120.0,2921.0,325,2.0,0
