date,result,name,distance,profile,vert,startlist,points,top3
25.09,29.0,World Championships ME - Road Race (WC) ,266.9,160.0,4167.0,1053,16.0,0
13.09 » 17.09,,Skoda Tour Luxembourg (2.Pro) ,,,,177,,0
,3.0,Points classification ,,,,177,,1
,3.0,General classification ,,,,177,90.0,1
17.09,1.0,Stage 5 - Mersch › Luxembourg ,178.4,146.0,3186.0,177,30.0,1
16.09,10.0,Stage 4 (ITT) - Remich › Remich ,26.1,38.0,303.0,177,,0
15.09,9.0,Stage 3 - Rosport › Diekirch ,188.4,99.0,2940.0,177,,0
14.09,11.0,Stage 2 - Junglinster › Schifflange ,163.4,55.0,2060.0,177,,0
13.09,1.0,Stage 1 - Luxembourg › Luxembourg ,163.8,132.0,2554.0,177,30.0,1
04.09,1.0,Tour du Doubs (1.1) ,204.0,104.0,2974.0,314,75.0,1
28.08,15.0,Bretagne Classic - Ouest-France (1.UWT) ,254.8,95.0,3116.0,812,22.0,0
24.08,30.0,Druivenkoers - Overijse (1.1) ,192.0,51.0,1629.0,389,,0
23.08,53.0,Egmont Cycling Race (1.1) ,198.0,13.0,1431.0,293,,0
16.08 » 19.08,,Tour du Limousin - Nouvelle Aquitaine (2.1) ,,,,335,,0
,1.0,Mountains classification ,,,,335,,1
,4.0,General classification ,,,,335,36.0,0
19.08,8.0,Stage 4 - Saint-Laurent-sur-Gorre › Limoges ,174.8,84.0,2488.0,335,1.0,0
18.08,8.0,Stage 3 - Donzenac › Malemort  ,181.7,145.0,3016.0,335,1.0,0
17.08,28.0,Stage 2 - Le Grand Périgueux Champcevinel › Ribérac  ,184.7,33.0,1931.0,335,,0
16.08,95.0,Stage 1 - Verneuil-sur-Vienne › La Souterraine  ,176.4,41.0,1984.0,335,,0
01.07 » 24.07,,Tour de France (2.UWT) ,,,,1550,,0
,19.0,Mountains classification ,,,,1550,,0
,52.0,Points classification ,,,,1550,,0
,10.0,General classification ,,,,1550,200.0,0
24.07,29.0,Stage 21 - Paris La Défense › Paris (Champs-Élysées) ,115.6,13.0,748.0,1550,,0
23.07,31.0,Stage 20 (ITT) - Lacapelle-Marival › Rocamadour ,40.7,39.0,434.0,1550,,0
22.07,27.0,Stage 19 - Castelnau-Magnoac › Cahors ,188.3,35.0,1316.0,1550,,0
21.07,14.0,Stage 18 - Lourdes › Hautacam  62k,143.2,408.0,4036.0,1550,2.0,0
20.07,12.0,Stage 17 - Saint-Gaudens › Peyragudes ,129.7,324.0,3364.0,1550,6.0,0
19.07,2.0,Stage 16 - Carcassonne › Foix  131k,178.5,204.0,3418.0,1550,70.0,1
17.07,38.0,Stage 15 - Rodez › Carcassonne ,202.5,64.0,2416.0,1550,,0
16.07,56.0,Stage 14 - Saint-Etienne › Mende ,192.5,170.0,3441.0,1550,,0
15.07,35.0,Stage 13 - Bourg d'Oisans › Saint-Etienne ,192.6,78.0,2109.0,1550,,0
14.07,18.0,Stage 12 - Briançon › L'Alpe d'Huez ,165.1,389.0,4660.0,1550,,0
13.07,13.0,Stage 11 - Albertville › Col du Granon ,151.7,400.0,4070.0,1550,4.0,0
12.07,35.0,Stage 10 - Morzine › Megève ,148.1,143.0,2733.0,1550,,0
10.07,24.0,Stage 9 - Aigle › Châtel les portes du Soleil ,192.9,223.0,3743.0,1550,,0
09.07,35.0,Stage 8 - Dole › Lausanne ,186.3,87.0,2556.0,1550,,0
08.07,22.0,Stage 7 - Tomblaine › La Super Planche des Belles Filles ,176.3,192.0,2526.0,1550,,0
07.07,53.0,Stage 6 - Binche › Longwy ,219.9,85.0,2477.0,1550,,0
06.07,29.0,Stage 5 - Lille › Wallers-Arenberg ,157.0,1.0,601.0,1550,,0
05.07,90.0,Stage 4 - Dunkerque › Calais ,171.5,63.0,1785.0,1550,,0
03.07,138.0,Stage 3 - Vejle › Sønderborg ,182.0,16.0,1280.0,1550,,0
02.07,99.0,Stage 2 - Roskilde › Nyborg ,202.2,11.0,1149.0,1550,,0
01.07,125.0,Stage 1 (ITT) - Copenhagen › Copenhagen ,13.2,0.0,21.0,1550,,0
26.06,64.0,National Championships France - Road Race (NC) ,240.0,,,400,,0
14.06,12.0,Mont Ventoux Dénivelé Challenge (1.1) ,154.0,394.0,4521.0,260,10.0,0
05.06 » 12.06,,Critérium du Dauphiné (2.UWT) ,,,,788,,0
,45.0,General classification ,,,,788,5.0,0
12.06,54.0,Stage 8 - Saint-Alban-Leysse › Plateau de Salaison ,138.8,375.0,3782.0,788,,0
11.06,40.0,Stage 7 - Saint-Chaffrey › Vaujany ,134.8,311.0,3828.0,788,,0
10.06,71.0,Stage 6 - Rives › Gap ,196.5,74.0,2958.0,788,,0
09.06,46.0,Stage 5 - Thizy-les-Bourgs › Chaintré ,162.3,60.0,1991.0,788,,0
08.06,62.0,Stage 4 (ITT) - Montbrison › La Bâtie d’Urfé ,31.9,1.0,96.0,788,,0
07.06,65.0,Stage 3 - Saint-Paulien › Chastreix-Sancy ,169.0,140.0,2707.0,788,,0
06.06,79.0,Stage 2 - Saint-Péray › Brives-Charensac ,169.8,91.0,2956.0,788,,0
05.06,97.0,Stage 1 - La Voulte-sur-Rhône › Beauchastel ,191.8,74.0,2473.0,788,,0
24.04,34.0,Liège-Bastogne-Liège (1.UWT) ,257.2,182.0,4342.0,1101,6.0,0
17.04,34.0,Paris-Roubaix (1.UWT) ,257.2,5.0,1362.0,752,6.0,0
10.04,14.0,Amstel Gold Race (1.UWT) ,254.1,112.0,3460.0,702,26.0,0
03.04,3.0,Ronde van Vlaanderen - Tour des Flandres ME (1.UWT) ,272.5,79.0,2289.0,759,150.0,1
30.03,11.0,Dwars door Vlaanderen - A travers la Flandre ME (1.UWT) ,183.7,50.0,1649.0,647,38.0,0
25.03,7.0,E3 Saxo Bank Classic (1.UWT)  59k,203.9,59.0,2010.0,636,60.0,0
20.03,32.0,Cholet - Pays de la Loire (1.1) ,202.0,41.0,1714.0,83,,0
19.03,39.0,Classic Loire Atlantique (1.1) ,182.8,83.0,2452.0,98,,0
06.03 » 13.03,,Paris - Nice (2.UWT) ,,,,1183,,0
,1.0,Mountains classification ,,,,1183,,1
,23.0,Points classification ,,,,1183,,0
,51.0,General classification ,,,,1183,5.0,0
13.03,45.0,Stage 8 - Nice › Nice ,115.6,184.0,2436.0,1183,,0
12.03,56.0,Stage 7 - Nice › Col de Turini ,155.2,303.0,3582.0,1183,,0
11.03,98.0,Stage 6 - Courthézon › Aubagne  163k,213.6,97.0,2878.0,1183,,0
10.03,7.0,Stage 5 - Saint-Just-Saint-Rambert › Saint-Sauveur-de-Montagut  145k,188.8,188.0,3408.0,1183,4.0,0
09.03,86.0,Stage 4 (ITT) - Domérat › Montluçon ,13.4,18.0,188.0,1183,,0
08.03,133.0,Stage 3 - Vierzon › Dun-le-Palestel ,190.8,63.0,1929.0,1183,,0
07.03,134.0,Stage 2 - Auffargis › Orléans ,159.2,8.0,707.0,1183,,0
06.03,33.0,Stage 1 - Mantes-la-Ville › Mantes-la-Ville ,159.8,56.0,1723.0,1183,,0
18.02 » 20.02,,Tour des Alpes Maritimes et du Var (2.1) ,,,,292,,0
,15.0,Mountains classification ,,,,292,,0
,8.0,Points classification ,,,,292,,0
,4.0,General classification ,,,,292,36.0,0
20.02,22.0,Stage 3 - Villefranche-sur-Mer › Blausasc ,112.6,178.0,2650.0,292,,0
19.02,3.0,Stage 2 - Puget-Théniers › La Turbie ,149.1,175.0,2663.0,292,7.0,1
18.02,21.0,Stage 1 - Saint-Raphaël  › La Seyne-sur-Mer ,176.3,47.0,1955.0,292,,0
