date,result,name,distance,profile,vert,startlist,points,top3
09.10,51,Paris - Tours Elite (1.Pro) ,213.5,33.0,1242.0,579,,0
06.10,66,Paris - Bourges (1.1) ,198.0,55.0,1988.0,469,,0
04.10,64,Binche -  Chimay - Binche / Mémorial Frank Vandenbroucke (1.1) ,198.6,30.0,1977.0,484,,0
02.10,69,Famenne Ardenne Classic (1.1) ,188.0,100.0,2873.0,297,,0
18.09,47,Gooikse Pijl (1.1) ,199.0,21.0,1893.0,301,,0
17.09,48,Primus Classic (1.Pro) ,199.3,51.0,1937.0,442,,0
14.09,14,Grand Prix de Wallonie (1.Pro) ,199.7,93.0,2754.0,362,14.0,0
04.09,19,Tour du Doubs (1.1) ,204.0,104.0,2974.0,314,2.0,0
28.08,31,Bretagne Classic - Ouest-France (1.UWT) ,254.8,95.0,3116.0,812,5.0,0
24.08,16,Druivenkoers - Overijse (1.1) ,192.0,51.0,1629.0,389,5.0,0
23.08,52,Egmont Cycling Race (1.1) ,198.0,13.0,1431.0,293,,0
21.08,46,Schaal Sels Merksem/ Johan Museeuw Classic (1.1) ,114.7,0.0,101.0,93,,0
10.08,3,Circuit Franco-Belge (1.Pro) ,175.2,78.0,2007.0,344,60.0,1
07.08,1,Tour of Leuven - Memorial Jef Scherens (1.1) ,199.3,41.0,1911.0,265,75.0,1
23.07 » 27.07,,Ethias-Tour de Wallonie (2.Pro) ,,,,378,,0
,1,Mountains classification ,,,,378,,1
,16,General classification ,,,,378,16.0,0
27.07,64,Stage 5 - Le Roeulx › Chapelle-lez-Herlaimont ,214.8,29.0,1703.0,378,,0
26.07,14,Stage 4 - Durbuy › Couvin ,200.8,136.0,3289.0,378,,0
25.07,47,Stage 3 - Visé › Rochefort ,195.6,95.0,2850.0,378,,0
24.07,20,Stage 2 - Verviers › Herve  133k,176.8,121.0,2748.0,378,,0
23.07,34,Stage 1 - Temploux › Huy ,174.4,98.0,2257.0,378,,0
26.06,58,National Championships Belgium - Road Race (NC) ,208.7,,,409,,0
23.06,3,National Championships Belgium - ITT (NC) ,34.8,,,80,2.0,1
15.06 » 19.06,,Baloise Belgium Tour (2.Pro) ,,,,384,,0
,18,Points classification ,,,,384,,0
,5,General classification ,,,,384,70.0,0
19.06,22,Stage 5 - Gingelom › Beringen ,179.9,1.0,685.0,384,,0
18.06,6,Stage 4 - Durbuy › Durbuy  79k,172.2,182.0,3326.0,384,3.0,0
17.06,12,Stage 3 (ITT) - Scherpenheuvel-Zichem › Scherpenheuvel-Zichem ,11.8,0.0,49.0,384,,0
16.06,125,Stage 2 - Beveren › Knokke-Heist ,175.6,0.0,181.0,384,,0
15.06,31,Stage 1 - Merelbeke › Maarkedal ,165.0,59.0,1798.0,384,,0
11.06,31,Dwars door het Hageland (1.Pro) ,177.0,24.0,1065.0,234,,0
06.06,31,Ronde van Limburg (1.1) ,202.6,32.0,1651.0,312,,0
05.06,35,Brussels Cycling Classic (1.Pro) ,203.9,33.0,1850.0,362,,0
29.05,20,Marcel Kint Classic (1.1) ,199.0,40.0,1599.0,143,1.0,0
17.04,OTL,Paris-Roubaix (1.UWT) ,257.2,5.0,1362.0,752,,0
13.04,55,De Brabantse Pijl - La Flèche Brabançonne (1.Pro) ,205.1,71.0,2034.0,534,,0
10.04,DNF,Amstel Gold Race (1.UWT) ,254.1,112.0,3460.0,702,,0
03.04,33,Ronde van Vlaanderen - Tour des Flandres ME (1.UWT) ,272.5,79.0,2289.0,759,7.0,0
30.03,4,Dwars door Vlaanderen - A travers la Flandre ME (1.UWT)  68k,183.7,50.0,1649.0,647,90.0,0
27.03,33,Gent-Wevelgem in Flanders Fields ME (1.UWT) ,248.8,35.0,1377.0,838,5.0,0
25.03,DNF,E3 Saxo Bank Classic (1.UWT) ,203.9,59.0,2010.0,636,,0
18.03,32,Bredene Koksijde Classic (1.Pro) ,200.9,10.0,696.0,230,,0
16.03,26,Danilith Nokere Koerse (1.Pro) ,189.8,14.0,1127.0,229,,0
05.03,DNF,Strade Bianche (1.UWT) ,184.0,167.0,3107.0,662,,0
01.03,6,Le Samyn (1.1) ,209.0,10.0,1541.0,298,24.0,0
26.02,5,Omloop Het Nieuwsblad ME (1.UWT) ,204.2,49.0,1666.0,749,80.0,0
