date,result,name,distance,profile,vert,startlist,points,top3
08.10,24.0,Il Lombardia (1.UWT) ,253.0,278.0,4852.0,1019,16.0,0
04.10,13.0,Tre Valli Varesine (1.Pro) ,196.3,152.0,3464.0,922,16.0,0
29.09,8.0,Coppa Agostoni - Giro delle Brianze (1.1) ,193.0,121.0,3189.0,358,18.0,0
19.08 » 11.09,,La Vuelta ciclista a España (2.UWT) ,,,,970,,0
,51.0,Mountains classification ,,,,970,,0
,45.0,General classification ,,,,970,20.0,0
11.09,65.0,Stage 21 - Las Rozas › Madrid ,96.7,10.0,773.0,970,,0
10.09,33.0,Stage 20 - Moralzarzal › Puerto de Navacerrada  126k,181.0,216.0,3977.0,970,,0
09.09,23.0,Stage 19 - Talavera de la Reina › Talavera de la Reina ,138.3,101.0,2278.0,970,,0
08.09,58.0,Stage 18 - Trujillo › Alto del Piornal  105k,192.0,214.0,3680.0,970,,0
07.09,51.0,Stage 17 - Aracena › Monasterio de Tentudía ,162.3,161.0,2755.0,970,,0
06.09,42.0,Stage 16 - Sanlúcar de Barrameda › Tomares ,189.4,28.0,1076.0,970,,0
04.09,59.0,Stage 15 - Martos › Sierra Nevada  124k,152.6,407.0,4033.0,970,,0
03.09,43.0,Stage 14 - Montoro › Sierra de La Pandera ,160.3,278.0,3312.0,970,,0
02.09,101.0,Stage 13 - Ronda › Montilla ,168.4,54.0,1766.0,970,,0
01.09,88.0,Stage 12 - Salobreña › Peñas Blancas. Estepona ,192.7,273.0,3238.0,970,,0
31.08,57.0,Stage 11 - ElPozo Alimentación › Cabo de Gata ,191.2,38.0,1592.0,970,,0
30.08,94.0,Stage 10 (ITT) - Elche › Alicante ,30.9,4.0,179.0,970,,0
28.08,83.0,Stage 9 - Villaviciosa › Les Praeres. Nava ,171.4,242.0,3675.0,970,,0
27.08,81.0,Stage 8 - La Pola Llaviana/Pola de Laviana › Colláu Fancuaya ,153.4,335.0,3741.0,970,,0
26.08,44.0,Stage 7 - Camargo › Cistierna ,190.0,112.0,3359.0,970,,0
25.08,60.0,Stage 6 - Bilbao › Ascensión al Pico Jano. San Miguel de Aguayo ,181.2,294.0,4120.0,970,,0
24.08,71.0,Stage 5 - Irún › Bilbao ,187.2,162.0,2978.0,970,,0
23.08,60.0,Stage 4 - Vitoria-Gasteiz › Laguardia ,152.5,133.0,2319.0,970,,0
21.08,32.0,Stage 3 - Breda › Breda ,193.2,0.0,255.0,970,,0
20.08,27.0,Stage 2 - 's-Hertogenbosch › Utrecht ,175.1,10.0,518.0,970,,0
19.08,11.0,Stage 1 (TTT) - Utrecht › Utrecht ,23.3,0.0,31.0,970,,0
02.08 » 06.08,,Vuelta a Burgos (2.Pro) ,,,,356,,0
,27.0,Mountains classification ,,,,356,,0
,13.0,Points classification ,,,,356,,0
,11.0,General classification ,,,,356,36.0,0
06.08,17.0,Stage 5 - Lermas › Lagunas de Neila ,170.0,196.0,2792.0,356,,0
05.08,29.0,Stage 4 - Torresandino › Ciudad Romana de Clunia ,169.0,29.0,1361.0,356,,0
04.08,8.0,Stage 3 - Quintana Martín Galíndez › Villarcayo ,156.0,155.0,2324.0,356,1.0,0
03.08,42.0,Stage 2 - Vivar del Cid › Villadiego ,158.0,39.0,1659.0,356,,0
02.08,5.0,Stage 1 - Burgos › Burgos ,157.0,45.0,1521.0,356,4.0,0
30.07,21.0,Donostia San Sebastian Klasikoa (1.UWT) ,224.8,231.0,4147.0,724,14.0,0
27.07 » 28.07,,Vuelta a Castilla y Leon (2.1) ,,,,141,,0
,26.0,General classification ,,,,141,,0
28.07,33.0,Stage 2 - Guijuelo › Guijuelo ,189.3,115.0,3105.0,141,,0
27.07,25.0,Stage 1 - Benavente › Morales del Vino ,156.7,50.0,1879.0,141,,0
25.07,46.0,Prueba Villafranca - Ordiziako Klasika (1.1) ,165.7,126.0,2391.0,151,,0
26.06,21.0,National Championships Italy - Road Race (NC) ,237.1,,,202,,0
06.05 » 29.05,,Giro d'Italia (2.UWT) ,,,,816,,0
,33.0,Mountains classification ,,,,816,,0
,61.0,Points classification ,,,,816,,0
,4.0,General classification ,,,,816,220.0,0
29.05,49.0,Stage 21 (ITT) - Verona › Verona ,17.4,30.0,317.0,816,,0
28.05,17.0,Stage 20 - Belluno › Marmolada (Passo Fedaia) ,168.0,392.0,4718.0,816,,0
27.05,13.0,Stage 19 - Marano Lagunare › Santuario di Castelmonte ,178.0,262.0,3489.0,816,3.0,0
26.05,36.0,Stage 18 - Borgo Valsugana › Treviso ,156.0,34.0,1219.0,816,,0
25.05,17.0,Stage 17 - Ponte di Legno › Lavarone ,168.0,347.0,3950.0,816,,0
24.05,9.0,Stage 16 - Salò › Aprica ,202.0,376.0,5268.0,816,8.0,0
22.05,18.0,Stage 15 - Rivarolo Canavese › Cogne ,177.0,301.0,4019.0,816,,0
21.05,4.0,Stage 14 - Santena › Torino  68k,147.0,247.0,3167.0,816,25.0,0
20.05,35.0,Stage 13 - Sanremo › Cuneo ,150.0,51.0,1817.0,816,,0
19.05,54.0,Stage 12 - Parma › Genova ,204.0,112.0,2867.0,816,,0
18.05,55.0,Stage 11 - Santarcangelo di Romagna › Reggio Emilia ,203.0,0.0,369.0,816,,0
17.05,15.0,Stage 10 - Pescara › Jesi ,196.0,86.0,1764.0,816,1.0,0
15.05,8.0,Stage 9 - Isernia › Blockhaus ,191.0,458.0,5080.0,816,10.0,0
14.05,36.0,Stage 8 - Napoli › Napoli ,153.0,123.0,2243.0,816,,0
13.05,22.0,Stage 7 - Diamante › Potenza ,196.0,246.0,4730.0,816,,0
12.05,43.0,Stage 6 - Palmi › Scalea ,192.0,49.0,1498.0,816,,0
11.05,34.0,Stage 5 - Catania › Messina ,174.0,31.0,1968.0,816,,0
10.05,31.0,Stage 4 - Avola › Etna ,172.0,251.0,3626.0,816,,0
08.05,53.0,Stage 3 - Kaposvár › Balatonfüred ,201.0,7.0,1150.0,816,,0
07.05,12.0,Stage 2 (ITT) - Budapest › Budapest ,9.2,8.0,81.0,816,4.0,0
06.05,21.0,Stage 1 - Budapest › Visegrád ,195.0,51.0,1390.0,816,,0
24.04,30.0,Liège-Bastogne-Liège (1.UWT) ,257.2,182.0,4342.0,1101,10.0,0
20.04,34.0,La Flèche Wallonne (1.UWT) ,202.1,173.0,3160.0,974,5.0,0
12.04 » 15.04,,Giro di Sicilia - Tour of Sicily (2.1) ,,,,104,,0
,9.0,Mountains classification ,,,,104,,0
,3.0,Points classification ,,,,104,,1
,4.0,General classification ,,,,104,36.0,0
15.04,4.0,Stage 4 - Ragalna › Etna ,140.0,313.0,3562.0,104,5.0,0
14.04,6.0,Stage 3 - Realmonte › Piazza Armerina ,171.0,125.0,2813.0,104,3.0,0
13.04,2.0,Stage 2 - Palma di Montechiaro › Caltanissetta ,152.0,117.0,2433.0,104,12.0,1
12.04,37.0,Stage 1 - Milazzo › Bagheria ,199.0,38.0,1629.0,104,,0
27.03,13.0,GP Industria  (1.Pro) ,192.2,93.0,2259.0,133,16.0,0
22.03 » 26.03,,Settimana Internazionale Coppi e Bartali (2.1) ,,,,253,,0
,11.0,General classification ,,,,253,12.0,0
26.03,29.0,Stage 5 - Casalguidi › Cantagrillo ,160.0,143.0,2051.0,253,,0
25.03,28.0,Stage 4 - Montecatini › Montecatini ,158.7,97.0,2446.0,253,,0
24.03,15.0,Stage 3 - San Marino › San Marino ,147.0,326.0,3963.0,253,,0
23.03,16.0,Stage 2 - Riccione › Longiano ,165.9,162.0,2686.0,253,,0
22.03,19.0,Stage 1 - Riccione › Riccione ,164.6,155.0,2969.0,253,,0
16.03,54.0,Milano - Torino (1.Pro) ,199.0,21.0,1166.0,405,,0
02.02 » 06.02,,Volta a la Comunitat Valenciana (2.Pro) ,,,,610,,0
,41.0,Points classification ,,,,610,,0
,16.0,General classification ,,,,610,16.0,0
06.02,58.0,Stage 5 - Paterna › Valencia  71k,92.0,12.0,706.0,610,,0
05.02,26.0,Stage 4 - Orihuela › Torrevieja  ,193.1,19.0,1237.0,610,,0
04.02,17.0,Stage 3 - Alicante › Antenas del Maigmó ,155.1,286.0,3628.0,610,,0
03.02,27.0,Stage 2 - Bétera › Torrent ,171.5,83.0,2429.0,610,,0
02.02,22.0,Stage 1 - Les Alqueries › Torralba del Pinar ,166.7,162.0,3164.0,610,,0
