date,result,name,distance,profile,vert,startlist,points,top3
08.10,12,Il Lombardia (1.UWT) ,253.0,278.0,4852.0,1019,42.0,0
04.10,45,Tre Valli Varesine (1.Pro) ,196.3,152.0,3464.0,922,,0
14.09,10,Grand Prix de Wallonie (1.Pro) ,199.7,93.0,2754.0,362,22.0,0
11.09,10,Grand Prix Cycliste de Montréal (1.UWT) ,221.4,182.0,4124.0,864,42.0,0
09.09,10,Grand Prix Cycliste de Québec (1.UWT) ,201.6,60.0,2508.0,866,42.0,0
28.08,13,Bretagne Classic - Ouest-France (1.UWT) ,254.8,95.0,3116.0,812,30.0,0
16.08 » 19.08,,Tour du Limousin - Nouvelle Aquitaine (2.1) ,,,,335,,0
,6,Mountains classification ,,,,335,,0
,20,General classification ,,,,335,1.0,0
19.08,29,Stage 4 - Saint-Laurent-sur-Gorre › Limoges ,174.8,84.0,2488.0,335,,0
18.08,20,Stage 3 - Donzenac › Malemort  ,181.7,145.0,3016.0,335,,0
17.08,15,Stage 2 - Le Grand Périgueux Champcevinel › Ribérac  ,184.7,33.0,1931.0,335,,0
16.08,14,Stage 1 - Verneuil-sur-Vienne › La Souterraine  ,176.4,41.0,1984.0,335,,0
14.08,16,La Polynormande (1.1) ,168.9,59.0,2156.0,229,5.0,0
01.07 » 24.07,,Tour de France (2.UWT) ,,78.0,2109.0,1550,,0
15.07,DNS,Stage 13 - Bourg d'Oisans › Saint-Etienne ,192.6,78.0,2109.0,1550,,0
14.07,102,Stage 12 - Briançon › L'Alpe d'Huez ,165.1,389.0,4660.0,1550,,0
13.07,9,Stage 11 - Albertville › Col du Granon  86k,151.7,400.0,4070.0,1550,14.0,0
12.07,51,Stage 10 - Morzine › Megève ,148.1,143.0,2733.0,1550,,0
10.07,35,Stage 9 - Aigle › Châtel les portes du Soleil  129k,192.9,223.0,3743.0,1550,,0
09.07,25,Stage 8 - Dole › Lausanne ,186.3,87.0,2556.0,1550,,0
08.07,33,Stage 7 - Tomblaine › La Super Planche des Belles Filles ,176.3,192.0,2526.0,1550,,0
07.07,54,Stage 6 - Binche › Longwy ,219.9,85.0,2477.0,1550,,0
06.07,38,Stage 5 - Lille › Wallers-Arenberg ,157.0,1.0,601.0,1550,,0
05.07,85,Stage 4 - Dunkerque › Calais ,171.5,63.0,1785.0,1550,,0
03.07,60,Stage 3 - Vejle › Sønderborg ,182.0,16.0,1280.0,1550,,0
02.07,76,Stage 2 - Roskilde › Nyborg ,202.2,11.0,1149.0,1550,,0
01.07,99,Stage 1 (ITT) - Copenhagen › Copenhagen ,13.2,0.0,21.0,1550,,0
26.06,4,National Championships France - Road Race (NC) ,240.0,,,400,4.0,0
05.06 » 12.06,,Critérium du Dauphiné (2.UWT) ,,,,788,,0
,19,Mountains classification ,,,,788,,0
,7,Points classification ,,,,788,,0
,24,General classification ,,,,788,12.0,0
12.06,15,Stage 8 - Saint-Alban-Leysse › Plateau de Salaison ,138.8,375.0,3782.0,788,,0
11.06,39,Stage 7 - Saint-Chaffrey › Vaujany ,134.8,311.0,3828.0,788,,0
10.06,3,Stage 6 - Rives › Gap  140k,196.5,74.0,2958.0,788,18.0,1
09.06,45,Stage 5 - Thizy-les-Bourgs › Chaintré ,162.3,60.0,1991.0,788,,0
08.06,76,Stage 4 (ITT) - Montbrison › La Bâtie d’Urfé ,31.9,1.0,96.0,788,,0
07.06,54,Stage 3 - Saint-Paulien › Chastreix-Sancy ,169.0,140.0,2707.0,788,,0
06.06,29,Stage 2 - Saint-Péray › Brives-Charensac ,169.8,91.0,2956.0,788,,0
05.06,53,Stage 1 - La Voulte-sur-Rhône › Beauchastel ,191.8,74.0,2473.0,788,,0
31.05,16,Mercan'Tour Classic Alpes-Maritimes (1.1) ,167.9,350.0,4739.0,247,5.0,0
22.05,14,Boucles de l'Aulne - Châteaulin (1.1) ,175.2,86.0,2848.0,133,7.0,0
21.05,8,Tour du Finistère (1.1) ,193.3,115.0,2860.0,137,18.0,0
24.04,15,Liège-Bastogne-Liège (1.UWT) ,257.2,182.0,4342.0,1101,30.0,0
20.04,9,La Flèche Wallonne (1.UWT) ,202.1,173.0,3160.0,974,46.0,0
13.04,3,De Brabantse Pijl - La Flèche Brabançonne (1.Pro) ,205.1,71.0,2034.0,534,60.0,1
10.04,21,Amstel Gold Race (1.UWT) ,254.1,112.0,3460.0,702,14.0,0
02.04,1,Gran Premio Miguel Indurain (1.Pro) ,190.0,114.0,2878.0,372,125.0,1
07.03 » 13.03,,Tirreno-Adriatico (2.UWT) ,,,,1061,,0
,7,Mountains classification ,,,,1061,,0
,10,Points classification ,,,,1061,,0
,20,General classification ,,,,1061,20.0,0
13.03,76,Stage 7 - San Benedetto del Tronto › San Benedetto del Tronto ,159.0,19.0,1296.0,1061,,0
12.03,18,Stage 6 - Apecchio › Carpegna ,215.0,266.0,3817.0,1061,,0
11.03,1,Stage 5 - Sefro › Fermo  91k,155.0,191.0,2402.0,1061,50.0,1
10.03,52,Stage 4 - Cascata delle Marmore › Bellante  156k,202.0,131.0,3092.0,1061,,0
09.03,92,Stage 3 - Murlo › Terni ,170.0,53.0,2063.0,1061,,0
08.03,109,Stage 2 - Camaiore › Sovicille ,219.0,70.0,2144.0,1061,,0
07.03,147,Stage 1 (ITT) - Lido di Camaiore › Lido di Camaiore ,13.9,0.0,4.0,1061,,0
05.03,27,Strade Bianche (1.UWT) ,184.0,167.0,3107.0,662,8.0,0
27.02,9,Drôme Classic (1.Pro) ,191.5,127.0,2371.0,464,26.0,0
26.02,8,Faun-Ardèche Classic (1.Pro) ,168.5,216.0,3161.0,453,30.0,0
16.02 » 20.02,,Volta ao Algarve em Bicicleta (2.Pro) ,,,,502,,0
,15,General classification ,,,,502,20.0,0
20.02,17,Stage 5 - Lagoa › Malhão (Loulé) ,173.0,199.0,3056.0,502,,0
19.02,31,Stage 4 (ITT) - Vila Real de Santo António › Tavira ,32.2,26.0,407.0,502,,0
18.02,42,Stage 3 - Almodôvar › Faro ,211.4,48.0,2000.0,502,,0
17.02,11,Stage 2 - Albufeira › Fóia (Monchique) ,182.4,197.0,3183.0,502,,0
16.02,47,Stage 1 - Portimão  › Lagos ,199.1,42.0,2124.0,502,,0
14.02,7,Clásica Jaén Paraiso Interior (1.1) ,187.8,180.0,3064.0,166,20.0,0
12.02,7,Vuelta Ciclista a la Region de Murcia Costa Calida (1.1) ,183.2,94.0,2331.0,197,20.0,0
29.01,14,Trofeo Pollença - Port d'Andratx (1.1) ,170.1,207.0,3429.0,366,7.0,0
28.01,8,Trofeo Serra de Tramuntana (1.1) ,158.9,170.0,3217.0,352,18.0,0
26.01,12,Trofeo Calvia (1.1) ,154.7,154.0,3211.0,305,10.0,0
