date,result,name,distance,profile,vert,startlist,points,top3
25.09,4.0,World Championships ME - Road Race (WC) ,266.9,160.0,4167.0,1053,150.0,0
11.09,2.0,Grand Prix Cycliste de Montréal (1.UWT) ,221.4,182.0,4124.0,864,150.0,1
09.09,4.0,Grand Prix Cycliste de Québec (1.UWT) ,201.6,60.0,2508.0,866,90.0,0
28.08,1.0,Bretagne Classic - Ouest-France (1.UWT) ,254.8,95.0,3116.0,812,225.0,1
21.08,2.0,BEMER Cyclassics (1.UWT) ,204.7,30.0,892.0,651,150.0,1
01.07 » 24.07,,Tour de France (2.UWT) ,,,,1550,,0
,5.0,Mountains classification ,,,,1550,,0
,1.0,Points classification ,,,,1550,100.0,1
,21.0,General classification ,,,,1550,95.0,0
24.07,77.0,Stage 21 - Paris La Défense › Paris (Champs-Élysées) ,115.6,13.0,748.0,1550,,0
23.07,1.0,Stage 20 (ITT) - Lacapelle-Marival › Rocamadour ,40.7,39.0,434.0,1550,100.0,1
22.07,70.0,Stage 19 - Castelnau-Magnoac › Cahors ,188.3,35.0,1316.0,1550,,0
21.07,3.0,Stage 18 - Lourdes › Hautacam  103k,143.2,408.0,4036.0,1550,50.0,1
20.07,49.0,Stage 17 - Saint-Gaudens › Peyragudes ,129.7,324.0,3364.0,1550,,0
19.07,13.0,Stage 16 - Carcassonne › Foix  146k,178.5,204.0,3418.0,1550,4.0,0
17.07,2.0,Stage 15 - Rodez › Carcassonne ,202.5,64.0,2416.0,1550,70.0,1
16.07,47.0,Stage 14 - Saint-Etienne › Mende ,192.5,170.0,3441.0,1550,,0
15.07,7.0,Stage 13 - Bourg d'Oisans › Saint-Etienne ,192.6,78.0,2109.0,1550,22.0,0
14.07,46.0,Stage 12 - Briançon › L'Alpe d'Huez ,165.1,389.0,4660.0,1550,,0
13.07,24.0,Stage 11 - Albertville › Col du Granon  115k,151.7,400.0,4070.0,1550,,0
12.07,64.0,Stage 10 - Morzine › Megève ,148.1,143.0,2733.0,1550,,0
10.07,50.0,Stage 9 - Aigle › Châtel les portes du Soleil  127k,192.9,223.0,3743.0,1550,,0
09.07,1.0,Stage 8 - Dole › Lausanne ,186.3,87.0,2556.0,1550,100.0,1
08.07,99.0,Stage 7 - Tomblaine › La Super Planche des Belles Filles ,176.3,192.0,2526.0,1550,,0
07.07,102.0,Stage 6 - Binche › Longwy  146k,219.9,85.0,2477.0,1550,,0
06.07,15.0,Stage 5 - Lille › Wallers-Arenberg ,157.0,1.0,601.0,1550,1.0,0
05.07,1.0,Stage 4 - Dunkerque › Calais ,171.5,63.0,1785.0,1550,100.0,1
03.07,2.0,Stage 3 - Vejle › Sønderborg ,182.0,16.0,1280.0,1550,70.0,1
02.07,2.0,Stage 2 - Roskilde › Nyborg ,202.2,11.0,1149.0,1550,70.0,1
01.07,2.0,Stage 1 (ITT) - Copenhagen › Copenhagen ,13.2,0.0,21.0,1550,70.0,1
05.06 » 12.06,,Critérium du Dauphiné (2.UWT) ,,,,788,,0
,32.0,Mountains classification ,,,,788,,0
,1.0,Points classification ,,,,788,,1
,49.0,General classification ,,,,788,5.0,0
12.06,69.0,Stage 8 - Saint-Alban-Leysse › Plateau de Salaison ,138.8,375.0,3782.0,788,,0
11.06,64.0,Stage 7 - Saint-Chaffrey › Vaujany ,134.8,311.0,3828.0,788,,0
10.06,11.0,Stage 6 - Rives › Gap ,196.5,74.0,2958.0,788,,0
09.06,1.0,Stage 5 - Thizy-les-Bourgs › Chaintré ,162.3,60.0,1991.0,788,50.0,1
08.06,2.0,Stage 4 (ITT) - Montbrison › La Bâtie d’Urfé ,31.9,1.0,96.0,788,30.0,1
07.06,2.0,Stage 3 - Saint-Paulien › Chastreix-Sancy ,169.0,140.0,2707.0,788,30.0,1
06.06,6.0,Stage 2 - Saint-Péray › Brives-Charensac ,169.8,91.0,2956.0,788,7.0,0
05.06,1.0,Stage 1 - La Voulte-sur-Rhône › Beauchastel ,191.8,74.0,2473.0,788,50.0,1
24.04,3.0,Liège-Bastogne-Liège (1.UWT) ,257.2,182.0,4342.0,1101,150.0,1
17.04,2.0,Paris-Roubaix (1.UWT) ,257.2,5.0,1362.0,752,200.0,1
27.03,12.0,Gent-Wevelgem in Flanders Fields ME (1.UWT) ,248.8,35.0,1377.0,838,34.0,0
25.03,1.0,E3 Saxo Bank Classic (1.UWT)  79k,203.9,59.0,2010.0,636,225.0,1
19.03,8.0,Milano-Sanremo (1.UWT) ,293.0,63.0,2096.0,936,70.0,0
06.03 » 13.03,,Paris - Nice (2.UWT) ,,,,1183,,0
,2.0,Mountains classification ,,,,1183,,1
,1.0,Points classification ,,,,1183,,1
,32.0,General classification ,,,,1183,5.0,0
13.03,2.0,Stage 8 - Nice › Nice ,115.6,184.0,2436.0,1183,30.0,1
12.03,62.0,Stage 7 - Nice › Col de Turini ,155.2,303.0,3582.0,1183,,0
11.03,3.0,Stage 6 - Courthézon › Aubagne ,213.6,97.0,2878.0,1183,18.0,1
10.03,98.0,Stage 5 - Saint-Just-Saint-Rambert › Saint-Sauveur-de-Montagut ,188.8,188.0,3408.0,1183,,0
09.03,1.0,Stage 4 (ITT) - Domérat › Montluçon ,13.4,18.0,188.0,1183,50.0,1
08.03,3.0,Stage 3 - Vierzon › Dun-le-Palestel ,190.8,63.0,1929.0,1183,18.0,1
07.03,2.0,Stage 2 - Auffargis › Orléans ,159.2,8.0,707.0,1183,30.0,1
06.03,3.0,Stage 1 - Mantes-la-Ville › Mantes-la-Ville ,159.8,56.0,1723.0,1183,18.0,1
26.02,1.0,Omloop Het Nieuwsblad ME (1.UWT) ,204.2,49.0,1666.0,749,225.0,1
